CREATE DATABASE sellective;

USE sellective;

CREATE TABLE IF NOT EXISTS Buyers(
    buyerId int PRIMARY KEY AUTO_INCREMENT,
    firstName varchar(40),
    lastName varchar(40),
    email varchar(50) UNIQUE,
    phone varchar(15) UNIQUE,
    street varchar(40),
    city varchar(40),
    state varchar(40),
    zip varchar(40)
);

CREATE TABLE IF NOT EXISTS Sellers (
    sellerId int PRIMARY KEY AUTO_INCREMENT,
    firstName varchar(40),
    lastName varchar(40),
    email varchar(50) UNIQUE,
    phone varchar(15) UNIQUE,
    street varchar(40),
    city varchar(40),
    state varchar(40),
    zip varchar(40)
);

CREATE TABLE IF NOT EXISTS ProductCategories(
    categoryId int PRIMARY KEY AUTO_INCREMENT,
    categoryName varchar(40)
);

CREATE TABLE IF NOT EXISTS Authenticators (
    authenticatorId int PRIMARY KEY AUTO_INCREMENT,
    firstName varchar(40),
    lastName varchar(40),
    email varchar(50) UNIQUE,
    phone varchar(15) UNIQUE,
    street varchar(40),
    city varchar(40),
    state varchar(40),
    zip varchar(40)
);

CREATE TABLE IF NOT EXISTS Products(
    productId int PRIMARY KEY AUTO_INCREMENT,
    name varchar(100),
    categoryId int,
    CONSTRAINT productCategories
        FOREIGN KEY (categoryId) references ProductCategories (categoryId)
            ON DELETE RESTRICT
);



CREATE TABLE IF NOT EXISTS Listings(
    listingId int PRIMARY KEY AUTO_INCREMENT,
    timeListed DATETIME DEFAULT CURRENT_TIMESTAMP,
    quantity int,
    price decimal(10,2),
    title text,
    description text,
    sellerId int,
    productId int
);

ALTER TABLE Listings
ADD FOREIGN KEY (sellerId) references Sellers (sellerId),
ADD FOREIGN KEY (productId) references Products (productId);

CREATE TABLE IF NOT EXISTS Orders (
    orderId int PRIMARY KEY AUTO_INCREMENT,
    amountPaid decimal(10,2),
    completed boolean,
    dateShipped DATE,
    quantity int,
    buyerId int,
    sellerId int,
    authenticatorID int,
    listingID int,
    isAuthenticated boolean
);

ALTER TABLE Orders
ADD FOREIGN KEY (buyerId) references Buyers (buyerId),
ADD FOREIGN KEY (sellerId) references Sellers (sellerId),
ADD FOREIGN KEY (authenticatorId) references Authenticators (authenticatorId),
ADD FOREIGN KEY (listingId) references Listings (listingId);


CREATE TABLE IF NOT EXISTS ListingReviews(
    reviewId int PRIMARY KEY AUTO_INCREMENT,
    likes int,
    dislikes int,
    timePosted DATETIME DEFAULT CURRENT_TIMESTAMP,
    reviewComment text,
    buyerId int,
    listingId int,
    FOREIGN KEY (buyerId) references Buyers (buyerId),
    FOREIGN KEY (listingId) references Listings (listingId)
        ON DELETE CASCADE
);

CREATE TABLE IF NOT EXISTS ListingReviewResponses (
    responseId int PRIMARY KEY AUTO_INCREMENT,
    responseComment text,
    timePosted DATETIME DEFAULT CURRENT_TIMESTAMP,
    reviewID int,
    FOREIGN KEY (reviewId) references ListingReviews (reviewId)
        ON DELETE CASCADE

);

CREATE TABLE IF NOT EXISTS AuthenticatorListingNotes(
    noteID int PRIMARY KEY AUTO_INCREMENT,
    noteComment text,
    timePosted DATETIME DEFAULT CURRENT_TIMESTAMP,
    listingId int,
    authenticatorId int,
    FOREIGN KEY (listingId) references Listings (listingId),
    FOREIGN KEY (authenticatorId) references Authenticators (authenticatorId)
);

CREATE TABLE IF NOT EXISTS SellerReviews (
    reviewId int PRIMARY KEY AUTO_INCREMENT,
    likes int,
    dislikes int,
    timePosted DATETIME DEFAULT CURRENT_TIMESTAMP,
    reviewComment text,
    buyerId int,
    sellerId int,
    FOREIGN KEY (buyerId) references Buyers (buyerID),
    FOREIGN KEY (sellerID) references Sellers (sellerId)
        ON DELETE CASCADE
);


CREATE TABLE IF NOT EXISTS SellerReviewResponses(
    responseId int PRIMARY KEY AUTO_INCREMENT,
    responseComment text,
    timePosted DATETIME DEFAULT CURRENT_TIMESTAMP,
    reviewId int,
    FOREIGN KEY (reviewId) references SellerReviews (reviewId)
        ON DELETE CASCADE
);

# INSERT INTO Buyers (buyerId, firstName, lastName, email, phone, street, city, state, zip)
# VALUES (1, 'John', 'Smith', 'smith.j@gmail.com', '123-456-7890', '1 Columbus Ave.', 'Boston', 'MA', '02120');
#
# INSERT INTO Buyers (buyerId, firstName, lastName, email, phone, street, city, state, zip)
# VALUES (2, 'Mary', 'Smith', 'smith.m@gmail.com', '333-456-7890', '12 Columbus Ave.', 'Boston', 'MA', '02120');
#
# INSERT INTO Sellers (sellerId, firstName, lastName, email, phone, street, city, state, zip)
# VALUES (1, 'Mark', 'Jones', 'markjones@gmail.com', '141-414-1414', '133 Huntington Ave.', 'Boston', 'MA', '02120');
#
# INSERT INTO Sellers (sellerId, firstName, lastName, email, phone, street, city, state, zip)
# VALUES (2, 'Neil', 'Doud', 'ndoud1@gnu.or', '843-388-9306', '7186 Independence Hill', 'Baton Rouge', 'LA', '70805');
#
# INSERT INTO Authenticators (authenticatorId, firstName, lastName, email, phone, street, city, state, zip)
# VALUES (1, 'Zane', 'Warboy', 'zwarboy5@hp.com', '480-313-9192', '49 Hoffman Avenue', 'Phoenix', 'AZ', '85025');
#
# INSERT INTO Authenticators (authenticatorId, firstName, lastName, email, phone, street, city, state, zip)
# VALUES (2, 'Lynea', 'Brindley', 'lbrindley8@noaa.gov', '405-635-2364', '72 Eagan Lane', 'Oklahoma City', 'OK', '73190');
#
# INSERT INTO ProductCategories (categoryId, categoryName)
# VALUES (1, 'Pokemon Cards');
#
# INSERT INTO ProductCategories (categoryId, categoryName)
# VALUES (2, 'Baseball Cards');
#
# INSERT INTO Products (productId, name, categoryId)
# VALUES (1, 'Pikachu Card', 1);
#
# INSERT INTO Products (productId, name, categoryId)
# VALUES (2, 'Mike Trout Rookie Card', 2);
#
# INSERT INTO Listings (listingID, quantity, price, title, description, sellerId, productId)
# VALUES (1, 4, 99.99, 'BRAND NEW SET OF 4 PIKACHU CARDS', 'These are 4 brand new Pikachu cards. They are very rare and in great condition',
#         1, 1);
#
# INSERT INTO Listings (listingID, quantity, price, title, description, sellerId, productId)
# VALUES (2, 1, 111.00, 'Mike Trout Rookie Card', 'Mike Trout Topps Rookie Card',
#         2, 2);
#
# INSERT INTO ListingReviews (reviewId, likes, dislikes, reviewComment, buyerId, listingId)
# VALUES (1, 0, 0, 'I love pikachu cards', 1, 1);
#
# INSERT INTO ListingReviews (reviewId, likes, dislikes, reviewComment, buyerId, listingId)
# VALUES (2, 1, 1, 'This listing looks suspicious!', 2, 2);
#
# INSERT INTO ListingReviewResponses (responseId, responseComment, reviewID)
# VALUES (1, 'I agree', 1);
#
# INSERT INTO ListingReviewResponses (responseId, responseComment, reviewID)
# VALUES (2, 'This listing looks fake.', 2);
#
# INSERT INTO SellerReviews (reviewId, likes, dislikes, reviewComment, buyerId, sellerId)
# VALUES(1, 0, 0, 'This seller is very trustworthy', 1, 1);
#
# INSERT INTO SellerReviews (reviewId, likes, dislikes, reviewComment, buyerId, sellerId)
# VALUES(2, 1, 0, 'Fast shipping and very high quality', 2, 2);
#
# INSERT INTO SellerReviewResponses (responseID, responseComment, reviewId)
# VALUES(1, 'Yeah', 1);
#
# INSERT INTO SellerReviewResponses (responseID, responseComment, reviewId)
# VALUES(2, 'I had the same experience', 2);
#
# INSERT INTO Orders (orderId, amountPaid, completed, dateShipped, quantity, buyerId, sellerId, authenticatorID, listingID, isAuthenticated)
# VALUES(1, 99.99, true, null, 4, 1, 1, 1, 1, true);
#
# INSERT INTO Orders (orderId, amountPaid, completed, dateShipped, quantity, buyerId, sellerId, authenticatorID, listingID, isAuthenticated)
# VALUES(2, 111.00, false, null, 1, 2, 2, 2, 2, false);
#
# INSERT INTO AuthenticatorListingNotes (noteID, noteComment, listingId, authenticatorId)
# VALUES (1, 'These are real cards.', 1, 1);
#
# INSERT INTO AuthenticatorListingNotes (noteID, noteComment, listingId, authenticatorId)
# VALUES (2, 'This is fake', 2, 2);
#

-- Buyers --

INSERT INTO Buyers(buyerId,firstName,lastName,email,phone,street,city,state,zip) VALUES (1,'Garey','Segrott','gsegrott0@booking.com','884-961-6143','8 Sheridan Pass','Dvin',NULL,NULL);
INSERT INTO Buyers(buyerId,firstName,lastName,email,phone,street,city,state,zip) VALUES (2,'Florian','MacTeggart','fmacteggart1@utexas.edu','698-273-1490','25039 Miller Place','Pacatuba',NULL,'49970-000');
INSERT INTO Buyers(buyerId,firstName,lastName,email,phone,street,city,state,zip) VALUES (3,'Zorana','Rahlof','zrahlof2@purevolume.com','136-207-6031','0 Grim Avenue','Jaroměřice nad Rokytnou',NULL,'675 51');
INSERT INTO Buyers(buyerId,firstName,lastName,email,phone,street,city,state,zip) VALUES (4,'Joscelin','Ovendon','jovendon3@disqus.com','404-316-7848','016 Mendota Trail','Jiaowei',NULL,NULL);
INSERT INTO Buyers(buyerId,firstName,lastName,email,phone,street,city,state,zip) VALUES (5,'Hewe','Elcott','helcott4@mit.edu','587-748-7262','367 Meadow Ridge Drive','Thị Trấn Mường Tè',NULL,NULL);
INSERT INTO Buyers(buyerId,firstName,lastName,email,phone,street,city,state,zip) VALUES (6,'Harper','Biss','hbiss5@booking.com','713-379-1428','58760 Hudson Point','Hostomice',NULL,'417 52');
INSERT INTO Buyers(buyerId,firstName,lastName,email,phone,street,city,state,zip) VALUES (7,'Nobe','Caen','ncaen6@mozilla.com','862-554-2007','9654 Dayton Court','Beigang',NULL,NULL);
INSERT INTO Buyers(buyerId,firstName,lastName,email,phone,street,city,state,zip) VALUES (8,'Ruperto','Durber','rdurber7@opera.com','760-931-4535','1 Shopko Parkway','Shijie',NULL,NULL);
INSERT INTO Buyers(buyerId,firstName,lastName,email,phone,street,city,state,zip) VALUES (9,'Judas','Heinsh','jheinsh8@scribd.com','128-584-6237','037 Browning Point','Iţsā',NULL,NULL);
INSERT INTO Buyers(buyerId,firstName,lastName,email,phone,street,city,state,zip) VALUES (10,'Teddi','Anster','tanster9@behance.net','757-439-5179','49601 Badeau Park','Norfolk','Virginia','23514');
INSERT INTO Buyers(buyerId,firstName,lastName,email,phone,street,city,state,zip) VALUES (11,'Maryrose','Bettley','mbettleya@buzzfeed.com','579-864-0089','85127 Northfield Trail','Avaré',NULL,'18700-000');
INSERT INTO Buyers(buyerId,firstName,lastName,email,phone,street,city,state,zip) VALUES (12,'Salmon','Donavan','sdonavanb@chronoengine.com','158-726-5412','25 Emmet Lane','Qŭshkŭpir',NULL,NULL);
INSERT INTO Buyers(buyerId,firstName,lastName,email,phone,street,city,state,zip) VALUES (13,'Lynne','Ragate','lragatec@msu.edu','774-799-7024','65 Independence Pass','Jatiklampok',NULL,NULL);
INSERT INTO Buyers(buyerId,firstName,lastName,email,phone,street,city,state,zip) VALUES (14,'Addy','Cattanach','acattanachd@sciencedaily.com','531-586-1514','20 Bunker Hill Parkway','Tras Cerros',NULL,NULL);
INSERT INTO Buyers(buyerId,firstName,lastName,email,phone,street,city,state,zip) VALUES (15,'Lemuel','Huske','lhuskee@skyrock.com','848-667-2888','22 Browning Junction','Baños',NULL,NULL);
INSERT INTO Buyers(buyerId,firstName,lastName,email,phone,street,city,state,zip) VALUES (16,'Isidoro','Boulde','ibouldef@xing.com','795-833-3474','114 Tennessee Plaza','Lhari',NULL,NULL);
INSERT INTO Buyers(buyerId,firstName,lastName,email,phone,street,city,state,zip) VALUES (17,'Allard','Shama','ashamag@wufoo.com','762-655-5657','1112 3rd Terrace','Ouégoa',NULL,'98821');
INSERT INTO Buyers(buyerId,firstName,lastName,email,phone,street,city,state,zip) VALUES (18,'Jaime','Pavlovsky','jpavlovskyh@eventbrite.com','851-565-4830','40595 Almo Road','Odolanów',NULL,'63-430');
INSERT INTO Buyers(buyerId,firstName,lastName,email,phone,street,city,state,zip) VALUES (19,'Gennie','Raubenheimer','graubenheimeri@hibu.com','707-375-6165','8 6th Hill','Deauville','Basse-Normandie','14804 CEDEX');
INSERT INTO Buyers(buyerId,firstName,lastName,email,phone,street,city,state,zip) VALUES (20,'Ginnie','Bridle','gbridlej@mit.edu','896-322-9260','092 Pankratz Road','Siekierczyn',NULL,'59-818');
INSERT INTO Buyers(buyerId,firstName,lastName,email,phone,street,city,state,zip) VALUES (21,'Lawrence','Brusle','lbruslek@jugem.jp','626-215-4034','54 Buell Drive','Dimiao',NULL,'6305');
INSERT INTO Buyers(buyerId,firstName,lastName,email,phone,street,city,state,zip) VALUES (22,'Vally','Duffitt','vduffittl@nba.com','370-362-2094','8 Norway Maple Alley','Ponong',NULL,'5040');
INSERT INTO Buyers(buyerId,firstName,lastName,email,phone,street,city,state,zip) VALUES (23,'Sheppard','De Castri','sdecastrim@dell.com','211-789-0222','5236 Messerschmidt Road','El Zapotal del Norte',NULL,NULL);
INSERT INTO Buyers(buyerId,firstName,lastName,email,phone,street,city,state,zip) VALUES (24,'Amos','Rekes','arekesn@epa.gov','366-263-0399','1 Pankratz Street','Digby','Nova Scotia','N3Y');
INSERT INTO Buyers(buyerId,firstName,lastName,email,phone,street,city,state,zip) VALUES (25,'Brittney','Bottelstone','bbottelstoneo@zimbio.com','643-421-3442','824 Esker Road','Tapas',NULL,'5814');
INSERT INTO Buyers(buyerId,firstName,lastName,email,phone,street,city,state,zip) VALUES (26,'Joby','Mathevet','jmathevetp@instagram.com','737-816-0392','6 West Circle','Tarusa',NULL,'249111');
INSERT INTO Buyers(buyerId,firstName,lastName,email,phone,street,city,state,zip) VALUES (27,'Beth','Pyford','bpyfordq@shutterfly.com','975-666-7923','883 Sunfield Road','Nowe Brzesko',NULL,'32-120');
INSERT INTO Buyers(buyerId,firstName,lastName,email,phone,street,city,state,zip) VALUES (28,'Crissy','Vittle','cvittler@wordpress.org','267-156-4369','0531 Thackeray Place','Guilherand-Granges','Rhône-Alpes','07509 CEDEX');
INSERT INTO Buyers(buyerId,firstName,lastName,email,phone,street,city,state,zip) VALUES (29,'Magda','Hirsch','mhirschs@flickr.com','154-143-2381','812 Sugar Alley','Alilem',NULL,'2716');
INSERT INTO Buyers(buyerId,firstName,lastName,email,phone,street,city,state,zip) VALUES (30,'Gage','Haveline','ghavelinet@flickr.com','567-748-6491','3 Elka Park','Donggaocun',NULL,NULL);
INSERT INTO Buyers(buyerId,firstName,lastName,email,phone,street,city,state,zip) VALUES (31,'Nathanial','Simpole','nsimpoleu@ustream.tv','258-516-9916','2 Eagan Hill','Dejen',NULL,NULL);
INSERT INTO Buyers(buyerId,firstName,lastName,email,phone,street,city,state,zip) VALUES (32,'Vergil','Beddoes','vbeddoesv@cmu.edu','759-303-3729','51097 Dixon Hill','Bāmyān',NULL,NULL);
INSERT INTO Buyers(buyerId,firstName,lastName,email,phone,street,city,state,zip) VALUES (33,'Victoir','MacNally','vmacnallyw@php.net','264-569-9317','36733 Fuller Park','Houping',NULL,NULL);
INSERT INTO Buyers(buyerId,firstName,lastName,email,phone,street,city,state,zip) VALUES (34,'Audra','Cattermull','acattermullx@marriott.com','780-691-7702','6 Randy Junction','Paris 18','Île-de-France','75879 CEDEX 18');
INSERT INTO Buyers(buyerId,firstName,lastName,email,phone,street,city,state,zip) VALUES (35,'Farleigh','Somerlie','fsomerliey@youtu.be','112-350-7674','602 Manufacturers Pass','Goubangzi',NULL,NULL);
INSERT INTO Buyers(buyerId,firstName,lastName,email,phone,street,city,state,zip) VALUES (36,'Clarey','Carless','ccarlessz@telegraph.co.uk','191-215-4474','093 Bultman Lane','Imrīsh',NULL,NULL);
INSERT INTO Buyers(buyerId,firstName,lastName,email,phone,street,city,state,zip) VALUES (37,'Hilde','Fourmy','hfourmy10@icq.com','795-523-8315','7630 Sauthoff Avenue','Sadská',NULL,'289 12');
INSERT INTO Buyers(buyerId,firstName,lastName,email,phone,street,city,state,zip) VALUES (38,'Charil','Dingwall','cdingwall11@istockphoto.com','994-287-9434','183 Sutherland Street','Kočevje',NULL,'1330');
INSERT INTO Buyers(buyerId,firstName,lastName,email,phone,street,city,state,zip) VALUES (39,'Beverley','Yeomans','byeomans12@spotify.com','773-655-1341','93 Scofield Trail','Chicago','Illinois','60657');
INSERT INTO Buyers(buyerId,firstName,lastName,email,phone,street,city,state,zip) VALUES (40,'Oswell','Getcliff','ogetcliff13@ning.com','587-392-4632','3 Oneill Alley','Muro','Porto','4620-620');
INSERT INTO Buyers(buyerId,firstName,lastName,email,phone,street,city,state,zip) VALUES (41,'Olenolin','Varndall','ovarndall14@tamu.edu','944-822-2480','77 Fremont Trail','Kissidougou',NULL,NULL);
INSERT INTO Buyers(buyerId,firstName,lastName,email,phone,street,city,state,zip) VALUES (42,'Berke','Sparkes','bsparkes15@tripadvisor.com','622-164-9438','739 Holy Cross Center','Sheli',NULL,NULL);
INSERT INTO Buyers(buyerId,firstName,lastName,email,phone,street,city,state,zip) VALUES (43,'Darsey','Snibson','dsnibson16@printfriendly.com','109-786-8169','6 Stuart Place','Senduro',NULL,NULL);
INSERT INTO Buyers(buyerId,firstName,lastName,email,phone,street,city,state,zip) VALUES (44,'Emmalynn','Liggens','eliggens17@imageshack.us','475-735-1591','91497 Mccormick Circle','Koani Ndogo',NULL,NULL);
INSERT INTO Buyers(buyerId,firstName,lastName,email,phone,street,city,state,zip) VALUES (45,'Abey','Ridhole','aridhole18@barnesandnoble.com','574-138-7202','9 Magdeline Plaza','Łękawica',NULL,'34-321');
INSERT INTO Buyers(buyerId,firstName,lastName,email,phone,street,city,state,zip) VALUES (46,'Oby','Cabbell','ocabbell19@patch.com','938-228-3666','9 Blackbird Parkway','Makumbako',NULL,NULL);
INSERT INTO Buyers(buyerId,firstName,lastName,email,phone,street,city,state,zip) VALUES (47,'Clemmie','Woehler','cwoehler1a@mtv.com','519-174-0253','937 Vermont Crossing','Guanshui',NULL,NULL);
INSERT INTO Buyers(buyerId,firstName,lastName,email,phone,street,city,state,zip) VALUES (48,'Hilly','Jorez','hjorez1b@wix.com','586-116-0980','887 Duke Point','Iwye',NULL,NULL);
INSERT INTO Buyers(buyerId,firstName,lastName,email,phone,street,city,state,zip) VALUES (49,'Jessika','Asche','jasche1c@si.edu','692-989-1957','0 Melrose Avenue','La Ronge','Saskatchewan','J9P');
INSERT INTO Buyers(buyerId,firstName,lastName,email,phone,street,city,state,zip) VALUES (50,'Fair','Laboune','flaboune1d@ning.com','123-387-6824','557 Truax Point','Mouzáki',NULL,NULL);
INSERT INTO Buyers(buyerId,firstName,lastName,email,phone,street,city,state,zip) VALUES (51,'Sybille','Huguenet','shuguenet1e@chron.com','248-305-9186','4 Service Point','Na Muen',NULL,'55180');
INSERT INTO Buyers(buyerId,firstName,lastName,email,phone,street,city,state,zip) VALUES (52,'Andree','Prodrick','aprodrick1f@nba.com','235-924-2354','284 Hallows Lane','Ágios Stéfanos',NULL,NULL);
INSERT INTO Buyers(buyerId,firstName,lastName,email,phone,street,city,state,zip) VALUES (53,'Nicola','Ruffey','nruffey1g@princeton.edu','388-278-3956','01992 Holy Cross Court','Oktyabr’skiy',NULL,'452607');
INSERT INTO Buyers(buyerId,firstName,lastName,email,phone,street,city,state,zip) VALUES (54,'Reade','Petrus','rpetrus1h@ucoz.com','442-154-9873','210 Lakewood Gardens Pass','Baldone',NULL,NULL);
INSERT INTO Buyers(buyerId,firstName,lastName,email,phone,street,city,state,zip) VALUES (55,'Georgia','Engelmann','gengelmann1i@so-net.ne.jp','320-620-2469','85315 Nevada Court','Mora','Dalarna','792 34');
INSERT INTO Buyers(buyerId,firstName,lastName,email,phone,street,city,state,zip) VALUES (56,'Bridie','Ebbens','bebbens1j@multiply.com','859-775-5351','06 Pierstorff Pass','Kaeng Khoi',NULL,'18110');
INSERT INTO Buyers(buyerId,firstName,lastName,email,phone,street,city,state,zip) VALUES (57,'Eada','Chaldecott','echaldecott1k@howstuffworks.com','727-192-0675','10 Sherman Lane','Huayllati',NULL,NULL);
INSERT INTO Buyers(buyerId,firstName,lastName,email,phone,street,city,state,zip) VALUES (58,'Olivette','Keiling','okeiling1l@wunderground.com','485-412-8592','32 Lakewood Gardens Drive','Vidin',NULL,'3776');
INSERT INTO Buyers(buyerId,firstName,lastName,email,phone,street,city,state,zip) VALUES (59,'Jerrold','Garbott','jgarbott1m@wisc.edu','751-910-7540','4521 Carberry Lane','Hengpi',NULL,NULL);
INSERT INTO Buyers(buyerId,firstName,lastName,email,phone,street,city,state,zip) VALUES (60,'Cale','Gahan','cgahan1n@ox.ac.uk','766-558-7103','87499 Badeau Way','Mutangyuan',NULL,NULL);
INSERT INTO Buyers(buyerId,firstName,lastName,email,phone,street,city,state,zip) VALUES (61,'Calypso','Melonby','cmelonby1o@state.gov','466-289-9057','95481 Erie Road','Tuburan',NULL,'7306');
INSERT INTO Buyers(buyerId,firstName,lastName,email,phone,street,city,state,zip) VALUES (62,'Issie','Buckleigh','ibuckleigh1p@reference.com','676-594-6902','0 Dottie Drive','Žatec',NULL,'588 62');
INSERT INTO Buyers(buyerId,firstName,lastName,email,phone,street,city,state,zip) VALUES (63,'Isaak','Espadate','iespadate1q@craigslist.org','635-996-4675','454 Reinke Center','Huambo',NULL,NULL);
INSERT INTO Buyers(buyerId,firstName,lastName,email,phone,street,city,state,zip) VALUES (64,'Julietta','Robottham','jrobottham1r@nationalgeographic.com','323-319-1705','590 Union Park','Brzozów',NULL,'36-200');
INSERT INTO Buyers(buyerId,firstName,lastName,email,phone,street,city,state,zip) VALUES (65,'Suzette','Youson','syouson1s@cbsnews.com','968-467-2598','2059 Jenifer Road','Imulolong',NULL,NULL);
INSERT INTO Buyers(buyerId,firstName,lastName,email,phone,street,city,state,zip) VALUES (66,'Jocelin','Howard','jhoward1t@github.io','844-133-9575','4795 Atwood Center','San Vicente de Moravia',NULL,'11403');
INSERT INTO Buyers(buyerId,firstName,lastName,email,phone,street,city,state,zip) VALUES (67,'Thibaut','Neiland','tneiland1u@engadget.com','155-470-2071','4417 Oak Valley Drive','Zambrów',NULL,'18-301');
INSERT INTO Buyers(buyerId,firstName,lastName,email,phone,street,city,state,zip) VALUES (68,'Kile','Greswell','kgreswell1v@shutterfly.com','996-438-5579','37 Orin Crossing','Stockholm','Stockholm','102 46');
INSERT INTO Buyers(buyerId,firstName,lastName,email,phone,street,city,state,zip) VALUES (69,'Galvin','Shevell','gshevell1w@ft.com','188-304-5061','08695 Paget Terrace','Concepción',NULL,NULL);
INSERT INTO Buyers(buyerId,firstName,lastName,email,phone,street,city,state,zip) VALUES (70,'Chan','Stendell','cstendell1x@home.pl','892-346-8916','36 Fairview Plaza','Bagu',NULL,NULL);
INSERT INTO Buyers(buyerId,firstName,lastName,email,phone,street,city,state,zip) VALUES (71,'Fiorenze','Chasemoore','fchasemoore1y@unc.edu','311-612-6615','70823 Arkansas Parkway','Pohrebyshche',NULL,NULL);
INSERT INTO Buyers(buyerId,firstName,lastName,email,phone,street,city,state,zip) VALUES (72,'Adi','Tottman','atottman1z@independent.co.uk','176-131-0259','76 Bobwhite Park','Ilihan',NULL,'6217');
INSERT INTO Buyers(buyerId,firstName,lastName,email,phone,street,city,state,zip) VALUES (73,'Deanne','Kyte','dkyte20@bbb.org','789-437-2919','043 Rutledge Road','Khorosheve',NULL,NULL);
INSERT INTO Buyers(buyerId,firstName,lastName,email,phone,street,city,state,zip) VALUES (74,'Bartel','Sawbridge','bsawbridge21@npr.org','654-289-4351','874 Oriole Center','Matsue-shi',NULL,'690-1115');
INSERT INTO Buyers(buyerId,firstName,lastName,email,phone,street,city,state,zip) VALUES (75,'Hilton','Fairhead','hfairhead22@vinaora.com','696-407-2336','297 Kinsman Lane','Jingmen',NULL,NULL);
INSERT INTO Buyers(buyerId,firstName,lastName,email,phone,street,city,state,zip) VALUES (76,'Ashia','Channer','achanner23@shop-pro.jp','571-466-9216','7136 Almo Parkway','Górki',NULL,'39-306');
INSERT INTO Buyers(buyerId,firstName,lastName,email,phone,street,city,state,zip) VALUES (77,'Garvey','Neighbour','gneighbour24@pcworld.com','702-737-3481','7 Sachs Point','Habana del Este',NULL,NULL);
INSERT INTO Buyers(buyerId,firstName,lastName,email,phone,street,city,state,zip) VALUES (78,'Loren','Rothchild','lrothchild25@prlog.org','456-688-7068','2025 Myrtle Center','Skrwilno',NULL,'87-510');
INSERT INTO Buyers(buyerId,firstName,lastName,email,phone,street,city,state,zip) VALUES (79,'Zarla','Moon','zmoon26@wordpress.com','976-416-0616','48 Oakridge Lane','Ashmūn',NULL,NULL);
INSERT INTO Buyers(buyerId,firstName,lastName,email,phone,street,city,state,zip) VALUES (80,'Barron','Avraham','bavraham27@umich.edu','180-714-5286','89032 Stang Point','Tewulike',NULL,NULL);
INSERT INTO Buyers(buyerId,firstName,lastName,email,phone,street,city,state,zip) VALUES (81,'Julius','Caves','jcaves28@g.co','186-597-1644','85 East Lane','Wates',NULL,NULL);
INSERT INTO Buyers(buyerId,firstName,lastName,email,phone,street,city,state,zip) VALUES (82,'Devlen','Kirtlan','dkirtlan29@printfriendly.com','714-745-6261','959 Monterey Court','Jarash',NULL,NULL);
INSERT INTO Buyers(buyerId,firstName,lastName,email,phone,street,city,state,zip) VALUES (83,'Lyell','Guiness','lguiness2a@utexas.edu','858-945-8401','29 Golden Leaf Crossing','St. Thomas','Ontario','N5R');
INSERT INTO Buyers(buyerId,firstName,lastName,email,phone,street,city,state,zip) VALUES (84,'Annmaria','Sirey','asirey2b@columbia.edu','209-283-2413','486 Bellgrove Pass','Pindorama',NULL,'15830-000');
INSERT INTO Buyers(buyerId,firstName,lastName,email,phone,street,city,state,zip) VALUES (85,'Maddy','Goodday','mgoodday2c@oracle.com','233-417-7071','20 Darwin Crossing','Quillota',NULL,NULL);
INSERT INTO Buyers(buyerId,firstName,lastName,email,phone,street,city,state,zip) VALUES (86,'Ewart','Gaynor','egaynor2d@walmart.com','911-426-3426','03 Weeping Birch Plaza','Xinxing',NULL,NULL);
INSERT INTO Buyers(buyerId,firstName,lastName,email,phone,street,city,state,zip) VALUES (87,'Dian','Kording','dkording2e@booking.com','693-689-1013','7166 Laurel Alley','Anyar',NULL,NULL);
INSERT INTO Buyers(buyerId,firstName,lastName,email,phone,street,city,state,zip) VALUES (88,'Gage','Ramage','gramage2f@java.com','798-833-6363','785 Thompson Lane','Ransiki',NULL,NULL);
INSERT INTO Buyers(buyerId,firstName,lastName,email,phone,street,city,state,zip) VALUES (89,'Sophey','Sketcher','ssketcher2g@reference.com','191-416-4308','25929 Chinook Junction','Al Jīb',NULL,NULL);
INSERT INTO Buyers(buyerId,firstName,lastName,email,phone,street,city,state,zip) VALUES (90,'Jaquenette','Rudiger','jrudiger2h@alibaba.com','404-621-6588','6720 Doe Crossing Center','Riangbao',NULL,NULL);
INSERT INTO Buyers(buyerId,firstName,lastName,email,phone,street,city,state,zip) VALUES (91,'Yorke','Krysztowczyk','ykrysztowczyk2i@ustream.tv','401-666-9870','80274 Morrow Avenue','Jangkungkusumo',NULL,NULL);
INSERT INTO Buyers(buyerId,firstName,lastName,email,phone,street,city,state,zip) VALUES (92,'Devin','Dewbury','ddewbury2j@reverbnation.com','148-551-5370','488 Swallow Court','Pingya',NULL,NULL);
INSERT INTO Buyers(buyerId,firstName,lastName,email,phone,street,city,state,zip) VALUES (93,'Mozes','Crafts','mcrafts2k@kickstarter.com','712-713-5940','73 Ilene Junction','Villa Carlos Paz',NULL,'5152');
INSERT INTO Buyers(buyerId,firstName,lastName,email,phone,street,city,state,zip) VALUES (94,'Hermione','Maddams','hmaddams2l@example.com','787-437-6852','4 Hagan Circle','Herálec',NULL,'592 01');
INSERT INTO Buyers(buyerId,firstName,lastName,email,phone,street,city,state,zip) VALUES (95,'August','Reap','areap2m@webeden.co.uk','536-583-5517','260 Fisk Place','Xiayang',NULL,NULL);
INSERT INTO Buyers(buyerId,firstName,lastName,email,phone,street,city,state,zip) VALUES (96,'Arv','O''Growgane','aogrowgane2n@w3.org','814-976-7514','9057 Judy Circle','Jepat Kidul',NULL,NULL);
INSERT INTO Buyers(buyerId,firstName,lastName,email,phone,street,city,state,zip) VALUES (97,'Norton','Bagniuk','nbagniuk2o@pcworld.com','732-707-9895','70786 Truax Park','Rožmitál pod Třemšínem',NULL,'262 42');
INSERT INTO Buyers(buyerId,firstName,lastName,email,phone,street,city,state,zip) VALUES (98,'Sorcha','Rubbert','srubbert2p@macromedia.com','150-943-7554','84913 Mosinee Alley','Berlin','Berlin','13088');
INSERT INTO Buyers(buyerId,firstName,lastName,email,phone,street,city,state,zip) VALUES (99,'Bertie','Krolak','bkrolak2q@craigslist.org','137-874-2691','7417 Hoffman Way','Baikui',NULL,NULL);
INSERT INTO Buyers(buyerId,firstName,lastName,email,phone,street,city,state,zip) VALUES (100,'Aldric','Townes','atownes2r@bing.com','413-564-2527','2919 Parkside Lane','Gävle','Gävleborg','801 84');

-- --

-- Sellers --

INSERT INTO Sellers(sellerId,firstName,lastName,email,phone,street,city,state,zip) VALUES (1,'Ingeberg','Riddle','iriddle0@google.ca','795-399-2593','6 Haas Drive','Chugay',NULL,NULL);
INSERT INTO Sellers(sellerId,firstName,lastName,email,phone,street,city,state,zip) VALUES (2,'Wade','Hynd','whynd1@upenn.edu','194-193-3321','345 Trailsway Hill','Huazhai',NULL,NULL);
INSERT INTO Sellers(sellerId,firstName,lastName,email,phone,street,city,state,zip) VALUES (3,'Hazel','Loosely','hloosely2@vk.com','238-977-0161','14 Eastwood Pass','Kombissiri',NULL,NULL);
INSERT INTO Sellers(sellerId,firstName,lastName,email,phone,street,city,state,zip) VALUES (4,'Kalie','Gyppes','kgyppes3@ucoz.ru','976-474-5015','64 Annamark Way','Ledeč nad Sázavou',NULL,'584 01');
INSERT INTO Sellers(sellerId,firstName,lastName,email,phone,street,city,state,zip) VALUES (5,'Carol-jean','Slainey','cslainey4@webnode.com','291-711-8153','7006 Trailsway Place','Kandangan',NULL,NULL);
INSERT INTO Sellers(sellerId,firstName,lastName,email,phone,street,city,state,zip) VALUES (6,'Orelie','Drayn','odrayn5@kickstarter.com','363-352-4721','13767 Pawling Avenue','Zhaozhen',NULL,NULL);
INSERT INTO Sellers(sellerId,firstName,lastName,email,phone,street,city,state,zip) VALUES (7,'Kenny','Hunnicutt','khunnicutt6@eepurl.com','993-892-8060','68366 Melody Lane','Cola',NULL,NULL);
INSERT INTO Sellers(sellerId,firstName,lastName,email,phone,street,city,state,zip) VALUES (8,'Randa','Pozzi','rpozzi7@privacy.gov.au','160-919-8735','66741 Gina Junction','Orléans','Centre','45016 CEDEX 1');
INSERT INTO Sellers(sellerId,firstName,lastName,email,phone,street,city,state,zip) VALUES (9,'Adelle','Loveday','aloveday8@unesco.org','974-759-0603','2 Fair Oaks Park','Bungo-Takada-shi',NULL,'879-0617');
INSERT INTO Sellers(sellerId,firstName,lastName,email,phone,street,city,state,zip) VALUES (10,'Dell','Westby','dwestby9@weibo.com','955-118-7069','4442 Roxbury Avenue','Ariguaní',NULL,'152247');
INSERT INTO Sellers(sellerId,firstName,lastName,email,phone,street,city,state,zip) VALUES (11,'Dionisio','Skpsey','dskpseya@cisco.com','433-459-8659','071 Gerald Circle','Bidikotak',NULL,NULL);
INSERT INTO Sellers(sellerId,firstName,lastName,email,phone,street,city,state,zip) VALUES (12,'Shanan','Sturley','ssturleyb@scribd.com','324-495-8246','81 Ryan Pass','Roma','Lazio','00174');
INSERT INTO Sellers(sellerId,firstName,lastName,email,phone,street,city,state,zip) VALUES (13,'Johny','Cheeseman','jcheesemanc@creativecommons.org','391-256-5979','6 Sugar Circle','Banjar Dukuh',NULL,NULL);
INSERT INTO Sellers(sellerId,firstName,lastName,email,phone,street,city,state,zip) VALUES (14,'Sheelah','Weond','sweondd@washington.edu','309-454-3865','70 Sycamore Parkway','Santa Monica',NULL,'8422');
INSERT INTO Sellers(sellerId,firstName,lastName,email,phone,street,city,state,zip) VALUES (15,'Sibyl','Mustin','smustine@webnode.com','423-960-2031','3849 Oakridge Street','Ostaszewo',NULL,'82-112');
INSERT INTO Sellers(sellerId,firstName,lastName,email,phone,street,city,state,zip) VALUES (16,'Serena','Mallatratt','smallatrattf@hc360.com','348-496-2339','4 Brentwood Alley','Aix-les-Bains','Rhône-Alpes','73104 CEDEX');
INSERT INTO Sellers(sellerId,firstName,lastName,email,phone,street,city,state,zip) VALUES (17,'Ransell','Tedder','rtedderg@usnews.com','166-594-0482','654 Old Shore Crossing','Krasnotur’insk',NULL,'624449');
INSERT INTO Sellers(sellerId,firstName,lastName,email,phone,street,city,state,zip) VALUES (18,'Gran','Woodings','gwoodingsh@ed.gov','808-436-5133','75 Cody Street','Yangsha',NULL,NULL);
INSERT INTO Sellers(sellerId,firstName,lastName,email,phone,street,city,state,zip) VALUES (19,'Calvin','Burridge','cburridgei@prlog.org','573-341-1055','1390 Hansons Lane','Savé',NULL,NULL);
INSERT INTO Sellers(sellerId,firstName,lastName,email,phone,street,city,state,zip) VALUES (20,'Josepha','Britner','jbritnerj@columbia.edu','874-456-9142','9727 Bayside Road','Osiek',NULL,'87-340');
INSERT INTO Sellers(sellerId,firstName,lastName,email,phone,street,city,state,zip) VALUES (21,'Dillon','Goose','dgoosek@nba.com','348-901-5524','8 Loeprich Place','Ash Shāmīyah',NULL,NULL);
INSERT INTO Sellers(sellerId,firstName,lastName,email,phone,street,city,state,zip) VALUES (22,'Charles','Vossgen','cvossgenl@senate.gov','374-370-4133','45 Bluestem Plaza','Groningen','Provincie Groningen','9704');
INSERT INTO Sellers(sellerId,firstName,lastName,email,phone,street,city,state,zip) VALUES (23,'Isa','Barneveld','ibarneveldm@state.tx.us','471-488-0278','0 Arrowood Court','Wat Bot',NULL,'65160');
INSERT INTO Sellers(sellerId,firstName,lastName,email,phone,street,city,state,zip) VALUES (24,'Joshua','Mears','jmearsn@ihg.com','355-185-1659','1 Village Green Park','Al Jamīmah',NULL,NULL);
INSERT INTO Sellers(sellerId,firstName,lastName,email,phone,street,city,state,zip) VALUES (25,'Winona','Pawelec','wpaweleco@soup.io','606-133-3384','128 Merry Crossing','Kariya',NULL,'969-1619');
INSERT INTO Sellers(sellerId,firstName,lastName,email,phone,street,city,state,zip) VALUES (26,'Mariana','Dobey','mdobeyp@tinyurl.com','109-114-7435','095 Mcbride Road','Kramarzówka',NULL,'37-560');
INSERT INTO Sellers(sellerId,firstName,lastName,email,phone,street,city,state,zip) VALUES (27,'Toinette','Billo','tbilloq@umn.edu','257-748-5899','72 Commercial Hill','Jindou',NULL,NULL);
INSERT INTO Sellers(sellerId,firstName,lastName,email,phone,street,city,state,zip) VALUES (28,'Stanfield','Bingell','sbingellr@pagesperso-orange.fr','685-364-9180','41 American Ash Terrace','Kalibuntu',NULL,NULL);
INSERT INTO Sellers(sellerId,firstName,lastName,email,phone,street,city,state,zip) VALUES (29,'Tallulah','O''Riordan','toriordans@who.int','743-487-3174','83127 Mccormick Parkway','Qinshi',NULL,NULL);
INSERT INTO Sellers(sellerId,firstName,lastName,email,phone,street,city,state,zip) VALUES (30,'Britte','Bestar','bbestart@cornell.edu','266-139-7207','8 Southridge Lane','Blizne',NULL,'36-221');
INSERT INTO Sellers(sellerId,firstName,lastName,email,phone,street,city,state,zip) VALUES (31,'Izabel','Tremathick','itremathicku@is.gd','872-567-8731','8 Warrior Terrace','Thawi Watthana',NULL,'62180');
INSERT INTO Sellers(sellerId,firstName,lastName,email,phone,street,city,state,zip) VALUES (32,'Orbadiah','Janouch','ojanouchv@wix.com','771-830-9222','96436 Kedzie Road','Melíssia',NULL,NULL);
INSERT INTO Sellers(sellerId,firstName,lastName,email,phone,street,city,state,zip) VALUES (33,'Luce','Croutear','lcroutearw@linkedin.com','123-706-3939','0367 Eagan Park','Gornja Koprivna',NULL,NULL);
INSERT INTO Sellers(sellerId,firstName,lastName,email,phone,street,city,state,zip) VALUES (34,'Emmye','Ormrod','eormrodx@cmu.edu','349-496-0051','69 Sunbrook Parkway','Pagsabangan',NULL,'3318');
INSERT INTO Sellers(sellerId,firstName,lastName,email,phone,street,city,state,zip) VALUES (35,'Martie','Willford','mwillfordy@tripod.com','239-512-9961','250 Canary Pass','Mýto',NULL,'347 01');
INSERT INTO Sellers(sellerId,firstName,lastName,email,phone,street,city,state,zip) VALUES (36,'Mia','Fettis','mfettisz@wikispaces.com','360-460-1569','14 Lakewood Gardens Road','San Antonio',NULL,'6407');
INSERT INTO Sellers(sellerId,firstName,lastName,email,phone,street,city,state,zip) VALUES (37,'Wallis','Stronack','wstronack10@cmu.edu','408-146-8059','3 Springs Pass','Tommot',NULL,'678953');
INSERT INTO Sellers(sellerId,firstName,lastName,email,phone,street,city,state,zip) VALUES (38,'Byrle','Ashfold','bashfold11@joomla.org','412-332-6907','97 Fair Oaks Terrace','Pittsburgh','Pennsylvania','15274');
INSERT INTO Sellers(sellerId,firstName,lastName,email,phone,street,city,state,zip) VALUES (39,'Shayna','Chapelhow','schapelhow12@tripadvisor.com','612-784-9201','45836 Independence Avenue','Laventille',NULL,NULL);
INSERT INTO Sellers(sellerId,firstName,lastName,email,phone,street,city,state,zip) VALUES (40,'Rodge','Beuscher','rbeuscher13@foxnews.com','331-401-5948','7 Mandrake Junction','Tuchów',NULL,'33-170');
INSERT INTO Sellers(sellerId,firstName,lastName,email,phone,street,city,state,zip) VALUES (41,'Cecilio','Biagini','cbiagini14@weather.com','861-172-3152','030 Walton Point','Stockholm','Stockholm','103 88');
INSERT INTO Sellers(sellerId,firstName,lastName,email,phone,street,city,state,zip) VALUES (42,'Katherine','Soden','ksoden15@umich.edu','734-856-3392','28229 Prentice Way','Jabinyānah',NULL,NULL);
INSERT INTO Sellers(sellerId,firstName,lastName,email,phone,street,city,state,zip) VALUES (43,'Darell','Jewes','djewes16@huffingtonpost.com','937-696-9672','8515 Florence Way','Richmond',NULL,NULL);
INSERT INTO Sellers(sellerId,firstName,lastName,email,phone,street,city,state,zip) VALUES (44,'Wolf','Arnaud','warnaud17@mapquest.com','613-684-2017','76362 Loomis Way','Songmuping',NULL,NULL);
INSERT INTO Sellers(sellerId,firstName,lastName,email,phone,street,city,state,zip) VALUES (45,'Gage','Staning','gstaning18@taobao.com','468-962-3394','3 Northland Avenue','San Vicente',NULL,'4608');
INSERT INTO Sellers(sellerId,firstName,lastName,email,phone,street,city,state,zip) VALUES (46,'Ainsley','Spollen','aspollen19@soundcloud.com','794-112-7854','65819 Barby Crossing','Mallawī',NULL,NULL);
INSERT INTO Sellers(sellerId,firstName,lastName,email,phone,street,city,state,zip) VALUES (47,'Mollee','Bascomb','mbascomb1a@noaa.gov','679-920-0922','694 Butternut Plaza','Shanggu',NULL,NULL);
INSERT INTO Sellers(sellerId,firstName,lastName,email,phone,street,city,state,zip) VALUES (48,'Eugenia','Schimank','eschimank1b@php.net','345-106-2486','8 Golden Leaf Parkway','Metz','Lorraine','57045 CEDEX 01');
INSERT INTO Sellers(sellerId,firstName,lastName,email,phone,street,city,state,zip) VALUES (49,'Robbie','Mossop','rmossop1c@latimes.com','357-370-5335','247 Mayer Way','Kamiiso',NULL,'501-0531');
INSERT INTO Sellers(sellerId,firstName,lastName,email,phone,street,city,state,zip) VALUES (50,'Sacha','Snary','ssnary1d@shinystat.com','989-869-2274','0590 Laurel Crossing','Mercedes',NULL,NULL);
INSERT INTO Sellers(sellerId,firstName,lastName,email,phone,street,city,state,zip) VALUES (51,'Sampson','Shottin','sshottin1e@theglobeandmail.com','445-194-7405','1636 Anthes Place','Vrbice',NULL,'735 51');
INSERT INTO Sellers(sellerId,firstName,lastName,email,phone,street,city,state,zip) VALUES (52,'Zoe','Emanulsson','zemanulsson1f@live.com','450-171-5872','15825 Tomscot Lane','Tanahwurung',NULL,NULL);
INSERT INTO Sellers(sellerId,firstName,lastName,email,phone,street,city,state,zip) VALUES (53,'Valeria','Eustace','veustace1g@miitbeian.gov.cn','435-175-2281','44419 Debs Place','Anuradhapura',NULL,'50000');
INSERT INTO Sellers(sellerId,firstName,lastName,email,phone,street,city,state,zip) VALUES (54,'Raddie','Valti','rvalti1h@theguardian.com','169-588-6209','18 Shelley Street','Jintang',NULL,NULL);
INSERT INTO Sellers(sellerId,firstName,lastName,email,phone,street,city,state,zip) VALUES (55,'Murry','Burress','mburress1i@adobe.com','759-660-7817','1868 Huxley Court','Changchun',NULL,NULL);
INSERT INTO Sellers(sellerId,firstName,lastName,email,phone,street,city,state,zip) VALUES (56,'Zebulon','Saurin','zsaurin1j@digg.com','270-853-7423','1219 Springview Place','Hamburg Bramfeld','Hamburg','22179');
INSERT INTO Sellers(sellerId,firstName,lastName,email,phone,street,city,state,zip) VALUES (57,'Mikey','Triner','mtriner1k@ucla.edu','176-591-8860','3189 Dahle Road','Mehona',NULL,NULL);
INSERT INTO Sellers(sellerId,firstName,lastName,email,phone,street,city,state,zip) VALUES (58,'Denys','Nekrews','dnekrews1l@usnews.com','199-110-3722','55 Northridge Crossing','Jambean',NULL,NULL);
INSERT INTO Sellers(sellerId,firstName,lastName,email,phone,street,city,state,zip) VALUES (59,'Mortie','Fadden','mfadden1m@biglobe.ne.jp','676-297-9557','9 Bunting Pass','Aghsu',NULL,NULL);
INSERT INTO Sellers(sellerId,firstName,lastName,email,phone,street,city,state,zip) VALUES (60,'Alikee','Shadrack','ashadrack1n@miibeian.gov.cn','726-491-7020','3 Gateway Crossing','Antsirabe',NULL,NULL);
INSERT INTO Sellers(sellerId,firstName,lastName,email,phone,street,city,state,zip) VALUES (61,'Krishnah','Redmell','kredmell1o@mozilla.com','160-770-3701','8 Lukken Lane','Baozi',NULL,NULL);
INSERT INTO Sellers(sellerId,firstName,lastName,email,phone,street,city,state,zip) VALUES (62,'Sean','Sauven','ssauven1p@slate.com','410-991-5411','32050 Gale Road','Sinarbakti',NULL,NULL);
INSERT INTO Sellers(sellerId,firstName,lastName,email,phone,street,city,state,zip) VALUES (63,'Marietta','Lavis','mlavis1q@dailymotion.com','113-730-8624','57 Independence Center','Balzan',NULL,'BZN');
INSERT INTO Sellers(sellerId,firstName,lastName,email,phone,street,city,state,zip) VALUES (64,'Daron','Pyffe','dpyffe1r@examiner.com','214-315-6776','90644 Victoria Avenue','Cha-am',NULL,'76120');
INSERT INTO Sellers(sellerId,firstName,lastName,email,phone,street,city,state,zip) VALUES (65,'Dick','Conklin','dconklin1s@altervista.org','728-616-3813','36 Evergreen Crossing','Pocora',NULL,'70603');
INSERT INTO Sellers(sellerId,firstName,lastName,email,phone,street,city,state,zip) VALUES (66,'Mario','Westbury','mwestbury1t@vistaprint.com','635-454-1304','17 North Crossing','Saint-Étienne','Rhône-Alpes','42045 CEDEX 1');
INSERT INTO Sellers(sellerId,firstName,lastName,email,phone,street,city,state,zip) VALUES (67,'Dorolice','Edelheid','dedelheid1u@smugmug.com','986-896-2002','886 Hansons Way','Olho Marinho','Leiria','2510-515');
INSERT INTO Sellers(sellerId,firstName,lastName,email,phone,street,city,state,zip) VALUES (68,'Salomo','Beddin','sbeddin1v@bloomberg.com','450-911-1464','32 Eagan Park','Momanalu',NULL,NULL);
INSERT INTO Sellers(sellerId,firstName,lastName,email,phone,street,city,state,zip) VALUES (69,'Toddy','Cray','tcray1w@ning.com','795-343-3649','1440 Haas Pass','Sibaté',NULL,'111971');
INSERT INTO Sellers(sellerId,firstName,lastName,email,phone,street,city,state,zip) VALUES (70,'Ardisj','Wyant','awyant1x@squidoo.com','837-672-3212','838 Kenwood Road','Yanjiao',NULL,NULL);
INSERT INTO Sellers(sellerId,firstName,lastName,email,phone,street,city,state,zip) VALUES (71,'Georges','Bosdet','gbosdet1y@cnet.com','942-546-0242','3 Sunbrook Junction','Mahébourg',NULL,NULL);
INSERT INTO Sellers(sellerId,firstName,lastName,email,phone,street,city,state,zip) VALUES (72,'Jaymie','Jeavons','jjeavons1z@omniture.com','957-764-4769','81 Darwin Alley','Córdoba',NULL,'523548');
INSERT INTO Sellers(sellerId,firstName,lastName,email,phone,street,city,state,zip) VALUES (73,'Karlis','Pauncefort','kpauncefort20@wsj.com','918-690-8419','34017 Hallows Terrace','Nikulino',NULL,'141662');
INSERT INTO Sellers(sellerId,firstName,lastName,email,phone,street,city,state,zip) VALUES (74,'Emmalynne','Nipper','enipper21@theguardian.com','685-721-1735','253 Weeping Birch Trail','Belene',NULL,'5930');
INSERT INTO Sellers(sellerId,firstName,lastName,email,phone,street,city,state,zip) VALUES (75,'Fayre','Philipeau','fphilipeau22@wufoo.com','798-502-6480','03 Carey Way','Anfu',NULL,NULL);
INSERT INTO Sellers(sellerId,firstName,lastName,email,phone,street,city,state,zip) VALUES (76,'Peta','Fleetham','pfleetham23@canalblog.com','870-433-3550','022 Browning Road','Tsaghveri',NULL,NULL);
INSERT INTO Sellers(sellerId,firstName,lastName,email,phone,street,city,state,zip) VALUES (77,'Ranice','Horstead','rhorstead24@chron.com','536-836-7738','6339 Roth Place','Blora',NULL,NULL);
INSERT INTO Sellers(sellerId,firstName,lastName,email,phone,street,city,state,zip) VALUES (78,'Jessica','Carek','jcarek25@apache.org','582-929-1672','51 4th Drive','Novo-Peredelkino',NULL,'143015');
INSERT INTO Sellers(sellerId,firstName,lastName,email,phone,street,city,state,zip) VALUES (79,'Josefa','Fulleylove','jfulleylove26@blogtalkradio.com','379-585-5040','860 Welch Drive','Xaçmaz',NULL,NULL);
INSERT INTO Sellers(sellerId,firstName,lastName,email,phone,street,city,state,zip) VALUES (80,'Freedman','Egle of Germany','fegleofgermany27@google.com','477-889-5400','7856 Grayhawk Way','Bhāndāria',NULL,'8550');
INSERT INTO Sellers(sellerId,firstName,lastName,email,phone,street,city,state,zip) VALUES (81,'Lorine','Tearle','ltearle28@stanford.edu','151-630-3612','6 Judy Lane','Szydłowo',NULL,'64-930');
INSERT INTO Sellers(sellerId,firstName,lastName,email,phone,street,city,state,zip) VALUES (82,'Erinna','Pilipets','epilipets29@blogger.com','272-790-4978','91 Sage Avenue','Glan',NULL,'9517');
INSERT INTO Sellers(sellerId,firstName,lastName,email,phone,street,city,state,zip) VALUES (83,'Hort','Demaine','hdemaine2a@seattletimes.com','856-543-6873','3444 Amoth Hill','Maragogi',NULL,'57955-000');
INSERT INTO Sellers(sellerId,firstName,lastName,email,phone,street,city,state,zip) VALUES (84,'Sidonia','Maccaig','smaccaig2b@dell.com','616-978-3375','37162 Johnson Place','Laï',NULL,NULL);
INSERT INTO Sellers(sellerId,firstName,lastName,email,phone,street,city,state,zip) VALUES (85,'Ferdy','Cayser','fcayser2c@gnu.org','974-758-2350','49107 Express Lane','Al Ḩīlah',NULL,NULL);
INSERT INTO Sellers(sellerId,firstName,lastName,email,phone,street,city,state,zip) VALUES (86,'Etta','Kyttor','ekyttor2d@bbb.org','974-721-5136','175 Hoepker Drive','Homa Bay',NULL,NULL);
INSERT INTO Sellers(sellerId,firstName,lastName,email,phone,street,city,state,zip) VALUES (87,'Loralee','Hughill','lhughill2e@privacy.gov.au','667-440-2337','71 Spohn Terrace','Incheon',NULL,NULL);
INSERT INTO Sellers(sellerId,firstName,lastName,email,phone,street,city,state,zip) VALUES (88,'Buiron','Durward','bdurward2f@ovh.net','423-441-0556','04 Sunnyside Drive','Komes',NULL,NULL);
INSERT INTO Sellers(sellerId,firstName,lastName,email,phone,street,city,state,zip) VALUES (89,'Martie','Sarfati','msarfati2g@infoseek.co.jp','877-110-9464','562 Towne Lane','Hřebeč',NULL,'571 01');
INSERT INTO Sellers(sellerId,firstName,lastName,email,phone,street,city,state,zip) VALUES (90,'Hilton','Duny','hduny2h@salon.com','293-109-5859','5171 Birchwood Junction','Xiangshui',NULL,NULL);
INSERT INTO Sellers(sellerId,firstName,lastName,email,phone,street,city,state,zip) VALUES (91,'Myrtie','Parkinson','mparkinson2i@xinhuanet.com','340-901-1973','413 Oneill Point','Bulacan',NULL,'3017');
INSERT INTO Sellers(sellerId,firstName,lastName,email,phone,street,city,state,zip) VALUES (92,'Eric','Pauler','epauler2j@prweb.com','368-940-1857','9 Jenifer Alley','Зуунмод',NULL,NULL);
INSERT INTO Sellers(sellerId,firstName,lastName,email,phone,street,city,state,zip) VALUES (93,'Carol','Leavy','cleavy2k@qq.com','771-808-9444','0 Vidon Place','Guay',NULL,NULL);
INSERT INTO Sellers(sellerId,firstName,lastName,email,phone,street,city,state,zip) VALUES (94,'Humbert','Parlot','hparlot2l@prnewswire.com','760-845-6439','76754 Loftsgordon Plaza','Xinyu',NULL,NULL);
INSERT INTO Sellers(sellerId,firstName,lastName,email,phone,street,city,state,zip) VALUES (95,'Shauna','Vanin','svanin2m@skyrock.com','200-901-9255','8 Surrey Junction','Bintuni',NULL,NULL);
INSERT INTO Sellers(sellerId,firstName,lastName,email,phone,street,city,state,zip) VALUES (96,'Bjorn','Shitliffe','bshitliffe2n@nydailynews.com','551-972-1396','16332 American Ash Plaza','Datong',NULL,NULL);
INSERT INTO Sellers(sellerId,firstName,lastName,email,phone,street,city,state,zip) VALUES (97,'Natalya','Mocher','nmocher2o@google.pl','143-947-3825','06 Monica Place','Jagabaya Dua',NULL,NULL);
INSERT INTO Sellers(sellerId,firstName,lastName,email,phone,street,city,state,zip) VALUES (98,'Welsh','Braithwait','wbraithwait2p@php.net','601-287-1973','12 Coolidge Park','Chư Prông',NULL,NULL);
INSERT INTO Sellers(sellerId,firstName,lastName,email,phone,street,city,state,zip) VALUES (99,'Murry','Openshaw','mopenshaw2q@usgs.gov','261-675-1773','5989 Eagle Crest Street','Abomey-Calavi',NULL,NULL);
INSERT INTO Sellers(sellerId,firstName,lastName,email,phone,street,city,state,zip) VALUES (100,'Jim','Cronchey','jcronchey2r@yellowpages.com','222-292-9140','0056 Debra Junction','Si Bun Rueang',NULL,'39180');


-- Product Categories --

INSERT INTO ProductCategories(categoryId,categoryName) VALUES (1,'Vintage toys and games');
INSERT INTO ProductCategories(categoryId,categoryName) VALUES (2,'Sports memorabilia');
INSERT INTO ProductCategories(categoryId,categoryName) VALUES (3,'Coins and currency');
INSERT INTO ProductCategories(categoryId,categoryName) VALUES (4,'Comics and graphic novels');
INSERT INTO ProductCategories(categoryId,categoryName) VALUES (5,'Stamps and postal history');
INSERT INTO ProductCategories(categoryId,categoryName) VALUES (6,'Vinyl records and music memorabilia');
INSERT INTO ProductCategories(categoryId,categoryName) VALUES (7,'Art and art prints');
INSERT INTO ProductCategories(categoryId,categoryName) VALUES (8,'Figurines and collectible statues');
INSERT INTO ProductCategories(categoryId,categoryName) VALUES (9,'Movie and TV show memorabilia');
INSERT INTO ProductCategories(categoryId,categoryName) VALUES (10,'Antique and vintage furniture and decor');

-- Authenticators --

INSERT INTO Authenticators(authenticatorId,firstName,lastName,email,phone,street,city,state,zip) VALUES (1,'Keven','Klink','kklink0@timesonline.co.uk','270-742-1232','6 Moulton Plaza','Wangkung',NULL,NULL);
INSERT INTO Authenticators(authenticatorId,firstName,lastName,email,phone,street,city,state,zip) VALUES (2,'Linet','Gulley','lgulley1@geocities.com','399-319-3730','7 Loomis Alley','Wenxian Chengguanzhen',NULL,NULL);
INSERT INTO Authenticators(authenticatorId,firstName,lastName,email,phone,street,city,state,zip) VALUES (3,'Blane','Pevie','bpevie2@upenn.edu','747-147-7318','2481 Claremont Hill','Krueng Luak',NULL,NULL);
INSERT INTO Authenticators(authenticatorId,firstName,lastName,email,phone,street,city,state,zip) VALUES (4,'Reuben','Moodie','rmoodie3@a8.net','355-661-5164','688 Oakridge Way','Sulop',NULL,'8009');
INSERT INTO Authenticators(authenticatorId,firstName,lastName,email,phone,street,city,state,zip) VALUES (5,'Palm','McCurlye','pmccurlye4@latimes.com','301-184-6689','427 Petterle Center','Borås','Västra Götaland','504 00');
INSERT INTO Authenticators(authenticatorId,firstName,lastName,email,phone,street,city,state,zip) VALUES (6,'Katha','Wraighte','kwraighte5@independent.co.uk','565-290-4486','0012 Lukken Avenue','Sydney','New South Wales','1171');
INSERT INTO Authenticators(authenticatorId,firstName,lastName,email,phone,street,city,state,zip) VALUES (7,'Bertie','Joskovitch','bjoskovitch6@geocities.jp','627-263-0866','7 Merrick Lane','Feni',NULL,'8700');
INSERT INTO Authenticators(authenticatorId,firstName,lastName,email,phone,street,city,state,zip) VALUES (8,'Layne','Middle','lmiddle7@mediafire.com','963-471-2008','3322 Ilene Plaza','Zhili',NULL,NULL);
INSERT INTO Authenticators(authenticatorId,firstName,lastName,email,phone,street,city,state,zip) VALUES (9,'Tricia','Blackaller','tblackaller8@artisteer.com','770-819-6114','3 Melby Street','Pawitan',NULL,NULL);
INSERT INTO Authenticators(authenticatorId,firstName,lastName,email,phone,street,city,state,zip) VALUES (10,'Shell','Steele','ssteele9@noaa.gov','289-233-8219','25 Bay Trail','Muñoz East',NULL,'5407');
INSERT INTO Authenticators(authenticatorId,firstName,lastName,email,phone,street,city,state,zip) VALUES (11,'Giselbert','Scone','gsconea@t.co','352-342-8795','45231 Golden Leaf Park','Saribudolok',NULL,NULL);
INSERT INTO Authenticators(authenticatorId,firstName,lastName,email,phone,street,city,state,zip) VALUES (12,'Corene','Mangeon','cmangeonb@soup.io','740-974-4368','7431 Holmberg Circle','Beltinci',NULL,'9231');
INSERT INTO Authenticators(authenticatorId,firstName,lastName,email,phone,street,city,state,zip) VALUES (13,'Lauralee','Fulloway','lfullowayc@imdb.com','598-471-3918','94 4th Avenue','Sanhe',NULL,NULL);
INSERT INTO Authenticators(authenticatorId,firstName,lastName,email,phone,street,city,state,zip) VALUES (14,'Mada','Buzine','mbuzined@disqus.com','730-526-6967','5635 Barnett Park','Nhà Bàng',NULL,NULL);
INSERT INTO Authenticators(authenticatorId,firstName,lastName,email,phone,street,city,state,zip) VALUES (15,'Innis','Manuel','imanuele@phoca.cz','597-736-7527','03 Towne Street','Palestina de los Altos',NULL,'09024');
INSERT INTO Authenticators(authenticatorId,firstName,lastName,email,phone,street,city,state,zip) VALUES (16,'Kandace','Bartolomieu','kbartolomieuf@bandcamp.com','310-209-5313','9387 Sheridan Terrace','Naberezhnyye Chelny',NULL,'423555');
INSERT INTO Authenticators(authenticatorId,firstName,lastName,email,phone,street,city,state,zip) VALUES (17,'Wash','Cubbin','wcubbing@amazon.co.jp','200-898-8913','8803 Carey Hill','Xiwanzi',NULL,NULL);
INSERT INTO Authenticators(authenticatorId,firstName,lastName,email,phone,street,city,state,zip) VALUES (18,'Auberon','Ecob','aecobh@wikimedia.org','476-326-5963','5 Monument Junction','Gigant',NULL,'144005');
INSERT INTO Authenticators(authenticatorId,firstName,lastName,email,phone,street,city,state,zip) VALUES (19,'Blanch','Schapero','bschaperoi@yale.edu','468-514-8619','016 Dexter Center','Staraya Ladoga',NULL,'187412');
INSERT INTO Authenticators(authenticatorId,firstName,lastName,email,phone,street,city,state,zip) VALUES (20,'Melany','Stinson','mstinsonj@ihg.com','851-608-4007','166 Utah Crossing','Zabłocie',NULL,'43-523');


-- Products --

INSERT INTO Products(productId,name,categoryId) VALUES (1,'Batman: The Animated Series Funko Pops',6);
INSERT INTO Products(productId,name,categoryId) VALUES (2,'1999 Pokemon Base Set Charizard Holo card',7);
INSERT INTO Products(productId,name,categoryId) VALUES (3,'Princess Diana Beanie Baby',10);
INSERT INTO Products(productId,name,categoryId) VALUES (4,'1969 Hot Wheels Volkswagen Beach Bomb prototype',8);
INSERT INTO Products(productId,name,categoryId) VALUES (5,'Babe Ruth autographed baseball',2);
INSERT INTO Products(productId,name,categoryId) VALUES (6,'1977 Star Wars Luke Skywalker action figure with double telescoping lightsaber',7);
INSERT INTO Products(productId,name,categoryId) VALUES (7,'Amazing Fantasy #15 comic book (first appearance of Spider-Man)',8);
INSERT INTO Products(productId,name,categoryId) VALUES (8,'1959 Barbie #1 ponytail doll',9);
INSERT INTO Products(productId,name,categoryId) VALUES (9,'The Beatles Yesterday and Today Butcher Cover album',6);
INSERT INTO Products(productId,name,categoryId) VALUES (10,'1955 Disneyland Mickey Mouse Club poster',2);
INSERT INTO Products(productId,name,categoryId) VALUES (11,'1856 British Guiana 1-cent Magenta stamp',9);
INSERT INTO Products(productId,name,categoryId) VALUES (12,'1933 Saint-Gaudens Double Eagle gold coin',6);
INSERT INTO Products(productId,name,categoryId) VALUES (13,'1966 Batmobile model car by Corgi',5);
INSERT INTO Products(productId,name,categoryId) VALUES (14,'1969 Hot Wheels VW Bus Beach Bomb in pink',4);
INSERT INTO Products(productId,name,categoryId) VALUES (15,'1952 Topps Mickey Mantle baseball card',7);
INSERT INTO Products(productId,name,categoryId) VALUES (16,'1986 Transformers Optimus Prime action figure',7);
INSERT INTO Products(productId,name,categoryId) VALUES (17,'Star Wars Boba Fett prototype action figure with rocket firing backpack',1);
INSERT INTO Products(productId,name,categoryId) VALUES (18,'Vintage PEZ Regulars dispensers',3);
INSERT INTO Products(productId,name,categoryId) VALUES (19,'Britains Ltd. Deetail WWII toy soldiers',2);
INSERT INTO Products(productId,name,categoryId) VALUES (20,'Original Calvin and Hobbes comic strip art by Bill Watterson',9);
INSERT INTO Products(productId,name,categoryId) VALUES (21,'1977 Star Wars Style A movie poster',1);
INSERT INTO Products(productId,name,categoryId) VALUES (22,'1960s Batman metal lunchbox',6);
INSERT INTO Products(productId,name,categoryId) VALUES (23,'1975 Star Trek Mego action figures (complete set)',2);
INSERT INTO Products(productId,name,categoryId) VALUES (24,'Abraham Lincoln signed Emancipation Proclamation',8);
INSERT INTO Products(productId,name,categoryId) VALUES (25,'Lionel Blue Comet model train set',9);
INSERT INTO Products(productId,name,categoryId) VALUES (26,'1920s Dollhouse miniature furniture by Tynietoy',7);
INSERT INTO Products(productId,name,categoryId) VALUES (27,'1977 Dungeons & Dragons White Box set',5);
INSERT INTO Products(productId,name,categoryId) VALUES (28,'Norman Rockwell The Runaway figurine by Gorham',1);
INSERT INTO Products(productId,name,categoryId) VALUES (29,'1967 Ford Mustang GT Eleanor die-cast model car from Gone in 60 Seconds',4);
INSERT INTO Products(productId,name,categoryId) VALUES (30,'1688 Johannes Vermeer''s The Milkmaid painting reproduction',9);
INSERT INTO Products(productId,name,categoryId) VALUES (31,'1998 Tamagotchi virtual pet',3);
INSERT INTO Products(productId,name,categoryId) VALUES (32,'1976 Star Wars Kenner Death Star playset',2);
INSERT INTO Products(productId,name,categoryId) VALUES (33,'1964 Gi Joe Adventure Team Headquarters playset',9);
INSERT INTO Products(productId,name,categoryId) VALUES (34,'2005 Upper Deck Sidney Crosby Young Guns rookie card',5);
INSERT INTO Products(productId,name,categoryId) VALUES (35,'1959 Gibson Les Paul Standard electric guitar',6);
INSERT INTO Products(productId,name,categoryId) VALUES (36,'Original Peanuts comic strip art by Charles M. Schulz',5);
INSERT INTO Products(productId,name,categoryId) VALUES (37,'1969 Apollo 11 1/48 scale model kit by Monogram',7);
INSERT INTO Products(productId,name,categoryId) VALUES (38,'1993 Jurassic Park Dino Damage Tyrannosaurus Rex action figure',9);
INSERT INTO Products(productId,name,categoryId) VALUES (39,'1960s Lost in Space robot toy by Remco',1);
INSERT INTO Products(productId,name,categoryId) VALUES (40,'1930s Texaco Gasoline The Texas Company porcelain sign',4);
INSERT INTO Products(productId,name,categoryId) VALUES (41,'1982 E.T. the Extra-Terrestrial action figure by LJN',10);
INSERT INTO Products(productId,name,categoryId) VALUES (42,'1970 Chevrolet Chevelle SS 454 die-cast model car by Franklin Mint',7);
INSERT INTO Products(productId,name,categoryId) VALUES (43,'1980s Garbage Pail Kids trading cards (complete set)',1);
INSERT INTO Products(productId,name,categoryId) VALUES (44,'1965 Selmer Mark VI tenor saxophone',4);
INSERT INTO Products(productId,name,categoryId) VALUES (45,'1987 The Legend of Zelda Nintendo NES video game',6);
INSERT INTO Products(productId,name,categoryId) VALUES (46,'1920s Art Deco Frankart figurines',5);
INSERT INTO Products(productId,name,categoryId) VALUES (47,'1966 Green Hornet Black Beauty die-cast car by Corgi',4);
INSERT INTO Products(productId,name,categoryId) VALUES (48,'1937 Babe Ruth H&B Louisville Slugger baseball bat',6);
INSERT INTO Products(productId,name,categoryId) VALUES (49,'1980s Swatch watch collection',2);
INSERT INTO Products(productId,name,categoryId) VALUES (50,'1958 Edsel Citation convertible die-cast model car by Danbury Mint',1);
INSERT INTO Products(productId,name,categoryId) VALUES (51,'1950s Lionel Super O model train set',9);
INSERT INTO Products(productId,name,categoryId) VALUES (52,'1980s Macintosh 128K computer',5);
INSERT INTO Products(productId,name,categoryId) VALUES (53,'1989 Upper Deck Ken Griffey Jr. rookie card',6);
INSERT INTO Products(productId,name,categoryId) VALUES (54,'1978 Kiss Aucoin-era action figures by Mego',2);
INSERT INTO Products(productId,name,categoryId) VALUES (55,'1970s Evel Knievel stunt cycle toy by Ideal',1);
INSERT INTO Products(productId,name,categoryId) VALUES (56,'1950s-60s Buddy L fire truck toy',10);
INSERT INTO Products(productId,name,categoryId) VALUES (57,'1964 Hasbro GI Joe action figure with Kung-Fu grip',7);
INSERT INTO Products(productId,name,categoryId) VALUES (58,'1969 Alfa Romeo 33 Stradale die-cast model car by Solido',3);
INSERT INTO Products(productId,name,categoryId) VALUES (59,'1970s Mego Planet of the Apes action figures (complete set)',1);
INSERT INTO Products(productId,name,categoryId) VALUES (60,'1950s Roy Rogers and Dale Evans Double R Bar Ranch lunchbox',6);
INSERT INTO Products(productId,name,categoryId) VALUES (61,'1991 Marvel Universe Series',5);
INSERT INTO Products(productId,name,categoryId) VALUES (62,'Batman: The Animated Series Funko Pops',10);
INSERT INTO Products(productId,name,categoryId) VALUES (63,'1999 Pokemon Base Set Charizard Holo card',2);
INSERT INTO Products(productId,name,categoryId) VALUES (64,'Princess Diana Beanie Baby',8);
INSERT INTO Products(productId,name,categoryId) VALUES (65,'1969 Hot Wheels Volkswagen Beach Bomb prototype',4);
INSERT INTO Products(productId,name,categoryId) VALUES (66,'Babe Ruth autographed baseball',5);
INSERT INTO Products(productId,name,categoryId) VALUES (67,'1977 Star Wars Luke Skywalker action figure with double telescoping lightsaber',7);
INSERT INTO Products(productId,name,categoryId) VALUES (68,'Amazing Fantasy #15 comic book (first appearance of Spider-Man)',2);
INSERT INTO Products(productId,name,categoryId) VALUES (69,'1959 Barbie #1 ponytail doll',3);
INSERT INTO Products(productId,name,categoryId) VALUES (70,'The Beatles Yesterday and Today Butcher Cover album',10);
INSERT INTO Products(productId,name,categoryId) VALUES (71,'1955 Disneyland Mickey Mouse Club poster',5);
INSERT INTO Products(productId,name,categoryId) VALUES (72,'1856 British Guiana 1-cent Magenta stamp',7);
INSERT INTO Products(productId,name,categoryId) VALUES (73,'1933 Saint-Gaudens Double Eagle gold coin',8);
INSERT INTO Products(productId,name,categoryId) VALUES (74,'1966 Batmobile model car by Corgi',3);
INSERT INTO Products(productId,name,categoryId) VALUES (75,'1969 Hot Wheels VW Bus Beach Bomb in pink',9);
INSERT INTO Products(productId,name,categoryId) VALUES (76,'1952 Topps Mickey Mantle baseball card',10);
INSERT INTO Products(productId,name,categoryId) VALUES (77,'1986 Transformers Optimus Prime action figure',9);
INSERT INTO Products(productId,name,categoryId) VALUES (78,'Star Wars Boba Fett prototype action figure with rocket firing backpack',8);
INSERT INTO Products(productId,name,categoryId) VALUES (79,'Vintage PEZ Regulars dispensers',5);
INSERT INTO Products(productId,name,categoryId) VALUES (80,'Britains Ltd. Deetail WWII toy soldiers',3);
INSERT INTO Products(productId,name,categoryId) VALUES (81,'Original Calvin and Hobbes comic strip art by Bill Watterson',7);
INSERT INTO Products(productId,name,categoryId) VALUES (82,'1977 Star Wars Style A movie poster',5);
INSERT INTO Products(productId,name,categoryId) VALUES (83,'1960s Batman metal lunchbox',3);
INSERT INTO Products(productId,name,categoryId) VALUES (84,'1975 Star Trek Mego action figures (complete set)',4);
INSERT INTO Products(productId,name,categoryId) VALUES (85,'Abraham Lincoln signed Emancipation Proclamation',8);
INSERT INTO Products(productId,name,categoryId) VALUES (86,'Lionel Blue Comet model train set',8);
INSERT INTO Products(productId,name,categoryId) VALUES (87,'1920s Dollhouse miniature furniture by Tynietoy',1);
INSERT INTO Products(productId,name,categoryId) VALUES (88,'1977 Dungeons & Dragons White Box set',6);
INSERT INTO Products(productId,name,categoryId) VALUES (89,'Norman Rockwell The Runaway figurine by Gorham',2);
INSERT INTO Products(productId,name,categoryId) VALUES (90,'1967 Ford Mustang GT Eleanor die-cast model car from Gone in 60 Seconds',3);
INSERT INTO Products(productId,name,categoryId) VALUES (91,'1688 Johannes Vermeer''s The Milkmaid painting reproduction',1);
INSERT INTO Products(productId,name,categoryId) VALUES (92,'1998 Tamagotchi virtual pet',3);
INSERT INTO Products(productId,name,categoryId) VALUES (93,'1976 Star Wars Kenner Death Star playset',7);
INSERT INTO Products(productId,name,categoryId) VALUES (94,'1964 Gi Joe Adventure Team Headquarters playset',5);
INSERT INTO Products(productId,name,categoryId) VALUES (95,'2005 Upper Deck Sidney Crosby Young Guns rookie card',4);
INSERT INTO Products(productId,name,categoryId) VALUES (96,'1959 Gibson Les Paul Standard electric guitar',10);
INSERT INTO Products(productId,name,categoryId) VALUES (97,'Original Peanuts comic strip art by Charles M. Schulz',8);
INSERT INTO Products(productId,name,categoryId) VALUES (98,'1969 Apollo 11 1/48 scale model kit by Monogram',7);
INSERT INTO Products(productId,name,categoryId) VALUES (99,'1993 Jurassic Park Dino Damage Tyrannosaurus Rex action figure',6);
INSERT INTO Products(productId,name,categoryId) VALUES (100,'1960s Lost in Space robot toy by Remco',2);

-- Listings --

INSERT INTO Listings(listingId,timeListed,quantity,price,title,description,sellerId,productId) VALUES (1,'2022-11-26 20:51:24',5,8324.71,'dapibus duis at velit eu est congue','proin interdum mauris non ligula pellentesque ultrices phasellus id sapien in sapien iaculis congue vivamus metus arcu adipiscing molestie hendrerit at vulputate vitae nisl aenean lectus pellentesque eget nunc',16,50);
INSERT INTO Listings(listingId,timeListed,quantity,price,title,description,sellerId,productId) VALUES (2,'2022-12-08 03:13:20',8,6443.47,'eleifend pede libero quis orci nullam molestie nibh in','nisi vulputate nonummy maecenas tincidunt lacus at velit vivamus vel nulla eget eros elementum pellentesque quisque porta volutpat erat quisque erat eros viverra eget congue eget semper rutrum nulla nunc purus phasellus in felis donec',17,87);
INSERT INTO Listings(listingId,timeListed,quantity,price,title,description,sellerId,productId) VALUES (3,'2023-02-16 04:26:54',5,4615.13,'habitasse platea dictumst aliquam augue','non mi integer ac neque duis bibendum morbi non quam nec dui luctus rutrum nulla tellus in sagittis dui vel',12,63);
INSERT INTO Listings(listingId,timeListed,quantity,price,title,description,sellerId,productId) VALUES (4,'2023-01-02 14:17:56',3,462.03,'nulla eget eros elementum pellentesque quisque porta volutpat','sed tincidunt',30,32);
INSERT INTO Listings(listingId,timeListed,quantity,price,title,description,sellerId,productId) VALUES (5,'2022-11-28 23:57:50',10,9251.65,'justo lacinia eget tincidunt eget tempus vel pede morbi porttitor','et ultrices posuere cubilia curae donec pharetra magna vestibulum aliquet ultrices erat tortor sollicitudin mi sit amet lobortis sapien sapien non mi integer ac neque duis bibendum',92,11);
INSERT INTO Listings(listingId,timeListed,quantity,price,title,description,sellerId,productId) VALUES (6,'2022-10-26 03:37:10',2,61.03,'a feugiat et eros vestibulum ac est lacinia nisi venenatis','viverra dapibus nulla suscipit ligula in lacus curabitur at ipsum ac tellus semper interdum mauris ullamcorper purus sit',78,2);
INSERT INTO Listings(listingId,timeListed,quantity,price,title,description,sellerId,productId) VALUES (7,'2022-12-09 13:51:57',3,5963.5,'at vulputate vitae nisl aenean lectus','erat vestibulum sed magna at nunc commodo placerat praesent blandit nam nulla',59,26);
INSERT INTO Listings(listingId,timeListed,quantity,price,title,description,sellerId,productId) VALUES (8,'2022-10-30 11:27:46',1,3648.43,'massa id lobortis convallis','tortor quis turpis sed ante vivamus tortor duis mattis egestas metus aenean fermentum donec',45,94);
INSERT INTO Listings(listingId,timeListed,quantity,price,title,description,sellerId,productId) VALUES (9,'2022-05-11 13:28:42',6,2776.19,'ac lobortis vel dapibus at','eu magna vulputate luctus cum sociis natoque penatibus et magnis dis parturient montes nascetur ridiculus mus vivamus vestibulum sagittis sapien cum sociis natoque penatibus et magnis dis parturient montes nascetur ridiculus mus etiam vel augue vestibulum rutrum rutrum neque aenean auctor gravida sem praesent id massa',26,84);
INSERT INTO Listings(listingId,timeListed,quantity,price,title,description,sellerId,productId) VALUES (10,'2023-01-21 17:27:49',9,2073.06,'lacus curabitur at ipsum','congue risus semper porta volutpat quam pede lobortis ligula sit amet eleifend pede libero quis orci nullam molestie nibh in lectus',51,85);
INSERT INTO Listings(listingId,timeListed,quantity,price,title,description,sellerId,productId) VALUES (11,'2023-02-21 05:28:49',10,72.87,'felis sed interdum venenatis turpis enim blandit mi in','fusce consequat nulla nisl nunc nisl duis bibendum felis sed interdum venenatis turpis enim blandit mi in porttitor pede justo eu massa',77,42);
INSERT INTO Listings(listingId,timeListed,quantity,price,title,description,sellerId,productId) VALUES (12,'2022-08-24 06:59:01',2,330.53,'integer ac neque','odio curabitur convallis duis consequat dui nec nisi volutpat eleifend donec ut dolor morbi vel lectus in quam fringilla rhoncus mauris enim leo rhoncus sed vestibulum sit amet cursus id turpis integer aliquet',74,67);
INSERT INTO Listings(listingId,timeListed,quantity,price,title,description,sellerId,productId) VALUES (13,'2022-11-10 02:37:37',10,534.85,'ac tellus semper interdum mauris ullamcorper purus sit amet nulla','lacus at turpis donec',76,65);
INSERT INTO Listings(listingId,timeListed,quantity,price,title,description,sellerId,productId) VALUES (14,'2022-08-16 20:51:47',7,4235.91,'donec semper sapien a','felis eu sapien cursus vestibulum proin eu mi nulla ac enim in tempor turpis nec euismod scelerisque quam turpis adipiscing lorem vitae mattis nibh ligula nec sem duis aliquam convallis nunc proin',58,36);
INSERT INTO Listings(listingId,timeListed,quantity,price,title,description,sellerId,productId) VALUES (15,'2023-01-26 02:13:30',4,8750.68,'erat eros viverra eget','quis lectus suspendisse potenti in eleifend quam a odio in hac habitasse platea dictumst maecenas ut massa quis augue luctus tincidunt nulla mollis molestie lorem quisque ut erat curabitur gravida nisi at nibh in hac habitasse',56,80);
INSERT INTO Listings(listingId,timeListed,quantity,price,title,description,sellerId,productId) VALUES (16,'2022-08-30 08:26:05',1,8603.97,'aliquet pulvinar sed nisl nunc rhoncus dui','lorem quisque ut erat curabitur gravida nisi at nibh in hac habitasse platea dictumst aliquam augue quam',66,69);
INSERT INTO Listings(listingId,timeListed,quantity,price,title,description,sellerId,productId) VALUES (17,'2022-10-28 11:20:43',5,4604.88,'tincidunt nulla mollis','at velit eu est congue elementum in hac habitasse platea dictumst morbi vestibulum velit id',46,22);
INSERT INTO Listings(listingId,timeListed,quantity,price,title,description,sellerId,productId) VALUES (18,'2023-02-09 13:49:43',9,3582.53,'odio curabitur convallis duis consequat dui nec nisi volutpat','nunc rhoncus dui',61,96);
INSERT INTO Listings(listingId,timeListed,quantity,price,title,description,sellerId,productId) VALUES (19,'2022-04-25 04:56:25',8,756.48,'primis in faucibus orci','neque vestibulum eget vulputate ut ultrices vel augue vestibulum ante ipsum primis in faucibus orci luctus',85,73);
INSERT INTO Listings(listingId,timeListed,quantity,price,title,description,sellerId,productId) VALUES (20,'2023-04-02 10:16:37',5,726.33,'vitae ipsum aliquam non mauris morbi','leo maecenas pulvinar lobortis est phasellus sit amet erat nulla tempus vivamus in felis eu sapien cursus vestibulum proin eu mi nulla ac enim in tempor turpis nec euismod scelerisque quam turpis adipiscing lorem vitae mattis nibh ligula nec',40,70);
INSERT INTO Listings(listingId,timeListed,quantity,price,title,description,sellerId,productId) VALUES (21,'2022-06-20 22:13:31',7,3242.22,'natoque penatibus et magnis dis parturient montes nascetur ridiculus mus','tortor quis turpis sed ante vivamus tortor duis mattis egestas metus aenean fermentum donec ut mauris eget massa tempor convallis nulla neque libero convallis eget eleifend luctus ultricies eu nibh quisque',68,64);
INSERT INTO Listings(listingId,timeListed,quantity,price,title,description,sellerId,productId) VALUES (22,'2022-07-01 04:44:54',4,399.63,'ultrices enim lorem ipsum dolor','eros',89,18);
INSERT INTO Listings(listingId,timeListed,quantity,price,title,description,sellerId,productId) VALUES (23,'2023-01-18 15:45:54',9,8190.79,'amet nunc viverra dapibus nulla','diam erat fermentum justo nec condimentum neque sapien placerat',76,94);
INSERT INTO Listings(listingId,timeListed,quantity,price,title,description,sellerId,productId) VALUES (24,'2022-05-02 02:23:19',4,6121.31,'primis in faucibus orci luctus','duis bibendum felis sed interdum venenatis turpis enim blandit mi in porttitor pede justo eu massa donec dapibus duis at velit eu',48,72);
INSERT INTO Listings(listingId,timeListed,quantity,price,title,description,sellerId,productId) VALUES (25,'2023-02-25 06:30:40',3,7798.95,'vulputate ut ultrices vel augue vestibulum ante ipsum primis in','rutrum rutrum neque aenean auctor gravida sem',92,91);
INSERT INTO Listings(listingId,timeListed,quantity,price,title,description,sellerId,productId) VALUES (26,'2023-02-20 15:36:46',7,8278.42,'quis augue luctus tincidunt nulla mollis molestie lorem','mauris non ligula pellentesque ultrices phasellus id sapien in',17,7);
INSERT INTO Listings(listingId,timeListed,quantity,price,title,description,sellerId,productId) VALUES (27,'2022-05-24 16:58:31',4,3038.56,'luctus tincidunt nulla mollis','id mauris vulputate elementum nullam varius nulla facilisi cras non velit nec nisi vulputate nonummy',72,1);
INSERT INTO Listings(listingId,timeListed,quantity,price,title,description,sellerId,productId) VALUES (28,'2022-08-08 03:09:56',2,1385.64,'ipsum primis in faucibus','suspendisse ornare consequat lectus in est risus auctor sed tristique in tempus sit amet sem fusce consequat nulla nisl nunc nisl duis bibendum felis sed interdum venenatis turpis enim blandit mi in porttitor pede justo eu massa donec dapibus duis',9,34);
INSERT INTO Listings(listingId,timeListed,quantity,price,title,description,sellerId,productId) VALUES (29,'2023-04-09 07:34:11',10,6624.65,'mi nulla ac enim in tempor turpis nec euismod','eget semper rutrum nulla nunc purus phasellus in felis donec semper sapien a libero nam dui proin leo odio porttitor id consequat in consequat ut nulla sed accumsan felis ut at dolor quis',7,8);
INSERT INTO Listings(listingId,timeListed,quantity,price,title,description,sellerId,productId) VALUES (30,'2023-01-11 20:09:22',7,8471.51,'lacus at velit vivamus','suspendisse potenti nullam porttitor lacus at turpis donec posuere metus vitae ipsum aliquam non mauris morbi non lectus aliquam sit amet diam in magna bibendum imperdiet nullam orci pede venenatis non sodales sed tincidunt eu felis fusce posuere felis sed lacus',58,3);
INSERT INTO Listings(listingId,timeListed,quantity,price,title,description,sellerId,productId) VALUES (31,'2023-02-26 07:05:36',7,1536.89,'sagittis nam congue risus semper porta volutpat quam pede','quam sapien varius ut',49,59);
INSERT INTO Listings(listingId,timeListed,quantity,price,title,description,sellerId,productId) VALUES (32,'2022-05-23 16:56:07',2,9726.97,'in faucibus orci luctus et ultrices posuere','eleifend donec ut dolor morbi vel lectus in quam fringilla rhoncus mauris enim leo rhoncus sed vestibulum sit amet cursus id turpis integer aliquet massa id lobortis convallis tortor risus dapibus augue vel accumsan tellus nisi eu',50,45);
INSERT INTO Listings(listingId,timeListed,quantity,price,title,description,sellerId,productId) VALUES (33,'2022-07-29 04:04:59',6,5361.55,'justo sit amet sapien','nullam porttitor lacus at turpis donec posuere metus vitae ipsum aliquam non mauris morbi non lectus aliquam sit amet diam',42,26);
INSERT INTO Listings(listingId,timeListed,quantity,price,title,description,sellerId,productId) VALUES (34,'2023-02-21 13:22:14',6,9460.2,'augue a suscipit nulla elit','nunc purus phasellus in felis donec semper sapien a libero nam dui proin leo odio porttitor',88,38);
INSERT INTO Listings(listingId,timeListed,quantity,price,title,description,sellerId,productId) VALUES (35,'2022-09-13 21:02:28',2,7037.89,'ante vivamus tortor duis mattis','metus vitae ipsum aliquam non mauris morbi non lectus aliquam sit amet diam in magna bibendum imperdiet nullam orci pede venenatis non sodales sed tincidunt eu felis fusce posuere',3,50);
INSERT INTO Listings(listingId,timeListed,quantity,price,title,description,sellerId,productId) VALUES (36,'2022-09-12 13:22:44',1,8216.86,'accumsan felis ut at dolor quis odio consequat varius integer','quam pharetra magna ac consequat metus sapien ut nunc vestibulum ante ipsum primis in faucibus orci luctus et',87,93);
INSERT INTO Listings(listingId,timeListed,quantity,price,title,description,sellerId,productId) VALUES (37,'2023-02-20 12:33:39',10,5914.94,'cras pellentesque volutpat dui maecenas','at lorem integer tincidunt ante vel ipsum praesent blandit',97,43);
INSERT INTO Listings(listingId,timeListed,quantity,price,title,description,sellerId,productId) VALUES (38,'2022-06-26 11:37:29',9,589.33,'non quam nec dui luctus rutrum nulla','potenti in eleifend quam a odio in hac habitasse',37,100);
INSERT INTO Listings(listingId,timeListed,quantity,price,title,description,sellerId,productId) VALUES (39,'2022-08-11 06:12:41',7,9974.41,'vitae ipsum aliquam non mauris morbi','odio elementum eu interdum eu tincidunt in leo',46,22);
INSERT INTO Listings(listingId,timeListed,quantity,price,title,description,sellerId,productId) VALUES (40,'2022-07-01 23:38:50',2,8147.69,'pulvinar sed nisl nunc rhoncus dui vel','nec nisi vulputate nonummy maecenas tincidunt lacus at velit vivamus vel nulla eget eros elementum pellentesque quisque porta volutpat erat quisque erat eros viverra eget congue eget semper rutrum nulla nunc',60,81);
INSERT INTO Listings(listingId,timeListed,quantity,price,title,description,sellerId,productId) VALUES (41,'2022-09-11 19:48:32',5,3947.65,'maecenas leo odio condimentum','adipiscing lorem vitae mattis nibh ligula nec sem duis aliquam convallis nunc proin at turpis a pede',89,90);
INSERT INTO Listings(listingId,timeListed,quantity,price,title,description,sellerId,productId) VALUES (42,'2023-03-16 05:23:46',6,8994.19,'in tempor turpis nec euismod scelerisque quam turpis adipiscing lorem','dolor vel est donec odio justo sollicitudin ut suscipit a feugiat et eros vestibulum ac est lacinia nisi venenatis tristique fusce congue diam id ornare imperdiet sapien urna pretium nisl ut volutpat sapien arcu sed augue aliquam',34,74);
INSERT INTO Listings(listingId,timeListed,quantity,price,title,description,sellerId,productId) VALUES (43,'2023-02-17 22:14:48',8,2658.58,'vestibulum ac est lacinia nisi venenatis','orci vehicula condimentum curabitur in libero ut massa volutpat convallis morbi odio odio elementum eu interdum eu',58,94);
INSERT INTO Listings(listingId,timeListed,quantity,price,title,description,sellerId,productId) VALUES (44,'2022-05-14 00:07:39',3,6022.07,'vel enim sit amet nunc viverra dapibus nulla suscipit','nam ultrices libero non mattis pulvinar nulla pede ullamcorper augue a suscipit nulla elit ac nulla sed vel enim sit amet',75,86);
INSERT INTO Listings(listingId,timeListed,quantity,price,title,description,sellerId,productId) VALUES (45,'2022-07-04 00:35:15',2,3201.64,'a pede posuere nonummy integer non velit donec','ut tellus nulla ut erat id mauris vulputate elementum nullam varius nulla facilisi cras non velit nec nisi vulputate nonummy maecenas tincidunt lacus at velit vivamus vel nulla eget eros elementum pellentesque quisque porta volutpat erat quisque erat eros viverra eget congue eget',36,15);
INSERT INTO Listings(listingId,timeListed,quantity,price,title,description,sellerId,productId) VALUES (46,'2022-12-03 19:53:44',3,3873.09,'congue diam id','primis in faucibus',31,99);
INSERT INTO Listings(listingId,timeListed,quantity,price,title,description,sellerId,productId) VALUES (47,'2022-10-16 01:06:56',9,7298.83,'vivamus vel nulla eget eros elementum pellentesque quisque','integer ac leo pellentesque ultrices mattis odio donec vitae nisi nam ultrices libero non mattis pulvinar nulla pede ullamcorper augue a suscipit nulla elit ac nulla sed',88,5);
INSERT INTO Listings(listingId,timeListed,quantity,price,title,description,sellerId,productId) VALUES (48,'2022-06-18 14:03:28',6,618.66,'consequat nulla nisl nunc nisl duis bibendum felis sed interdum','luctus ultricies eu nibh quisque id justo sit amet sapien dignissim vestibulum vestibulum ante ipsum',81,9);
INSERT INTO Listings(listingId,timeListed,quantity,price,title,description,sellerId,productId) VALUES (49,'2022-11-29 15:52:21',6,4364.85,'justo aliquam quis turpis eget elit','augue vestibulum ante ipsum',62,47);
INSERT INTO Listings(listingId,timeListed,quantity,price,title,description,sellerId,productId) VALUES (50,'2022-07-20 11:49:43',8,7397.87,'ipsum primis in faucibus','vivamus in felis eu sapien cursus vestibulum proin eu mi nulla ac enim in tempor turpis nec euismod scelerisque quam turpis adipiscing lorem vitae mattis nibh ligula nec sem duis aliquam convallis nunc proin at turpis a pede posuere nonummy integer non velit donec diam neque vestibulum eget',11,58);
INSERT INTO Listings(listingId,timeListed,quantity,price,title,description,sellerId,productId) VALUES (51,'2022-09-24 21:07:52',4,3138.17,'ut tellus nulla ut','ut odio cras mi pede malesuada in imperdiet et commodo vulputate justo in blandit ultrices enim lorem ipsum dolor sit amet consectetuer adipiscing elit proin interdum mauris non ligula pellentesque ultrices phasellus id sapien in sapien',29,63);
INSERT INTO Listings(listingId,timeListed,quantity,price,title,description,sellerId,productId) VALUES (52,'2023-02-16 21:01:22',7,8736.6,'tincidunt eu felis fusce posuere felis','pretium iaculis diam erat fermentum justo nec condimentum neque sapien placerat ante nulla justo aliquam quis turpis eget elit sodales scelerisque mauris sit amet eros suspendisse accumsan tortor',69,32);
INSERT INTO Listings(listingId,timeListed,quantity,price,title,description,sellerId,productId) VALUES (53,'2022-10-25 04:56:08',3,6217.75,'sem praesent id','diam neque vestibulum eget vulputate ut ultrices vel augue vestibulum ante ipsum primis in faucibus orci luctus et',14,31);
INSERT INTO Listings(listingId,timeListed,quantity,price,title,description,sellerId,productId) VALUES (54,'2022-12-05 06:21:59',9,3474.97,'quisque id justo','ultrices aliquet maecenas leo odio condimentum id luctus nec molestie sed justo pellentesque viverra pede ac diam cras pellentesque volutpat dui maecenas tristique est et tempus semper est quam pharetra magna ac consequat metus sapien ut nunc vestibulum ante ipsum primis in faucibus orci luctus et ultrices posuere',10,38);
INSERT INTO Listings(listingId,timeListed,quantity,price,title,description,sellerId,productId) VALUES (55,'2023-02-13 23:41:59',7,2286.52,'nec nisi vulputate','nunc proin at turpis a pede posuere nonummy integer non velit',94,43);
INSERT INTO Listings(listingId,timeListed,quantity,price,title,description,sellerId,productId) VALUES (56,'2022-07-09 06:01:54',4,2303.8,'et tempus semper est','dolor sit amet consectetuer adipiscing elit proin interdum mauris non ligula pellentesque ultrices phasellus id sapien in sapien iaculis congue vivamus metus arcu adipiscing molestie hendrerit at vulputate vitae nisl aenean lectus pellentesque eget nunc donec quis orci eget orci',21,72);
INSERT INTO Listings(listingId,timeListed,quantity,price,title,description,sellerId,productId) VALUES (57,'2022-10-06 12:46:44',1,2864.84,'tempus vel pede morbi porttitor lorem','ante vel ipsum praesent blandit lacinia erat vestibulum sed magna at nunc commodo placerat praesent blandit nam nulla integer pede justo lacinia eget tincidunt',1,21);
INSERT INTO Listings(listingId,timeListed,quantity,price,title,description,sellerId,productId) VALUES (58,'2023-01-28 21:01:50',9,3591.46,'leo rhoncus sed vestibulum','volutpat dui maecenas tristique est et tempus semper est quam pharetra magna ac consequat metus sapien ut nunc vestibulum ante ipsum primis in faucibus orci luctus et ultrices posuere cubilia curae mauris viverra diam vitae quam suspendisse potenti nullam porttitor lacus at turpis',33,95);
INSERT INTO Listings(listingId,timeListed,quantity,price,title,description,sellerId,productId) VALUES (59,'2022-11-09 05:17:11',10,8230.6,'pellentesque quisque porta volutpat erat','dapibus augue vel accumsan tellus nisi eu orci mauris lacinia sapien quis libero nullam sit amet turpis elementum ligula vehicula',100,100);
INSERT INTO Listings(listingId,timeListed,quantity,price,title,description,sellerId,productId) VALUES (60,'2022-09-13 21:50:57',5,4223.56,'in leo maecenas pulvinar lobortis est phasellus','vestibulum ante ipsum primis in faucibus orci luctus et ultrices posuere cubilia curae mauris viverra diam vitae quam suspendisse potenti nullam porttitor lacus at turpis donec posuere metus vitae ipsum',63,59);
INSERT INTO Listings(listingId,timeListed,quantity,price,title,description,sellerId,productId) VALUES (61,'2022-07-05 22:53:29',5,8886.06,'neque sapien placerat','praesent blandit nam nulla integer pede justo lacinia eget tincidunt eget tempus vel pede morbi porttitor lorem id ligula suspendisse ornare consequat lectus in est risus auctor sed tristique in tempus sit amet sem fusce consequat nulla nisl nunc nisl duis',55,99);
INSERT INTO Listings(listingId,timeListed,quantity,price,title,description,sellerId,productId) VALUES (62,'2023-01-16 20:47:13',9,8438.95,'odio curabitur convallis duis consequat dui nec nisi','luctus ultricies eu nibh quisque id justo sit amet sapien dignissim vestibulum vestibulum ante ipsum primis in faucibus orci luctus et ultrices posuere cubilia curae nulla dapibus dolor vel est donec odio justo sollicitudin ut suscipit',43,53);
INSERT INTO Listings(listingId,timeListed,quantity,price,title,description,sellerId,productId) VALUES (63,'2022-10-07 11:50:32',7,2787.65,'convallis nulla neque libero convallis eget','cras pellentesque volutpat dui maecenas tristique est et tempus semper est quam pharetra magna ac consequat metus sapien ut nunc vestibulum ante ipsum primis in faucibus orci luctus et ultrices posuere cubilia curae mauris viverra diam vitae quam suspendisse potenti nullam',36,60);
INSERT INTO Listings(listingId,timeListed,quantity,price,title,description,sellerId,productId) VALUES (64,'2022-12-17 08:04:30',7,1368.67,'non pretium quis lectus suspendisse potenti in','dolor sit amet consectetuer adipiscing elit proin risus praesent lectus vestibulum quam sapien varius ut blandit non interdum in ante vestibulum ante ipsum primis in',98,24);
INSERT INTO Listings(listingId,timeListed,quantity,price,title,description,sellerId,productId) VALUES (65,'2022-04-21 08:38:49',1,6539.83,'a ipsum integer a nibh in','et magnis dis parturient montes nascetur ridiculus mus vivamus vestibulum sagittis sapien cum sociis natoque penatibus et magnis dis parturient montes nascetur ridiculus mus etiam vel augue vestibulum rutrum rutrum neque aenean auctor gravida sem praesent id massa id nisl venenatis lacinia aenean sit amet',47,95);
INSERT INTO Listings(listingId,timeListed,quantity,price,title,description,sellerId,productId) VALUES (66,'2022-12-26 20:08:04',8,2384.57,'pellentesque eget nunc donec quis orci eget orci vehicula','vestibulum vestibulum ante ipsum primis in faucibus orci luctus et ultrices posuere cubilia curae nulla dapibus dolor vel est donec odio justo sollicitudin ut suscipit a feugiat et eros vestibulum',34,63);
INSERT INTO Listings(listingId,timeListed,quantity,price,title,description,sellerId,productId) VALUES (67,'2023-03-06 09:04:58',4,4089.75,'accumsan odio curabitur convallis duis consequat dui nec','venenatis turpis enim blandit mi in porttitor pede justo eu massa donec dapibus duis at velit eu est congue elementum in',26,50);
INSERT INTO Listings(listingId,timeListed,quantity,price,title,description,sellerId,productId) VALUES (68,'2022-04-28 11:51:28',3,2365.68,'molestie hendrerit at vulputate vitae nisl aenean','erat quisque erat eros viverra eget congue eget semper rutrum nulla nunc purus phasellus in felis donec semper sapien a libero nam dui proin leo odio porttitor id consequat in consequat ut nulla sed accumsan felis ut at dolor quis odio',54,55);
INSERT INTO Listings(listingId,timeListed,quantity,price,title,description,sellerId,productId) VALUES (69,'2022-09-03 10:36:01',9,5348.57,'vitae ipsum aliquam','eu nibh quisque id justo sit amet sapien dignissim vestibulum vestibulum ante ipsum primis in faucibus orci luctus',51,100);
INSERT INTO Listings(listingId,timeListed,quantity,price,title,description,sellerId,productId) VALUES (70,'2022-12-27 01:01:10',2,8982.36,'vestibulum velit id pretium iaculis diam erat fermentum justo nec','in consequat ut nulla sed accumsan felis ut at dolor quis',40,49);
INSERT INTO Listings(listingId,timeListed,quantity,price,title,description,sellerId,productId) VALUES (71,'2022-09-15 11:48:33',1,6580.71,'iaculis congue vivamus metus arcu adipiscing molestie hendrerit at vulputate','vestibulum rutrum',78,70);
INSERT INTO Listings(listingId,timeListed,quantity,price,title,description,sellerId,productId) VALUES (72,'2022-11-22 19:36:42',5,5386.95,'risus dapibus augue vel','vestibulum ante ipsum primis in faucibus orci luctus et ultrices posuere cubilia curae mauris viverra diam vitae quam suspendisse potenti nullam porttitor lacus at turpis donec posuere metus vitae ipsum aliquam non mauris morbi non lectus aliquam sit amet diam in magna bibendum imperdiet nullam orci pede venenatis',20,52);
INSERT INTO Listings(listingId,timeListed,quantity,price,title,description,sellerId,productId) VALUES (73,'2023-03-21 12:17:45',9,5547.77,'leo rhoncus sed vestibulum sit','cras pellentesque volutpat dui maecenas tristique est et tempus semper est quam pharetra magna ac consequat metus sapien ut nunc vestibulum ante ipsum primis in faucibus orci luctus',94,89);
INSERT INTO Listings(listingId,timeListed,quantity,price,title,description,sellerId,productId) VALUES (74,'2023-01-25 20:03:19',4,4644.73,'lacinia nisi venenatis tristique','purus eu magna vulputate luctus cum sociis',32,51);
INSERT INTO Listings(listingId,timeListed,quantity,price,title,description,sellerId,productId) VALUES (75,'2022-12-21 04:58:33',2,3062.21,'erat fermentum justo nec condimentum','sit amet cursus id turpis integer aliquet massa id lobortis convallis',86,16);
INSERT INTO Listings(listingId,timeListed,quantity,price,title,description,sellerId,productId) VALUES (76,'2023-03-29 16:48:05',8,7994.18,'sed accumsan felis ut at dolor quis odio consequat varius','diam vitae quam suspendisse potenti nullam porttitor lacus at turpis donec posuere metus vitae ipsum aliquam non mauris morbi non lectus aliquam sit amet diam in',53,78);
INSERT INTO Listings(listingId,timeListed,quantity,price,title,description,sellerId,productId) VALUES (77,'2022-09-10 17:35:28',4,7756.55,'amet consectetuer adipiscing elit proin risus praesent lectus','id sapien in sapien iaculis congue vivamus metus arcu adipiscing molestie hendrerit at vulputate vitae nisl aenean lectus pellentesque eget nunc donec quis orci eget orci vehicula condimentum curabitur in libero ut massa volutpat convallis',52,71);
INSERT INTO Listings(listingId,timeListed,quantity,price,title,description,sellerId,productId) VALUES (78,'2022-06-18 16:26:35',1,8995.05,'lacinia aenean sit amet','in tempor turpis nec euismod scelerisque quam turpis adipiscing lorem vitae mattis nibh ligula nec sem duis aliquam convallis nunc proin at turpis a pede posuere nonummy integer non velit donec',5,97);
INSERT INTO Listings(listingId,timeListed,quantity,price,title,description,sellerId,productId) VALUES (79,'2022-08-25 03:26:03',9,5681.13,'vulputate ut ultrices vel augue vestibulum ante ipsum','pede ac diam cras pellentesque volutpat dui maecenas tristique',80,25);
INSERT INTO Listings(listingId,timeListed,quantity,price,title,description,sellerId,productId) VALUES (80,'2023-03-27 12:39:40',8,3406.56,'potenti cras in purus eu magna','quam a odio in hac habitasse platea dictumst maecenas ut massa quis augue luctus tincidunt nulla mollis molestie lorem quisque ut erat curabitur gravida nisi at nibh in hac habitasse platea dictumst aliquam augue quam sollicitudin vitae',68,88);
INSERT INTO Listings(listingId,timeListed,quantity,price,title,description,sellerId,productId) VALUES (81,'2022-11-28 00:58:43',9,3449.3,'faucibus accumsan odio','posuere cubilia curae nulla dapibus dolor vel est donec odio justo sollicitudin ut suscipit a feugiat et eros vestibulum ac est lacinia nisi venenatis tristique fusce congue diam id ornare imperdiet sapien urna pretium nisl ut volutpat sapien arcu',19,100);
INSERT INTO Listings(listingId,timeListed,quantity,price,title,description,sellerId,productId) VALUES (82,'2022-12-08 08:36:38',8,3110.91,'eget nunc donec quis orci eget','in sapien iaculis congue vivamus metus arcu adipiscing molestie hendrerit at vulputate vitae nisl aenean lectus pellentesque eget nunc donec quis orci eget orci vehicula condimentum curabitur in libero ut massa volutpat convallis morbi odio odio elementum eu interdum eu tincidunt in leo maecenas pulvinar lobortis est phasellus',67,77);
INSERT INTO Listings(listingId,timeListed,quantity,price,title,description,sellerId,productId) VALUES (83,'2022-11-30 09:55:06',6,7955.33,'sapien sapien non mi integer ac neque','id nulla ultrices aliquet maecenas leo odio condimentum id luctus nec molestie sed justo pellentesque',6,96);
INSERT INTO Listings(listingId,timeListed,quantity,price,title,description,sellerId,productId) VALUES (84,'2022-09-18 00:10:33',2,5101.45,'neque duis bibendum morbi non quam','tristique est et tempus semper est quam pharetra magna ac consequat metus sapien ut nunc vestibulum ante ipsum primis in faucibus orci luctus et ultrices posuere',92,63);
INSERT INTO Listings(listingId,timeListed,quantity,price,title,description,sellerId,productId) VALUES (85,'2023-01-16 02:03:54',2,7777.7,'tristique in tempus sit amet sem fusce consequat nulla nisl','mi in porttitor pede justo eu massa donec dapibus duis at velit eu est congue elementum in hac habitasse platea dictumst morbi vestibulum velit id pretium',5,78);
INSERT INTO Listings(listingId,timeListed,quantity,price,title,description,sellerId,productId) VALUES (86,'2023-02-10 14:42:06',5,6252.59,'praesent blandit nam nulla','orci luctus et ultrices posuere cubilia curae nulla dapibus dolor vel',11,94);
INSERT INTO Listings(listingId,timeListed,quantity,price,title,description,sellerId,productId) VALUES (87,'2023-02-16 18:16:52',1,4230.44,'luctus et ultrices posuere cubilia curae duis faucibus accumsan','purus sit amet nulla quisque arcu libero rutrum ac lobortis vel dapibus at diam nam',23,46);
INSERT INTO Listings(listingId,timeListed,quantity,price,title,description,sellerId,productId) VALUES (88,'2023-04-09 18:38:59',5,9952.63,'blandit non interdum in ante vestibulum ante ipsum primis in','posuere metus vitae ipsum aliquam non mauris morbi non lectus aliquam sit amet diam in magna bibendum imperdiet nullam orci pede venenatis non sodales sed tincidunt eu felis fusce posuere felis sed lacus morbi sem mauris laoreet ut rhoncus aliquet pulvinar sed nisl nunc rhoncus dui vel sem sed sagittis',59,67);
INSERT INTO Listings(listingId,timeListed,quantity,price,title,description,sellerId,productId) VALUES (89,'2022-06-12 08:10:25',9,1751.12,'aliquet maecenas leo odio condimentum id luctus nec molestie','at diam',18,31);
INSERT INTO Listings(listingId,timeListed,quantity,price,title,description,sellerId,productId) VALUES (90,'2023-02-24 10:24:29',7,4056.11,'proin interdum mauris non ligula','mi in porttitor pede justo eu massa donec dapibus duis at velit eu est congue elementum in hac habitasse platea dictumst morbi vestibulum velit id pretium iaculis diam erat fermentum justo nec condimentum neque sapien placerat ante',100,83);
INSERT INTO Listings(listingId,timeListed,quantity,price,title,description,sellerId,productId) VALUES (91,'2022-07-26 15:52:02',8,8088.28,'mi pede malesuada in imperdiet','ut ultrices vel augue',86,66);
INSERT INTO Listings(listingId,timeListed,quantity,price,title,description,sellerId,productId) VALUES (92,'2023-03-08 17:20:55',1,3761.63,'et ultrices posuere cubilia curae nulla','elementum pellentesque quisque porta volutpat erat quisque erat eros viverra eget congue eget semper rutrum nulla nunc purus phasellus in felis donec semper sapien a libero',52,6);
INSERT INTO Listings(listingId,timeListed,quantity,price,title,description,sellerId,productId) VALUES (93,'2022-04-29 15:15:32',3,3629.88,'volutpat in congue etiam justo etiam pretium iaculis justo','quis orci nullam molestie nibh in lectus pellentesque at nulla suspendisse potenti cras in purus eu magna vulputate luctus cum sociis natoque penatibus et magnis dis parturient montes nascetur ridiculus mus vivamus vestibulum sagittis sapien cum sociis natoque penatibus et magnis dis parturient montes nascetur',21,19);
INSERT INTO Listings(listingId,timeListed,quantity,price,title,description,sellerId,productId) VALUES (94,'2022-11-06 00:25:33',8,6447.08,'sapien iaculis congue vivamus metus arcu adipiscing','rhoncus aliquam lacus morbi quis tortor id nulla ultrices aliquet maecenas leo odio condimentum id',10,18);
INSERT INTO Listings(listingId,timeListed,quantity,price,title,description,sellerId,productId) VALUES (95,'2022-08-19 06:24:11',8,6729.21,'justo in blandit ultrices enim lorem ipsum','dictumst aliquam augue quam sollicitudin',47,17);
INSERT INTO Listings(listingId,timeListed,quantity,price,title,description,sellerId,productId) VALUES (96,'2022-08-25 09:02:59',2,8672.37,'ipsum dolor sit amet consectetuer','nec molestie sed justo pellentesque',44,9);
INSERT INTO Listings(listingId,timeListed,quantity,price,title,description,sellerId,productId) VALUES (97,'2022-06-27 13:43:24',5,3055.7,'sit amet sapien dignissim vestibulum vestibulum ante','nisi at',65,7);
INSERT INTO Listings(listingId,timeListed,quantity,price,title,description,sellerId,productId) VALUES (98,'2022-08-18 06:33:03',4,1870.02,'non sodales sed tincidunt','in sapien iaculis congue vivamus metus arcu adipiscing molestie hendrerit at vulputate vitae nisl aenean lectus pellentesque eget nunc donec quis orci eget orci vehicula condimentum curabitur in libero ut massa volutpat convallis morbi odio odio elementum eu interdum eu tincidunt in',58,29);
INSERT INTO Listings(listingId,timeListed,quantity,price,title,description,sellerId,productId) VALUES (99,'2023-04-15 04:11:19',3,6275.07,'nisi nam ultrices','nam nulla integer pede justo lacinia eget tincidunt eget tempus vel pede morbi porttitor',57,79);
INSERT INTO Listings(listingId,timeListed,quantity,price,title,description,sellerId,productId) VALUES (100,'2022-09-09 08:21:07',1,9366.02,'maecenas tristique est et tempus semper','metus aenean fermentum donec ut mauris eget massa tempor convallis nulla neque libero convallis eget eleifend luctus ultricies eu nibh quisque id justo sit amet sapien dignissim vestibulum vestibulum ante ipsum primis in',64,92);
INSERT INTO Listings(listingId,timeListed,quantity,price,title,description,sellerId,productId) VALUES (101,'2023-03-31 11:40:59',4,7906.71,'velit nec nisi vulputate nonummy','est risus auctor sed tristique in tempus sit amet sem fusce consequat nulla nisl nunc nisl duis bibendum felis sed interdum venenatis turpis enim blandit mi in porttitor pede justo eu massa donec dapibus duis at velit eu est congue elementum in hac habitasse platea dictumst morbi vestibulum',11,18);
INSERT INTO Listings(listingId,timeListed,quantity,price,title,description,sellerId,productId) VALUES (102,'2023-03-05 02:15:06',10,1390.08,'eget massa tempor convallis nulla neque libero convallis','congue elementum in hac habitasse platea dictumst morbi vestibulum velit id pretium iaculis diam erat fermentum justo nec condimentum neque sapien placerat ante nulla justo aliquam quis turpis eget elit sodales scelerisque mauris sit amet eros suspendisse accumsan tortor quis',5,95);
INSERT INTO Listings(listingId,timeListed,quantity,price,title,description,sellerId,productId) VALUES (103,'2023-01-14 19:27:19',9,4675.54,'fermentum justo nec condimentum neque sapien placerat','leo odio condimentum id luctus nec molestie sed justo pellentesque viverra pede ac diam cras pellentesque volutpat dui maecenas tristique est et tempus semper est quam pharetra magna ac',62,26);
INSERT INTO Listings(listingId,timeListed,quantity,price,title,description,sellerId,productId) VALUES (104,'2022-12-01 22:38:12',6,2521.87,'dictumst morbi vestibulum velit id','ante vel ipsum praesent blandit lacinia erat vestibulum sed magna at nunc commodo placerat praesent blandit nam nulla integer pede justo lacinia eget tincidunt',74,5);
INSERT INTO Listings(listingId,timeListed,quantity,price,title,description,sellerId,productId) VALUES (105,'2023-03-25 06:31:21',9,7764.14,'sit amet eros suspendisse accumsan tortor quis','mauris sit amet eros suspendisse accumsan tortor quis turpis sed ante vivamus tortor duis mattis egestas metus aenean fermentum donec ut mauris eget massa tempor convallis nulla neque libero convallis eget eleifend luctus ultricies eu nibh quisque id justo sit amet sapien dignissim vestibulum',94,27);
INSERT INTO Listings(listingId,timeListed,quantity,price,title,description,sellerId,productId) VALUES (106,'2023-02-09 02:06:27',5,6424.12,'pede ac diam','adipiscing elit proin risus praesent lectus',23,33);
INSERT INTO Listings(listingId,timeListed,quantity,price,title,description,sellerId,productId) VALUES (107,'2022-04-27 23:23:25',4,8033.44,'tincidunt nulla mollis','libero nullam sit amet turpis elementum ligula vehicula consequat morbi a ipsum integer a nibh in quis justo maecenas rhoncus aliquam lacus morbi quis tortor id nulla ultrices aliquet',80,36);
INSERT INTO Listings(listingId,timeListed,quantity,price,title,description,sellerId,productId) VALUES (108,'2022-06-28 04:23:31',8,294.42,'nam nulla integer pede justo lacinia eget','luctus ultricies eu nibh quisque id justo sit amet sapien dignissim',31,37);
INSERT INTO Listings(listingId,timeListed,quantity,price,title,description,sellerId,productId) VALUES (109,'2022-11-02 08:27:12',10,4749.86,'id pretium iaculis diam erat fermentum justo nec condimentum','nulla nunc purus phasellus in felis donec semper sapien a',26,4);
INSERT INTO Listings(listingId,timeListed,quantity,price,title,description,sellerId,productId) VALUES (110,'2022-06-02 17:57:26',10,871.26,'consequat ut nulla sed accumsan felis ut at dolor','consequat metus sapien ut nunc vestibulum ante ipsum primis in faucibus orci luctus et ultrices posuere cubilia curae mauris viverra diam vitae quam suspendisse potenti nullam porttitor lacus at turpis donec posuere metus vitae ipsum aliquam',60,42);
INSERT INTO Listings(listingId,timeListed,quantity,price,title,description,sellerId,productId) VALUES (111,'2023-03-09 23:13:06',4,3261.2,'pharetra magna vestibulum aliquet ultrices erat tortor sollicitudin mi','enim lorem ipsum dolor',63,15);
INSERT INTO Listings(listingId,timeListed,quantity,price,title,description,sellerId,productId) VALUES (112,'2023-01-27 01:13:08',9,4280.3,'odio consequat varius integer ac leo pellentesque ultrices','in felis donec semper sapien a libero nam dui proin leo odio porttitor id consequat',50,35);
INSERT INTO Listings(listingId,timeListed,quantity,price,title,description,sellerId,productId) VALUES (113,'2022-09-27 16:47:03',10,9520.81,'mauris morbi non lectus aliquam','duis ac nibh fusce lacus purus aliquet at feugiat non pretium quis lectus suspendisse potenti in eleifend quam a odio in',36,84);
INSERT INTO Listings(listingId,timeListed,quantity,price,title,description,sellerId,productId) VALUES (114,'2023-04-13 18:37:47',1,6800.27,'facilisi cras non velit','non ligula pellentesque',61,80);
INSERT INTO Listings(listingId,timeListed,quantity,price,title,description,sellerId,productId) VALUES (115,'2022-05-14 18:30:18',9,4016.47,'posuere cubilia curae','gravida nisi',25,12);
INSERT INTO Listings(listingId,timeListed,quantity,price,title,description,sellerId,productId) VALUES (116,'2022-10-16 16:04:49',7,4926.95,'non velit nec nisi vulputate nonummy maecenas tincidunt','et magnis dis parturient montes nascetur ridiculus mus vivamus vestibulum sagittis sapien cum',82,64);
INSERT INTO Listings(listingId,timeListed,quantity,price,title,description,sellerId,productId) VALUES (117,'2022-08-26 13:43:55',9,4216.76,'nisi nam ultrices libero non mattis pulvinar nulla pede ullamcorper','sagittis nam congue risus semper porta volutpat quam pede lobortis ligula sit amet eleifend pede libero quis orci nullam molestie nibh in lectus pellentesque at nulla suspendisse potenti cras in purus eu magna vulputate luctus cum sociis natoque penatibus et magnis',27,22);
INSERT INTO Listings(listingId,timeListed,quantity,price,title,description,sellerId,productId) VALUES (118,'2022-11-06 03:16:17',8,282.82,'donec dapibus duis at velit eu est','vestibulum sit amet cursus id turpis integer aliquet massa id lobortis convallis tortor risus dapibus',53,56);
INSERT INTO Listings(listingId,timeListed,quantity,price,title,description,sellerId,productId) VALUES (119,'2022-10-10 01:03:20',6,900.2,'odio elementum eu interdum eu tincidunt in leo maecenas pulvinar','vel enim sit amet nunc viverra dapibus nulla suscipit ligula in lacus curabitur',3,21);
INSERT INTO Listings(listingId,timeListed,quantity,price,title,description,sellerId,productId) VALUES (120,'2022-08-05 14:08:40',1,516.97,'ultrices enim lorem','ipsum dolor sit amet consectetuer adipiscing elit',9,67);
INSERT INTO Listings(listingId,timeListed,quantity,price,title,description,sellerId,productId) VALUES (121,'2022-12-23 14:15:17',10,4375.96,'vehicula condimentum curabitur in libero ut massa volutpat convallis morbi','integer non velit donec diam neque vestibulum eget vulputate ut ultrices vel augue vestibulum ante ipsum primis in faucibus orci luctus et ultrices posuere cubilia curae donec pharetra magna vestibulum aliquet ultrices erat tortor sollicitudin',70,45);
INSERT INTO Listings(listingId,timeListed,quantity,price,title,description,sellerId,productId) VALUES (122,'2023-03-31 15:03:57',6,5379.63,'massa quis augue luctus tincidunt nulla mollis molestie lorem','integer aliquet massa id lobortis convallis tortor risus dapibus augue vel accumsan tellus nisi eu orci mauris lacinia sapien quis libero nullam sit amet turpis elementum ligula vehicula consequat morbi a ipsum integer a nibh in quis justo maecenas rhoncus aliquam lacus morbi',40,51);
INSERT INTO Listings(listingId,timeListed,quantity,price,title,description,sellerId,productId) VALUES (123,'2022-11-29 15:54:41',4,7145.49,'rhoncus aliquam lacus morbi quis tortor id nulla ultrices','pede libero quis orci nullam molestie nibh in lectus pellentesque at nulla suspendisse potenti cras in purus eu magna vulputate luctus cum sociis natoque penatibus et magnis dis parturient montes nascetur ridiculus',20,8);
INSERT INTO Listings(listingId,timeListed,quantity,price,title,description,sellerId,productId) VALUES (124,'2022-10-06 20:19:01',8,246.8,'turpis nec euismod scelerisque','ut erat curabitur gravida nisi at nibh in hac habitasse platea dictumst aliquam augue quam sollicitudin vitae consectetuer eget rutrum at lorem integer tincidunt ante vel ipsum praesent blandit lacinia erat vestibulum sed magna at nunc commodo placerat praesent blandit nam nulla integer pede justo lacinia eget tincidunt eget',49,78);
INSERT INTO Listings(listingId,timeListed,quantity,price,title,description,sellerId,productId) VALUES (125,'2023-04-01 02:25:19',9,5290.26,'et ultrices posuere cubilia curae duis','nec condimentum neque sapien placerat ante nulla justo aliquam quis turpis eget elit sodales scelerisque mauris sit amet eros suspendisse accumsan tortor quis turpis sed ante vivamus tortor duis mattis egestas metus aenean fermentum donec ut mauris eget massa tempor convallis nulla neque libero convallis eget eleifend luctus ultricies eu',92,62);
INSERT INTO Listings(listingId,timeListed,quantity,price,title,description,sellerId,productId) VALUES (126,'2022-12-30 06:41:48',7,3669.33,'magnis dis parturient montes nascetur','accumsan tortor quis turpis sed ante',67,3);
INSERT INTO Listings(listingId,timeListed,quantity,price,title,description,sellerId,productId) VALUES (127,'2022-05-30 10:24:52',4,4214.68,'amet turpis elementum ligula','rhoncus sed vestibulum sit amet cursus id turpis integer aliquet massa id lobortis convallis tortor risus dapibus augue vel accumsan tellus nisi eu orci mauris lacinia sapien quis libero nullam sit amet turpis elementum ligula vehicula consequat morbi a ipsum integer a nibh in',86,27);
INSERT INTO Listings(listingId,timeListed,quantity,price,title,description,sellerId,productId) VALUES (128,'2022-11-29 21:37:01',2,7004.21,'molestie lorem quisque ut erat curabitur gravida nisi at nibh','aliquet ultrices erat tortor sollicitudin mi sit amet lobortis sapien sapien non mi integer ac neque duis bibendum morbi non quam nec dui luctus rutrum nulla tellus in sagittis dui vel nisl duis ac nibh fusce lacus purus',75,11);
INSERT INTO Listings(listingId,timeListed,quantity,price,title,description,sellerId,productId) VALUES (129,'2023-03-10 12:50:49',1,419.18,'nunc commodo placerat praesent blandit nam nulla integer pede','erat id mauris vulputate elementum nullam',76,93);
INSERT INTO Listings(listingId,timeListed,quantity,price,title,description,sellerId,productId) VALUES (130,'2023-03-02 22:00:55',3,7111.61,'hac habitasse platea dictumst maecenas','tincidunt in leo maecenas pulvinar lobortis est phasellus sit amet erat nulla tempus vivamus in felis eu sapien cursus vestibulum proin eu mi nulla ac enim in tempor turpis nec euismod scelerisque quam turpis',1,70);
INSERT INTO Listings(listingId,timeListed,quantity,price,title,description,sellerId,productId) VALUES (131,'2022-09-12 16:08:49',10,5923.72,'nisl nunc rhoncus dui vel sem sed sagittis nam','nisl nunc nisl duis bibendum felis sed interdum venenatis turpis enim blandit',56,57);
INSERT INTO Listings(listingId,timeListed,quantity,price,title,description,sellerId,productId) VALUES (132,'2022-12-17 03:27:25',8,7760.7,'rhoncus mauris enim leo',NULL,69,76);
INSERT INTO Listings(listingId,timeListed,quantity,price,title,description,sellerId,productId) VALUES (133,'2022-06-30 13:15:36',10,1962.09,'eget eleifend luctus ultricies eu','velit id pretium iaculis diam erat fermentum justo nec condimentum neque sapien placerat ante nulla justo aliquam quis',83,65);
INSERT INTO Listings(listingId,timeListed,quantity,price,title,description,sellerId,productId) VALUES (134,'2022-05-20 02:29:26',5,7637.67,'condimentum curabitur in libero ut massa volutpat convallis morbi odio','donec dapibus duis at velit eu est congue elementum in hac habitasse platea',50,71);
INSERT INTO Listings(listingId,timeListed,quantity,price,title,description,sellerId,productId) VALUES (135,'2022-09-09 17:57:37',8,9794.75,'quis turpis sed','in quam fringilla rhoncus mauris enim leo rhoncus sed vestibulum sit amet',90,94);
INSERT INTO Listings(listingId,timeListed,quantity,price,title,description,sellerId,productId) VALUES (136,'2023-02-21 04:09:47',2,647.43,'vel augue vestibulum ante ipsum primis in faucibus','orci luctus et ultrices posuere cubilia curae mauris viverra diam vitae quam suspendisse potenti nullam porttitor lacus at turpis donec posuere metus vitae ipsum',87,14);
INSERT INTO Listings(listingId,timeListed,quantity,price,title,description,sellerId,productId) VALUES (137,'2022-04-21 21:59:54',6,1437.07,'velit nec nisi vulputate nonummy maecenas tincidunt','est phasellus sit amet erat nulla tempus vivamus in felis eu sapien cursus vestibulum proin eu mi nulla ac enim in tempor turpis nec euismod scelerisque quam turpis adipiscing lorem vitae mattis nibh ligula',66,29);
INSERT INTO Listings(listingId,timeListed,quantity,price,title,description,sellerId,productId) VALUES (138,'2022-04-23 10:25:27',2,8326.6,'faucibus cursus urna ut tellus','vestibulum ante ipsum primis in faucibus orci luctus et ultrices posuere cubilia curae donec pharetra magna vestibulum aliquet ultrices erat tortor sollicitudin mi sit amet lobortis sapien sapien non mi integer ac neque duis bibendum',52,42);
INSERT INTO Listings(listingId,timeListed,quantity,price,title,description,sellerId,productId) VALUES (139,'2022-12-14 07:49:08',7,7653.47,'nibh in quis justo maecenas rhoncus aliquam lacus morbi quis','id lobortis convallis tortor risus dapibus augue vel accumsan tellus nisi eu orci mauris lacinia sapien quis libero nullam sit amet turpis elementum ligula vehicula consequat morbi a ipsum integer a nibh in quis justo maecenas rhoncus aliquam lacus',89,85);
INSERT INTO Listings(listingId,timeListed,quantity,price,title,description,sellerId,productId) VALUES (140,'2022-12-13 03:53:50',7,899.23,'est congue elementum in','mi pede malesuada in imperdiet et commodo vulputate justo in',15,84);
INSERT INTO Listings(listingId,timeListed,quantity,price,title,description,sellerId,productId) VALUES (141,'2022-11-10 15:51:25',1,9130.96,'vestibulum rutrum rutrum neque aenean auctor','lorem integer tincidunt ante vel ipsum praesent blandit lacinia erat vestibulum sed magna at nunc commodo placerat praesent blandit nam nulla',40,92);
INSERT INTO Listings(listingId,timeListed,quantity,price,title,description,sellerId,productId) VALUES (142,'2023-03-14 18:05:42',3,4817.86,'tempus semper est quam pharetra magna','pulvinar nulla pede ullamcorper augue a suscipit nulla elit ac nulla sed vel enim sit amet',28,28);
INSERT INTO Listings(listingId,timeListed,quantity,price,title,description,sellerId,productId) VALUES (143,'2022-08-11 21:27:22',5,2529.86,'magna at nunc commodo placerat praesent blandit','ut erat curabitur gravida nisi at nibh in hac habitasse platea dictumst aliquam augue',50,83);
INSERT INTO Listings(listingId,timeListed,quantity,price,title,description,sellerId,productId) VALUES (144,'2022-06-22 06:01:55',4,4711.84,'massa volutpat convallis morbi odio odio elementum eu interdum','id turpis',68,70);
INSERT INTO Listings(listingId,timeListed,quantity,price,title,description,sellerId,productId) VALUES (145,'2022-11-15 19:53:10',1,4529.86,'luctus tincidunt nulla mollis molestie lorem','posuere felis sed lacus morbi sem mauris laoreet ut rhoncus aliquet pulvinar sed nisl nunc rhoncus dui vel sem sed sagittis nam congue risus semper porta volutpat quam pede lobortis ligula sit amet eleifend pede libero quis',38,84);
INSERT INTO Listings(listingId,timeListed,quantity,price,title,description,sellerId,productId) VALUES (146,'2022-09-24 22:14:40',2,2242.81,'sed vel enim sit amet nunc','ante vivamus',45,66);
INSERT INTO Listings(listingId,timeListed,quantity,price,title,description,sellerId,productId) VALUES (147,'2022-07-12 16:42:05',2,4183.4,'tincidunt lacus at','maecenas rhoncus aliquam lacus morbi quis tortor id nulla ultrices aliquet maecenas leo odio condimentum id luctus nec molestie sed justo pellentesque viverra pede ac diam cras pellentesque volutpat dui',100,74);
INSERT INTO Listings(listingId,timeListed,quantity,price,title,description,sellerId,productId) VALUES (148,'2022-09-12 12:11:25',7,8930.22,'nibh quisque id justo','morbi ut odio cras mi pede malesuada in imperdiet et commodo vulputate justo in blandit ultrices enim lorem ipsum dolor sit amet consectetuer adipiscing elit proin',98,12);
INSERT INTO Listings(listingId,timeListed,quantity,price,title,description,sellerId,productId) VALUES (149,'2022-10-29 19:07:36',3,1461.24,'neque vestibulum eget vulputate ut ultrices vel','massa quis augue luctus tincidunt nulla mollis molestie lorem quisque ut erat curabitur gravida nisi at nibh in hac habitasse platea dictumst aliquam augue quam sollicitudin vitae consectetuer eget rutrum at',75,2);
INSERT INTO Listings(listingId,timeListed,quantity,price,title,description,sellerId,productId) VALUES (150,'2023-04-05 04:00:29',1,7932.51,'volutpat sapien arcu sed augue aliquam erat volutpat in congue','augue a suscipit nulla elit ac nulla sed vel enim sit amet nunc viverra dapibus nulla suscipit ligula in lacus',63,40);
INSERT INTO Listings(listingId,timeListed,quantity,price,title,description,sellerId,productId) VALUES (151,'2022-05-27 04:35:18',1,5056.96,'eu felis fusce posuere felis sed lacus morbi sem mauris','integer pede justo lacinia eget tincidunt eget tempus vel pede morbi porttitor lorem id ligula suspendisse ornare consequat lectus in est risus auctor sed tristique in tempus sit amet sem fusce consequat nulla nisl nunc nisl duis bibendum felis sed interdum venenatis turpis enim blandit mi in',5,5);
INSERT INTO Listings(listingId,timeListed,quantity,price,title,description,sellerId,productId) VALUES (152,'2022-12-27 10:52:15',9,4382.49,'sed accumsan felis ut at dolor quis odio consequat varius','lobortis convallis tortor risus dapibus augue vel accumsan tellus nisi eu orci mauris lacinia sapien quis libero nullam sit amet turpis elementum ligula vehicula consequat morbi a ipsum integer a nibh in quis justo',23,64);
INSERT INTO Listings(listingId,timeListed,quantity,price,title,description,sellerId,productId) VALUES (153,'2022-06-12 12:20:46',1,5170.37,'ante ipsum primis in faucibus orci luctus et','justo',84,100);
INSERT INTO Listings(listingId,timeListed,quantity,price,title,description,sellerId,productId) VALUES (154,'2022-10-28 18:05:32',5,827.57,'bibendum imperdiet nullam orci','massa id lobortis convallis tortor risus dapibus augue vel accumsan tellus nisi',36,36);
INSERT INTO Listings(listingId,timeListed,quantity,price,title,description,sellerId,productId) VALUES (155,'2022-10-15 21:14:35',1,3260.24,'est congue elementum in hac','non mi integer ac neque duis bibendum morbi non quam',96,6);
INSERT INTO Listings(listingId,timeListed,quantity,price,title,description,sellerId,productId) VALUES (156,'2022-11-21 21:44:05',2,843.87,'metus vitae ipsum aliquam non mauris morbi','convallis nulla neque libero convallis',6,58);
INSERT INTO Listings(listingId,timeListed,quantity,price,title,description,sellerId,productId) VALUES (157,'2022-10-29 03:03:23',2,4127.95,'vivamus tortor duis mattis egestas metus aenean fermentum donec ut','fusce lacus purus',27,23);
INSERT INTO Listings(listingId,timeListed,quantity,price,title,description,sellerId,productId) VALUES (158,'2022-11-10 04:45:21',5,2334.19,'imperdiet et commodo vulputate justo in blandit ultrices','nunc',64,31);
INSERT INTO Listings(listingId,timeListed,quantity,price,title,description,sellerId,productId) VALUES (159,'2023-03-20 23:34:42',5,4467.75,'sed magna at','nisi eu orci mauris lacinia sapien quis libero nullam sit amet turpis elementum ligula vehicula consequat morbi a ipsum integer a nibh in quis justo',77,47);
INSERT INTO Listings(listingId,timeListed,quantity,price,title,description,sellerId,productId) VALUES (160,'2022-04-26 09:42:49',10,1501.48,'libero non mattis pulvinar nulla pede ullamcorper augue a','quam fringilla rhoncus mauris enim leo rhoncus sed vestibulum sit amet cursus id turpis integer aliquet massa id lobortis convallis tortor risus dapibus augue vel accumsan tellus nisi eu orci mauris lacinia sapien',49,17);
INSERT INTO Listings(listingId,timeListed,quantity,price,title,description,sellerId,productId) VALUES (161,'2022-12-18 06:05:18',10,1702.32,'curae duis faucibus accumsan odio','sit amet sapien dignissim vestibulum vestibulum ante ipsum primis in faucibus orci luctus et ultrices posuere cubilia curae nulla dapibus dolor vel est donec odio justo sollicitudin ut',82,90);
INSERT INTO Listings(listingId,timeListed,quantity,price,title,description,sellerId,productId) VALUES (162,'2022-12-28 10:27:29',9,456.14,'posuere metus vitae ipsum aliquam','platea dictumst aliquam augue quam sollicitudin vitae consectetuer eget rutrum at lorem integer tincidunt ante vel ipsum praesent blandit lacinia erat vestibulum sed magna at nunc commodo placerat praesent blandit nam nulla integer pede justo lacinia eget tincidunt eget tempus vel pede morbi porttitor lorem id ligula suspendisse ornare consequat',72,21);
INSERT INTO Listings(listingId,timeListed,quantity,price,title,description,sellerId,productId) VALUES (163,'2022-05-25 22:13:07',8,2288.39,'eu orci mauris lacinia sapien quis libero','id turpis',16,52);
INSERT INTO Listings(listingId,timeListed,quantity,price,title,description,sellerId,productId) VALUES (164,'2022-12-18 10:35:31',9,35.1,'cursus urna ut tellus nulla ut','amet diam in magna bibendum imperdiet nullam orci pede venenatis non sodales sed tincidunt eu',65,59);
INSERT INTO Listings(listingId,timeListed,quantity,price,title,description,sellerId,productId) VALUES (165,'2022-08-10 01:41:44',4,4194.17,'diam in magna bibendum imperdiet nullam orci pede','ante ipsum primis in faucibus orci luctus et ultrices posuere cubilia curae mauris viverra diam vitae quam suspendisse potenti nullam porttitor lacus at turpis donec posuere metus vitae ipsum aliquam non mauris morbi non lectus aliquam',63,60);
INSERT INTO Listings(listingId,timeListed,quantity,price,title,description,sellerId,productId) VALUES (166,'2022-11-18 02:49:20',5,8114.88,'sit amet eros suspendisse accumsan tortor quis turpis sed','potenti in',73,2);
INSERT INTO Listings(listingId,timeListed,quantity,price,title,description,sellerId,productId) VALUES (167,'2022-10-18 03:07:56',4,496.25,'imperdiet sapien urna','in felis donec semper sapien a libero nam',97,33);
INSERT INTO Listings(listingId,timeListed,quantity,price,title,description,sellerId,productId) VALUES (168,'2023-01-09 18:00:49',9,4452.26,'nullam sit amet turpis elementum ligula vehicula consequat morbi a','justo in hac habitasse platea dictumst etiam faucibus cursus urna ut tellus nulla ut erat id mauris vulputate elementum nullam varius nulla facilisi cras non velit nec nisi vulputate nonummy',80,26);
INSERT INTO Listings(listingId,timeListed,quantity,price,title,description,sellerId,productId) VALUES (169,'2022-12-10 20:50:24',1,1311.68,'pede malesuada in','vel nisl duis ac nibh fusce lacus purus aliquet at feugiat non pretium quis lectus suspendisse potenti in eleifend quam a odio in hac habitasse platea dictumst maecenas ut massa quis augue luctus tincidunt nulla mollis molestie lorem quisque ut erat curabitur gravida',6,29);
INSERT INTO Listings(listingId,timeListed,quantity,price,title,description,sellerId,productId) VALUES (170,'2022-09-12 21:01:10',3,7991.16,'mollis molestie lorem quisque ut erat curabitur gravida nisi at','dapibus',88,22);
INSERT INTO Listings(listingId,timeListed,quantity,price,title,description,sellerId,productId) VALUES (171,'2022-12-30 19:32:50',10,7394.82,'morbi ut odio cras mi pede malesuada','eros elementum pellentesque quisque porta volutpat erat quisque erat eros viverra eget congue eget semper rutrum nulla nunc purus phasellus in felis donec',9,43);
INSERT INTO Listings(listingId,timeListed,quantity,price,title,description,sellerId,productId) VALUES (172,'2022-12-13 18:13:20',2,4556.46,'libero convallis eget eleifend luctus ultricies','nulla facilisi cras non velit nec nisi vulputate nonummy maecenas tincidunt lacus at velit vivamus vel nulla eget eros elementum pellentesque quisque porta volutpat erat quisque erat eros viverra eget congue eget semper rutrum nulla nunc purus phasellus in felis donec',71,23);
INSERT INTO Listings(listingId,timeListed,quantity,price,title,description,sellerId,productId) VALUES (173,'2022-05-17 17:05:26',2,2274.48,'vestibulum ante ipsum','quis turpis eget elit sodales scelerisque mauris sit amet eros suspendisse accumsan tortor quis turpis sed ante vivamus tortor duis mattis egestas',33,12);
INSERT INTO Listings(listingId,timeListed,quantity,price,title,description,sellerId,productId) VALUES (174,'2023-01-01 12:20:28',1,389.18,'ultrices phasellus id sapien in sapien iaculis','faucibus orci luctus et ultrices posuere',90,69);
INSERT INTO Listings(listingId,timeListed,quantity,price,title,description,sellerId,productId) VALUES (175,'2023-01-02 09:44:58',7,7294.35,'posuere cubilia curae duis faucibus accumsan odio curabitur','posuere cubilia curae nulla dapibus dolor vel est donec odio',81,79);
INSERT INTO Listings(listingId,timeListed,quantity,price,title,description,sellerId,productId) VALUES (176,'2023-01-21 11:14:35',4,6787.44,'cursus vestibulum proin','platea dictumst maecenas ut massa quis augue luctus tincidunt nulla mollis molestie lorem quisque ut erat curabitur gravida nisi at nibh in hac habitasse platea dictumst aliquam',44,30);
INSERT INTO Listings(listingId,timeListed,quantity,price,title,description,sellerId,productId) VALUES (177,'2022-05-03 16:13:28',8,1711.76,'ipsum primis in faucibus orci luctus et ultrices posuere','vestibulum sagittis sapien cum sociis natoque penatibus et magnis dis parturient montes nascetur ridiculus mus etiam vel augue vestibulum rutrum rutrum neque aenean auctor gravida sem praesent id massa',76,42);
INSERT INTO Listings(listingId,timeListed,quantity,price,title,description,sellerId,productId) VALUES (178,'2022-08-21 00:47:24',6,755.15,'sapien in sapien iaculis congue vivamus metus arcu','turpis eget elit sodales scelerisque mauris sit amet eros suspendisse accumsan tortor quis turpis sed ante vivamus tortor duis mattis egestas metus aenean fermentum donec ut mauris eget massa tempor convallis nulla neque libero convallis eget eleifend luctus',91,61);
INSERT INTO Listings(listingId,timeListed,quantity,price,title,description,sellerId,productId) VALUES (179,'2022-12-08 06:23:57',3,204.35,'pulvinar lobortis est phasellus sit amet erat nulla tempus vivamus','ut at dolor quis odio consequat varius integer ac leo pellentesque ultrices mattis',37,75);
INSERT INTO Listings(listingId,timeListed,quantity,price,title,description,sellerId,productId) VALUES (180,'2022-12-10 08:19:01',4,4759.22,'non ligula pellentesque ultrices phasellus id sapien in sapien','erat nulla tempus vivamus in felis eu sapien cursus vestibulum proin eu mi nulla ac enim in tempor turpis nec euismod',38,55);
INSERT INTO Listings(listingId,timeListed,quantity,price,title,description,sellerId,productId) VALUES (181,'2023-02-08 06:52:01',2,6278.68,'tristique est et tempus','vivamus vestibulum sagittis sapien cum sociis natoque penatibus et magnis dis parturient montes nascetur ridiculus mus etiam vel augue vestibulum rutrum rutrum neque aenean auctor gravida sem praesent id massa id nisl',26,40);
INSERT INTO Listings(listingId,timeListed,quantity,price,title,description,sellerId,productId) VALUES (182,'2023-01-08 21:21:43',1,9751.38,'dui vel nisl duis ac nibh fusce lacus purus aliquet','iaculis',2,47);
INSERT INTO Listings(listingId,timeListed,quantity,price,title,description,sellerId,productId) VALUES (183,'2023-03-01 21:19:27',9,9811.32,'dui vel nisl duis ac nibh fusce lacus purus aliquet','curabitur in',73,99);
INSERT INTO Listings(listingId,timeListed,quantity,price,title,description,sellerId,productId) VALUES (184,'2022-04-30 22:49:12',4,6804.73,'pede malesuada in imperdiet et commodo vulputate','nisi venenatis tristique fusce congue diam id ornare imperdiet sapien urna pretium nisl ut volutpat sapien arcu sed augue aliquam erat volutpat in congue etiam justo etiam pretium iaculis justo in hac habitasse platea dictumst etiam faucibus cursus urna ut tellus nulla ut',70,61);
INSERT INTO Listings(listingId,timeListed,quantity,price,title,description,sellerId,productId) VALUES (185,'2023-03-30 21:31:38',2,9426.76,'praesent id massa id nisl','ac est lacinia nisi venenatis tristique fusce congue diam id ornare imperdiet sapien urna pretium nisl',13,83);
INSERT INTO Listings(listingId,timeListed,quantity,price,title,description,sellerId,productId) VALUES (186,'2022-06-25 04:07:14',3,5750.4,'sapien dignissim vestibulum vestibulum ante ipsum primis in faucibus','a odio in hac habitasse platea dictumst maecenas ut massa quis augue luctus tincidunt nulla mollis molestie lorem quisque ut erat curabitur gravida nisi at nibh in hac habitasse',58,52);
INSERT INTO Listings(listingId,timeListed,quantity,price,title,description,sellerId,productId) VALUES (187,'2022-08-28 04:59:10',9,3358.39,'nisi volutpat eleifend','nulla integer pede justo lacinia',17,23);
INSERT INTO Listings(listingId,timeListed,quantity,price,title,description,sellerId,productId) VALUES (188,'2023-02-20 02:30:36',10,1833.5,'at nunc commodo placerat praesent blandit nam nulla integer','dui vel sem sed sagittis nam congue risus semper',76,45);
INSERT INTO Listings(listingId,timeListed,quantity,price,title,description,sellerId,productId) VALUES (189,'2022-09-11 00:15:57',5,384.98,'nibh ligula nec sem duis aliquam convallis','quis lectus suspendisse potenti in eleifend quam a odio in',15,11);
INSERT INTO Listings(listingId,timeListed,quantity,price,title,description,sellerId,productId) VALUES (190,'2022-05-25 19:49:47',1,4385.72,'maecenas ut massa quis augue luctus tincidunt nulla mollis molestie','lorem integer tincidunt ante vel ipsum praesent blandit lacinia erat vestibulum sed magna at nunc commodo placerat praesent blandit nam nulla integer pede justo lacinia eget tincidunt eget tempus vel pede morbi porttitor lorem',98,30);
INSERT INTO Listings(listingId,timeListed,quantity,price,title,description,sellerId,productId) VALUES (191,'2023-03-12 21:25:21',4,2310.24,'erat fermentum justo nec condimentum neque sapien placerat ante nulla','aliquam erat volutpat in congue etiam justo etiam pretium iaculis justo in hac habitasse platea dictumst etiam faucibus cursus urna ut tellus nulla ut erat id mauris vulputate elementum nullam varius nulla facilisi cras non velit nec nisi vulputate nonummy maecenas tincidunt lacus at velit vivamus vel nulla eget eros',11,80);
INSERT INTO Listings(listingId,timeListed,quantity,price,title,description,sellerId,productId) VALUES (192,'2023-03-23 07:34:57',6,4423.42,'dis parturient montes nascetur ridiculus mus etiam vel','gravida nisi at nibh in hac habitasse platea dictumst aliquam augue quam sollicitudin vitae consectetuer eget rutrum at lorem integer tincidunt ante vel ipsum praesent blandit lacinia erat vestibulum sed magna at nunc commodo placerat praesent blandit nam nulla integer pede justo lacinia eget tincidunt eget tempus vel',16,57);
INSERT INTO Listings(listingId,timeListed,quantity,price,title,description,sellerId,productId) VALUES (193,'2022-11-10 17:23:01',9,7003.56,'semper rutrum nulla nunc','maecenas ut massa quis',99,31);
INSERT INTO Listings(listingId,timeListed,quantity,price,title,description,sellerId,productId) VALUES (194,'2022-07-24 21:21:29',2,3170.4,'ut mauris eget massa tempor convallis nulla neque libero','vestibulum proin eu mi nulla ac',40,28);
INSERT INTO Listings(listingId,timeListed,quantity,price,title,description,sellerId,productId) VALUES (195,'2022-12-20 14:01:26',5,4721.32,'quis odio consequat varius integer ac leo pellentesque','augue quam sollicitudin vitae consectetuer eget rutrum at lorem integer tincidunt ante vel ipsum praesent blandit lacinia erat vestibulum sed magna at nunc commodo placerat praesent blandit nam nulla integer pede justo lacinia eget tincidunt',32,29);
INSERT INTO Listings(listingId,timeListed,quantity,price,title,description,sellerId,productId) VALUES (196,'2022-12-18 19:26:31',10,5579.88,'aliquam quis turpis eget elit sodales scelerisque mauris sit','adipiscing elit proin interdum',71,55);
INSERT INTO Listings(listingId,timeListed,quantity,price,title,description,sellerId,productId) VALUES (197,'2022-08-14 03:29:18',3,6067.75,'molestie hendrerit at vulputate','eu sapien cursus vestibulum proin eu mi nulla ac enim in tempor turpis nec euismod scelerisque quam turpis adipiscing lorem vitae mattis nibh ligula nec sem duis aliquam convallis nunc proin at turpis a pede posuere nonummy integer non velit donec diam neque vestibulum eget vulputate ut ultrices',36,13);
INSERT INTO Listings(listingId,timeListed,quantity,price,title,description,sellerId,productId) VALUES (198,'2022-07-02 06:44:07',8,4217.33,'nec dui luctus rutrum nulla tellus in sagittis','potenti cras in purus eu magna vulputate luctus cum sociis natoque penatibus et magnis dis parturient montes nascetur ridiculus mus vivamus vestibulum sagittis',44,78);
INSERT INTO Listings(listingId,timeListed,quantity,price,title,description,sellerId,productId) VALUES (199,'2022-05-22 03:59:03',2,7584.63,'porttitor lorem id','neque aenean auctor gravida sem praesent id massa id nisl venenatis lacinia aenean sit amet justo morbi ut odio cras mi pede malesuada in imperdiet et commodo vulputate justo in blandit ultrices enim',22,4);
INSERT INTO Listings(listingId,timeListed,quantity,price,title,description,sellerId,productId) VALUES (200,'2022-08-24 07:05:47',1,1219.76,'mi integer ac neque duis bibendum morbi non','ultrices libero non mattis pulvinar nulla pede ullamcorper augue a suscipit nulla elit ac nulla sed vel enim sit amet nunc viverra dapibus nulla suscipit ligula in lacus curabitur at ipsum ac tellus semper interdum mauris ullamcorper',84,60);
INSERT INTO Listings(listingId,timeListed,quantity,price,title,description,sellerId,productId) VALUES (201,'2023-01-16 13:48:26',5,6276.7,'nulla ultrices aliquet maecenas leo odio condimentum id','magna vestibulum aliquet ultrices erat tortor sollicitudin mi sit amet lobortis sapien sapien non mi integer ac neque duis bibendum morbi non quam nec dui luctus rutrum nulla tellus in sagittis dui vel',73,93);
INSERT INTO Listings(listingId,timeListed,quantity,price,title,description,sellerId,productId) VALUES (202,'2022-11-15 19:45:12',8,7402.4,'posuere metus vitae ipsum aliquam','non mattis pulvinar',82,53);
INSERT INTO Listings(listingId,timeListed,quantity,price,title,description,sellerId,productId) VALUES (203,'2022-12-01 23:32:50',10,9521.72,'platea dictumst etiam faucibus cursus urna ut tellus','tristique fusce congue diam id ornare imperdiet sapien urna',45,67);
INSERT INTO Listings(listingId,timeListed,quantity,price,title,description,sellerId,productId) VALUES (204,'2023-01-05 00:34:21',8,895.65,'cras in purus','vestibulum ante ipsum primis in faucibus orci luctus et ultrices posuere cubilia curae duis faucibus accumsan odio curabitur convallis duis consequat dui nec nisi volutpat eleifend donec ut dolor morbi vel lectus in quam fringilla rhoncus mauris enim leo rhoncus sed vestibulum sit',62,3);
INSERT INTO Listings(listingId,timeListed,quantity,price,title,description,sellerId,productId) VALUES (205,'2022-07-08 05:57:09',10,6431.01,'congue risus semper porta volutpat quam pede lobortis ligula sit','ultrices posuere cubilia curae donec pharetra magna vestibulum aliquet ultrices erat tortor sollicitudin mi sit amet lobortis sapien sapien non mi integer ac neque duis bibendum morbi non quam nec dui luctus rutrum nulla tellus in sagittis dui',39,87);
INSERT INTO Listings(listingId,timeListed,quantity,price,title,description,sellerId,productId) VALUES (206,'2023-01-08 13:24:57',8,7860.54,'primis in faucibus orci luctus et ultrices posuere','turpis eget elit sodales scelerisque mauris sit amet eros suspendisse accumsan tortor quis turpis sed ante vivamus',65,68);
INSERT INTO Listings(listingId,timeListed,quantity,price,title,description,sellerId,productId) VALUES (207,'2022-08-08 15:21:35',6,8673.05,'id nisl venenatis lacinia aenean sit','aliquet pulvinar sed nisl nunc rhoncus dui vel sem sed sagittis nam congue risus semper porta volutpat quam pede lobortis',97,66);
INSERT INTO Listings(listingId,timeListed,quantity,price,title,description,sellerId,productId) VALUES (208,'2022-10-26 01:44:43',9,4430.71,'blandit ultrices enim lorem ipsum dolor sit amet consectetuer adipiscing','arcu sed augue aliquam erat volutpat in congue etiam justo etiam pretium iaculis justo in hac habitasse platea dictumst etiam faucibus cursus',48,7);
INSERT INTO Listings(listingId,timeListed,quantity,price,title,description,sellerId,productId) VALUES (209,'2022-08-25 16:18:47',1,7927.73,'velit nec nisi vulputate nonummy','vel augue vestibulum rutrum rutrum neque aenean auctor gravida sem praesent id massa id nisl venenatis lacinia aenean',87,72);
INSERT INTO Listings(listingId,timeListed,quantity,price,title,description,sellerId,productId) VALUES (210,'2022-07-30 20:35:03',5,1113.07,'turpis adipiscing lorem vitae mattis nibh ligula','magna vulputate luctus cum sociis natoque penatibus et magnis dis parturient montes nascetur ridiculus mus vivamus vestibulum sagittis sapien cum sociis natoque penatibus et magnis dis parturient montes nascetur',96,74);
INSERT INTO Listings(listingId,timeListed,quantity,price,title,description,sellerId,productId) VALUES (211,'2022-07-11 11:45:12',10,9999.81,'turpis sed ante vivamus tortor duis mattis egestas metus aenean','morbi ut odio cras mi pede malesuada in imperdiet et commodo vulputate justo in blandit ultrices enim lorem ipsum dolor sit amet consectetuer adipiscing elit proin interdum mauris non ligula pellentesque ultrices phasellus id sapien in',58,43);
INSERT INTO Listings(listingId,timeListed,quantity,price,title,description,sellerId,productId) VALUES (212,'2022-06-15 10:48:51',6,7988.56,'duis bibendum morbi non quam','volutpat convallis morbi odio odio elementum eu interdum eu tincidunt in leo maecenas pulvinar lobortis est phasellus sit amet erat nulla tempus vivamus in felis eu sapien cursus vestibulum proin eu mi nulla ac enim in tempor turpis nec euismod scelerisque',84,59);
INSERT INTO Listings(listingId,timeListed,quantity,price,title,description,sellerId,productId) VALUES (213,'2022-12-03 06:05:10',7,5905.19,'pede malesuada in imperdiet et','ac consequat metus sapien ut nunc vestibulum ante ipsum primis in faucibus orci',78,65);
INSERT INTO Listings(listingId,timeListed,quantity,price,title,description,sellerId,productId) VALUES (214,'2022-07-30 10:58:26',3,3079.08,'ac nibh fusce lacus purus aliquet at feugiat non pretium','quis justo',69,28);
INSERT INTO Listings(listingId,timeListed,quantity,price,title,description,sellerId,productId) VALUES (215,'2023-04-09 08:28:37',1,2609.88,'ante nulla justo aliquam quis turpis eget elit sodales scelerisque','et ultrices posuere cubilia curae duis faucibus accumsan odio curabitur convallis duis consequat dui nec nisi volutpat eleifend donec ut dolor morbi vel lectus in quam fringilla rhoncus mauris enim leo rhoncus sed vestibulum sit amet cursus id turpis integer aliquet massa id lobortis convallis tortor risus',63,18);
INSERT INTO Listings(listingId,timeListed,quantity,price,title,description,sellerId,productId) VALUES (216,'2022-11-10 10:08:37',8,7376.47,'lacus morbi sem mauris laoreet ut rhoncus aliquet pulvinar sed','volutpat quam pede lobortis ligula sit amet eleifend pede libero quis orci nullam molestie nibh in lectus',49,95);
INSERT INTO Listings(listingId,timeListed,quantity,price,title,description,sellerId,productId) VALUES (217,'2023-03-02 04:23:01',8,770.67,'integer pede justo lacinia eget tincidunt eget tempus vel','ipsum dolor sit amet consectetuer adipiscing elit proin risus praesent lectus vestibulum quam sapien varius ut blandit non interdum in ante vestibulum ante ipsum primis',40,50);
INSERT INTO Listings(listingId,timeListed,quantity,price,title,description,sellerId,productId) VALUES (218,'2022-10-30 00:12:13',7,7222.37,'in ante vestibulum ante ipsum primis','tempor turpis nec euismod scelerisque quam turpis adipiscing lorem vitae mattis nibh ligula nec sem duis aliquam convallis nunc proin at turpis a pede posuere nonummy integer non velit donec diam neque vestibulum eget vulputate ut ultrices vel augue',5,17);
INSERT INTO Listings(listingId,timeListed,quantity,price,title,description,sellerId,productId) VALUES (219,'2022-09-28 12:41:28',10,8004.08,'nulla mollis molestie lorem quisque ut','eu tincidunt in leo maecenas pulvinar lobortis est phasellus sit amet erat nulla tempus vivamus in felis eu',85,23);
INSERT INTO Listings(listingId,timeListed,quantity,price,title,description,sellerId,productId) VALUES (220,'2022-05-14 18:47:24',1,6038.11,'et magnis dis parturient montes nascetur ridiculus mus','imperdiet nullam orci pede venenatis non sodales sed tincidunt eu felis fusce posuere felis sed lacus morbi sem mauris laoreet ut rhoncus aliquet pulvinar sed nisl nunc rhoncus dui vel sem sed sagittis nam congue risus semper porta volutpat quam pede lobortis ligula sit',1,42);
INSERT INTO Listings(listingId,timeListed,quantity,price,title,description,sellerId,productId) VALUES (221,'2022-11-29 09:23:14',7,4155.31,'interdum mauris non ligula pellentesque ultrices phasellus','quisque erat eros viverra eget congue eget semper rutrum nulla nunc purus phasellus in felis donec semper sapien',35,15);
INSERT INTO Listings(listingId,timeListed,quantity,price,title,description,sellerId,productId) VALUES (222,'2022-09-18 07:39:23',4,7444.13,'nisl aenean lectus pellentesque eget nunc donec quis orci','non ligula pellentesque ultrices phasellus id sapien in sapien iaculis congue vivamus metus arcu adipiscing molestie hendrerit at vulputate vitae nisl aenean lectus pellentesque eget nunc donec quis orci eget orci vehicula condimentum curabitur in libero',98,3);
INSERT INTO Listings(listingId,timeListed,quantity,price,title,description,sellerId,productId) VALUES (223,'2022-06-08 16:38:59',4,5940.4,'habitasse platea dictumst aliquam augue quam','fusce posuere felis sed lacus morbi sem mauris laoreet',80,34);
INSERT INTO Listings(listingId,timeListed,quantity,price,title,description,sellerId,productId) VALUES (224,'2022-04-23 11:56:38',9,7427.68,'dictumst etiam faucibus cursus urna ut tellus','montes nascetur ridiculus mus vivamus vestibulum sagittis sapien cum sociis natoque penatibus et magnis dis parturient montes nascetur ridiculus mus etiam vel augue vestibulum rutrum rutrum neque aenean auctor gravida sem praesent id massa id nisl venenatis',54,52);
INSERT INTO Listings(listingId,timeListed,quantity,price,title,description,sellerId,productId) VALUES (225,'2022-12-21 08:22:27',4,827.67,'vel pede morbi porttitor lorem id ligula suspendisse ornare consequat','ut erat id mauris vulputate elementum nullam varius nulla facilisi cras non velit nec nisi vulputate nonummy maecenas tincidunt lacus at velit vivamus vel nulla eget eros elementum pellentesque quisque porta volutpat erat quisque erat eros viverra eget congue eget',40,82);
INSERT INTO Listings(listingId,timeListed,quantity,price,title,description,sellerId,productId) VALUES (226,'2022-06-02 18:44:36',8,3095.55,'fermentum justo nec condimentum neque sapien','imperdiet et commodo vulputate justo in blandit ultrices enim lorem ipsum dolor sit amet consectetuer adipiscing elit proin interdum',83,78);
INSERT INTO Listings(listingId,timeListed,quantity,price,title,description,sellerId,productId) VALUES (227,'2022-12-14 09:16:23',7,9284.81,'duis mattis egestas metus aenean fermentum donec','justo sit amet sapien dignissim vestibulum vestibulum ante ipsum primis in faucibus orci luctus et ultrices posuere cubilia curae nulla dapibus dolor vel est donec odio justo sollicitudin ut suscipit',26,50);
INSERT INTO Listings(listingId,timeListed,quantity,price,title,description,sellerId,productId) VALUES (228,'2022-11-11 20:11:53',9,4696.82,'in tempus sit amet sem fusce consequat nulla','amet eleifend pede libero quis orci nullam molestie nibh in lectus pellentesque at nulla',27,40);
INSERT INTO Listings(listingId,timeListed,quantity,price,title,description,sellerId,productId) VALUES (229,'2023-02-18 12:50:33',5,278.28,'potenti cras in purus eu','urna pretium nisl ut volutpat sapien arcu sed augue aliquam erat volutpat in congue etiam justo etiam pretium iaculis justo in hac habitasse platea dictumst etiam faucibus cursus urna',95,61);
INSERT INTO Listings(listingId,timeListed,quantity,price,title,description,sellerId,productId) VALUES (230,'2022-11-26 18:21:39',9,2674.93,'magna bibendum imperdiet nullam','mattis nibh ligula nec sem duis',74,84);
INSERT INTO Listings(listingId,timeListed,quantity,price,title,description,sellerId,productId) VALUES (231,'2023-01-11 18:53:58',4,8087.89,'ultrices posuere cubilia curae donec pharetra magna vestibulum aliquet ultrices','sed sagittis nam congue risus semper porta volutpat quam pede lobortis ligula sit amet eleifend pede libero quis',11,99);
INSERT INTO Listings(listingId,timeListed,quantity,price,title,description,sellerId,productId) VALUES (232,'2022-05-28 18:57:12',5,4414.17,'vestibulum sit amet cursus id turpis integer aliquet','duis bibendum morbi non quam nec dui luctus rutrum nulla tellus in sagittis dui vel nisl duis ac nibh fusce lacus purus aliquet at feugiat non pretium quis lectus',22,6);
INSERT INTO Listings(listingId,timeListed,quantity,price,title,description,sellerId,productId) VALUES (233,'2022-06-09 01:00:14',9,4312.29,'adipiscing molestie hendrerit at vulputate vitae nisl','pede venenatis non sodales sed tincidunt eu felis fusce posuere felis sed lacus morbi sem mauris laoreet ut rhoncus aliquet pulvinar sed nisl nunc',61,58);
INSERT INTO Listings(listingId,timeListed,quantity,price,title,description,sellerId,productId) VALUES (234,'2023-03-11 05:18:09',4,8300.69,'sed tristique in tempus sit','non velit nec nisi vulputate nonummy maecenas tincidunt lacus at velit vivamus vel nulla eget eros elementum pellentesque quisque porta volutpat erat quisque erat eros viverra eget congue eget semper rutrum nulla nunc purus',55,72);
INSERT INTO Listings(listingId,timeListed,quantity,price,title,description,sellerId,productId) VALUES (235,'2023-01-11 22:03:39',7,8108.7,'ac nibh fusce lacus purus aliquet','mauris viverra diam vitae quam suspendisse potenti nullam porttitor lacus at turpis donec posuere metus vitae ipsum aliquam non mauris morbi non lectus aliquam sit amet diam in magna bibendum imperdiet nullam orci pede venenatis non sodales sed',60,36);
INSERT INTO Listings(listingId,timeListed,quantity,price,title,description,sellerId,productId) VALUES (236,'2022-10-31 10:37:55',2,7741.82,'porttitor id consequat in consequat ut','in consequat ut nulla sed accumsan felis ut',46,76);
INSERT INTO Listings(listingId,timeListed,quantity,price,title,description,sellerId,productId) VALUES (237,'2023-03-31 20:06:54',6,6934.15,'sed magna at nunc','suscipit nulla elit ac nulla sed vel enim sit amet nunc viverra dapibus nulla suscipit ligula in lacus curabitur at ipsum ac',52,13);
INSERT INTO Listings(listingId,timeListed,quantity,price,title,description,sellerId,productId) VALUES (238,'2022-07-01 07:36:41',9,7875.7,'dictumst aliquam augue','a odio in hac habitasse platea dictumst maecenas ut massa quis augue luctus tincidunt nulla mollis molestie lorem quisque ut erat curabitur gravida nisi at nibh in hac habitasse platea dictumst aliquam augue quam sollicitudin vitae consectetuer eget rutrum at lorem integer tincidunt ante',76,97);
INSERT INTO Listings(listingId,timeListed,quantity,price,title,description,sellerId,productId) VALUES (239,'2023-03-17 20:45:34',2,5702.03,'sapien sapien non mi','ultrices phasellus id sapien in sapien iaculis congue vivamus metus arcu adipiscing molestie hendrerit at vulputate vitae nisl aenean lectus pellentesque eget nunc donec',49,86);
INSERT INTO Listings(listingId,timeListed,quantity,price,title,description,sellerId,productId) VALUES (240,'2022-08-19 12:23:01',1,6934.99,'eleifend donec ut dolor morbi vel lectus in quam fringilla','feugiat et eros vestibulum ac est lacinia',89,45);
INSERT INTO Listings(listingId,timeListed,quantity,price,title,description,sellerId,productId) VALUES (241,'2022-05-30 15:47:32',9,7448.89,'sodales sed tincidunt eu felis fusce',NULL,60,36);
INSERT INTO Listings(listingId,timeListed,quantity,price,title,description,sellerId,productId) VALUES (242,'2023-04-03 07:05:01',2,8394.87,'vel augue vestibulum rutrum rutrum','amet turpis elementum ligula vehicula consequat morbi a ipsum integer a nibh in quis justo maecenas rhoncus aliquam lacus morbi quis tortor id nulla ultrices aliquet maecenas leo odio condimentum id luctus nec molestie sed justo pellentesque viverra pede ac diam cras pellentesque volutpat dui maecenas tristique',88,11);
INSERT INTO Listings(listingId,timeListed,quantity,price,title,description,sellerId,productId) VALUES (243,'2022-07-15 11:21:09',8,9186.32,'curabitur gravida nisi at nibh in','nulla sed vel enim',59,77);
INSERT INTO Listings(listingId,timeListed,quantity,price,title,description,sellerId,productId) VALUES (244,'2023-02-12 14:57:54',5,6965.64,'nisl duis ac nibh fusce lacus purus aliquet','bibendum felis sed interdum venenatis turpis enim blandit mi in porttitor pede',98,15);
INSERT INTO Listings(listingId,timeListed,quantity,price,title,description,sellerId,productId) VALUES (245,'2023-02-12 18:57:26',10,5380.39,'at velit eu','lorem id ligula suspendisse ornare consequat lectus in est risus auctor sed tristique',16,7);
INSERT INTO Listings(listingId,timeListed,quantity,price,title,description,sellerId,productId) VALUES (246,'2022-06-16 05:45:11',1,9310.58,'odio odio elementum eu interdum','felis donec semper sapien a libero nam dui proin leo odio porttitor id consequat in consequat ut nulla sed accumsan felis ut at dolor',31,43);
INSERT INTO Listings(listingId,timeListed,quantity,price,title,description,sellerId,productId) VALUES (247,'2022-06-07 10:19:14',10,7338.49,'non velit donec diam neque vestibulum eget vulputate ut','varius nulla facilisi cras non velit nec nisi vulputate nonummy maecenas tincidunt lacus at velit vivamus vel nulla eget eros elementum pellentesque quisque porta volutpat erat',28,45);
INSERT INTO Listings(listingId,timeListed,quantity,price,title,description,sellerId,productId) VALUES (248,'2022-11-18 12:21:48',8,7783.5,'elementum eu interdum eu tincidunt in leo maecenas','magnis dis parturient montes nascetur ridiculus mus etiam vel augue vestibulum rutrum rutrum neque aenean auctor gravida sem praesent id massa id nisl venenatis lacinia aenean sit amet justo morbi ut odio cras mi pede malesuada',80,22);
INSERT INTO Listings(listingId,timeListed,quantity,price,title,description,sellerId,productId) VALUES (249,'2022-11-06 07:33:54',8,5732.34,'vestibulum ante ipsum primis in faucibus orci luctus et ultrices','quis lectus suspendisse potenti in eleifend quam a odio in hac habitasse platea dictumst maecenas ut massa quis augue luctus tincidunt nulla mollis molestie',89,28);
INSERT INTO Listings(listingId,timeListed,quantity,price,title,description,sellerId,productId) VALUES (250,'2022-09-03 12:14:12',7,6499.22,'mi nulla ac enim in','donec odio justo sollicitudin ut suscipit a feugiat et eros vestibulum ac est lacinia nisi venenatis tristique fusce congue diam id ornare imperdiet sapien urna pretium nisl ut volutpat sapien arcu sed augue aliquam erat volutpat in congue etiam justo etiam pretium iaculis justo in hac habitasse platea dictumst etiam',48,80);
INSERT INTO Listings(listingId,timeListed,quantity,price,title,description,sellerId,productId) VALUES (251,'2022-04-19 12:49:24',9,8152.03,'aliquam sit amet diam in','volutpat dui maecenas tristique est et tempus semper est quam pharetra magna ac consequat metus sapien ut nunc vestibulum ante ipsum primis in faucibus orci luctus et ultrices posuere cubilia curae mauris',79,69);
INSERT INTO Listings(listingId,timeListed,quantity,price,title,description,sellerId,productId) VALUES (252,'2023-03-24 05:00:39',3,5429.9,'sit amet turpis','dolor morbi vel lectus in quam fringilla rhoncus mauris enim leo rhoncus sed',43,30);
INSERT INTO Listings(listingId,timeListed,quantity,price,title,description,sellerId,productId) VALUES (253,'2023-03-16 07:53:43',1,4545.05,'lacus at turpis','viverra diam vitae quam suspendisse potenti nullam porttitor lacus at turpis donec posuere metus vitae ipsum aliquam non mauris morbi non lectus aliquam sit amet diam in magna bibendum imperdiet nullam orci pede',100,98);
INSERT INTO Listings(listingId,timeListed,quantity,price,title,description,sellerId,productId) VALUES (254,'2022-10-12 13:12:41',5,6239.97,'pede posuere nonummy integer','posuere metus vitae ipsum aliquam non mauris morbi non lectus aliquam sit amet diam in magna bibendum imperdiet nullam orci pede venenatis non sodales sed tincidunt eu felis fusce',47,95);
INSERT INTO Listings(listingId,timeListed,quantity,price,title,description,sellerId,productId) VALUES (255,'2022-11-12 23:16:53',8,2314.27,'risus dapibus augue vel accumsan tellus nisi eu orci mauris','libero convallis eget eleifend luctus ultricies eu nibh quisque id justo sit amet sapien dignissim vestibulum vestibulum ante ipsum primis in faucibus orci luctus et ultrices posuere cubilia curae nulla dapibus dolor vel est donec odio justo sollicitudin ut suscipit a feugiat et eros vestibulum ac est lacinia',30,8);
INSERT INTO Listings(listingId,timeListed,quantity,price,title,description,sellerId,productId) VALUES (256,'2022-09-01 02:38:24',9,2822.08,'vestibulum ante ipsum primis in faucibus orci luctus et','sed accumsan felis ut at dolor quis odio consequat varius integer ac leo pellentesque ultrices mattis odio donec vitae nisi nam ultrices libero non',54,10);
INSERT INTO Listings(listingId,timeListed,quantity,price,title,description,sellerId,productId) VALUES (257,'2022-10-24 21:03:21',10,8566.35,'fermentum justo nec condimentum neque sapien placerat ante nulla justo','facilisi cras non velit nec nisi vulputate nonummy maecenas tincidunt lacus at velit vivamus vel nulla eget eros elementum pellentesque quisque porta',32,67);
INSERT INTO Listings(listingId,timeListed,quantity,price,title,description,sellerId,productId) VALUES (258,'2022-06-07 13:55:49',8,9495.58,'euismod scelerisque quam turpis adipiscing lorem vitae mattis','accumsan odio curabitur convallis duis consequat dui nec nisi volutpat eleifend donec ut dolor morbi vel lectus in quam fringilla rhoncus mauris enim leo',83,3);
INSERT INTO Listings(listingId,timeListed,quantity,price,title,description,sellerId,productId) VALUES (259,'2022-05-24 15:12:49',3,3554.41,'praesent lectus vestibulum quam','nunc vestibulum ante ipsum primis in faucibus orci luctus et ultrices posuere cubilia curae mauris viverra diam vitae quam suspendisse potenti nullam porttitor lacus at turpis donec posuere metus',90,5);
INSERT INTO Listings(listingId,timeListed,quantity,price,title,description,sellerId,productId) VALUES (260,'2023-04-02 00:15:47',7,5274.32,'lobortis vel dapibus at diam nam tristique tortor eu','nunc rhoncus dui vel sem sed sagittis nam congue risus semper porta volutpat quam pede lobortis ligula sit amet eleifend pede libero quis orci',41,59);
INSERT INTO Listings(listingId,timeListed,quantity,price,title,description,sellerId,productId) VALUES (261,'2022-08-29 01:46:08',2,4133.98,'id nisl venenatis lacinia aenean sit amet','congue etiam justo etiam pretium iaculis justo in hac habitasse platea dictumst etiam faucibus cursus urna ut tellus nulla ut erat id mauris vulputate elementum nullam',76,4);
INSERT INTO Listings(listingId,timeListed,quantity,price,title,description,sellerId,productId) VALUES (262,'2022-10-23 14:59:45',6,4511.83,'semper est quam pharetra magna ac','dapibus duis at velit eu est congue elementum in hac habitasse platea dictumst morbi vestibulum velit id pretium iaculis diam erat fermentum justo nec condimentum neque sapien placerat ante nulla justo aliquam quis turpis eget elit sodales scelerisque mauris sit amet eros suspendisse accumsan tortor',90,36);
INSERT INTO Listings(listingId,timeListed,quantity,price,title,description,sellerId,productId) VALUES (263,'2022-08-21 05:23:53',5,7367.99,'praesent blandit nam','sapien in sapien iaculis congue vivamus metus',35,41);
INSERT INTO Listings(listingId,timeListed,quantity,price,title,description,sellerId,productId) VALUES (264,'2022-07-02 08:22:26',6,3729.67,'velit donec diam neque','congue risus semper porta volutpat quam pede lobortis ligula',40,44);
INSERT INTO Listings(listingId,timeListed,quantity,price,title,description,sellerId,productId) VALUES (265,'2022-06-17 02:13:33',10,5527.81,'turpis integer aliquet massa id lobortis convallis tortor risus dapibus','pede ullamcorper augue a suscipit nulla elit ac nulla sed vel enim sit amet nunc viverra dapibus nulla suscipit ligula in lacus curabitur at ipsum ac tellus semper interdum mauris ullamcorper purus sit amet nulla quisque arcu libero rutrum',94,51);
INSERT INTO Listings(listingId,timeListed,quantity,price,title,description,sellerId,productId) VALUES (266,'2023-01-15 05:31:32',7,35.04,'nisi at nibh in hac habitasse platea dictumst','pellentesque viverra pede ac diam cras pellentesque volutpat dui maecenas tristique est et tempus semper est quam pharetra magna ac consequat',70,93);
INSERT INTO Listings(listingId,timeListed,quantity,price,title,description,sellerId,productId) VALUES (267,'2023-02-23 15:51:14',8,6091.46,'vitae ipsum aliquam non mauris morbi non','velit id pretium iaculis diam erat fermentum justo nec condimentum neque sapien placerat ante nulla justo aliquam quis turpis eget elit sodales scelerisque mauris sit amet eros suspendisse accumsan tortor quis turpis sed ante vivamus tortor duis mattis egestas metus aenean fermentum donec ut',86,17);
INSERT INTO Listings(listingId,timeListed,quantity,price,title,description,sellerId,productId) VALUES (268,'2022-08-13 16:22:01',1,2621.59,'cras pellentesque volutpat dui maecenas',NULL,16,96);
INSERT INTO Listings(listingId,timeListed,quantity,price,title,description,sellerId,productId) VALUES (269,'2022-06-02 23:05:12',6,2148.92,'pellentesque viverra pede ac diam cras','dui proin leo odio porttitor id consequat in consequat ut nulla sed accumsan felis ut at dolor quis odio consequat varius integer ac leo pellentesque ultrices mattis odio donec vitae nisi nam ultrices libero non mattis pulvinar nulla pede',47,63);
INSERT INTO Listings(listingId,timeListed,quantity,price,title,description,sellerId,productId) VALUES (270,'2022-06-26 07:42:46',10,7962.72,'commodo vulputate justo','turpis nec euismod scelerisque quam turpis adipiscing lorem vitae',53,25);
INSERT INTO Listings(listingId,timeListed,quantity,price,title,description,sellerId,productId) VALUES (271,'2022-09-16 00:43:20',4,3311.47,'erat quisque erat eros viverra eget congue eget semper','blandit lacinia erat vestibulum sed magna at nunc commodo',67,9);
INSERT INTO Listings(listingId,timeListed,quantity,price,title,description,sellerId,productId) VALUES (272,'2022-11-06 10:23:55',5,996.14,'condimentum neque sapien placerat ante nulla','at turpis donec posuere metus',7,21);
INSERT INTO Listings(listingId,timeListed,quantity,price,title,description,sellerId,productId) VALUES (273,'2022-11-18 21:02:46',3,2987.54,'sapien iaculis congue vivamus metus arcu adipiscing molestie hendrerit','orci luctus et ultrices posuere cubilia curae mauris viverra diam vitae quam suspendisse potenti nullam porttitor lacus at turpis donec posuere metus vitae ipsum aliquam non mauris morbi non lectus aliquam sit amet diam in magna bibendum imperdiet nullam orci pede venenatis non sodales',71,94);
INSERT INTO Listings(listingId,timeListed,quantity,price,title,description,sellerId,productId) VALUES (274,'2023-03-10 11:43:06',2,8415.15,'faucibus orci luctus et ultrices posuere cubilia curae duis','ac enim in tempor turpis nec euismod scelerisque quam turpis adipiscing lorem vitae mattis nibh ligula nec sem duis aliquam convallis nunc proin at turpis a pede',89,49);
INSERT INTO Listings(listingId,timeListed,quantity,price,title,description,sellerId,productId) VALUES (275,'2023-03-30 11:49:13',5,4973.62,'quam turpis adipiscing lorem vitae mattis nibh','duis aliquam convallis nunc proin at turpis a pede posuere nonummy integer non velit donec diam neque vestibulum eget vulputate ut ultrices vel augue vestibulum ante ipsum primis in faucibus orci luctus et',77,71);
INSERT INTO Listings(listingId,timeListed,quantity,price,title,description,sellerId,productId) VALUES (276,'2023-04-03 15:51:42',10,7291.33,'in hac habitasse platea dictumst morbi vestibulum velit id','augue vestibulum ante ipsum primis in faucibus orci luctus',68,53);
INSERT INTO Listings(listingId,timeListed,quantity,price,title,description,sellerId,productId) VALUES (277,'2022-11-07 04:56:42',9,745.63,'est lacinia nisi venenatis tristique fusce','in hac habitasse platea dictumst etiam faucibus cursus urna ut tellus nulla ut erat id mauris vulputate elementum nullam varius nulla facilisi cras non',65,61);
INSERT INTO Listings(listingId,timeListed,quantity,price,title,description,sellerId,productId) VALUES (278,'2022-09-23 01:20:29',6,3264.17,'pellentesque ultrices phasellus id sapien in sapien iaculis congue','amet sem fusce consequat nulla nisl nunc nisl duis bibendum felis sed interdum venenatis turpis enim blandit mi in porttitor pede justo eu massa donec dapibus duis at velit eu est congue elementum in hac habitasse',57,6);
INSERT INTO Listings(listingId,timeListed,quantity,price,title,description,sellerId,productId) VALUES (279,'2023-03-31 19:16:37',6,849.66,'semper est quam pharetra magna ac consequat metus sapien','in porttitor pede justo eu massa donec dapibus duis at velit eu est congue elementum in hac habitasse platea dictumst morbi vestibulum velit id',26,92);
INSERT INTO Listings(listingId,timeListed,quantity,price,title,description,sellerId,productId) VALUES (280,'2022-06-16 01:12:05',9,3418.22,'malesuada in imperdiet et commodo','in felis donec semper sapien a libero nam dui proin leo odio porttitor id consequat in consequat ut nulla sed accumsan felis ut at dolor quis',59,19);
INSERT INTO Listings(listingId,timeListed,quantity,price,title,description,sellerId,productId) VALUES (281,'2022-09-23 01:15:14',5,6884.16,'vel lectus in quam fringilla rhoncus','ligula suspendisse ornare consequat lectus in est risus auctor sed tristique in tempus sit amet sem fusce consequat nulla nisl nunc',6,73);
INSERT INTO Listings(listingId,timeListed,quantity,price,title,description,sellerId,productId) VALUES (282,'2023-03-26 20:36:18',9,7703.12,'velit vivamus vel nulla eget eros elementum','et magnis dis parturient montes nascetur ridiculus mus vivamus vestibulum sagittis sapien cum sociis natoque penatibus et magnis',75,29);
INSERT INTO Listings(listingId,timeListed,quantity,price,title,description,sellerId,productId) VALUES (283,'2022-06-03 16:05:47',2,6591.5,'consequat metus sapien ut nunc vestibulum ante','consequat in consequat ut nulla sed accumsan felis ut at dolor quis odio consequat varius integer ac leo pellentesque ultrices mattis odio donec vitae nisi nam',50,94);
INSERT INTO Listings(listingId,timeListed,quantity,price,title,description,sellerId,productId) VALUES (284,'2022-12-09 12:35:59',2,2413.95,'in ante vestibulum ante ipsum','congue diam id ornare imperdiet sapien urna pretium nisl ut volutpat sapien arcu sed augue aliquam erat volutpat in congue etiam justo',51,85);
INSERT INTO Listings(listingId,timeListed,quantity,price,title,description,sellerId,productId) VALUES (285,'2022-05-24 14:12:23',3,9503.73,'suscipit a feugiat','id lobortis convallis tortor risus dapibus augue vel accumsan tellus',45,15);
INSERT INTO Listings(listingId,timeListed,quantity,price,title,description,sellerId,productId) VALUES (286,'2022-07-24 02:12:20',4,8888.9,'turpis nec euismod scelerisque quam turpis adipiscing lorem vitae mattis','at lorem integer tincidunt ante vel ipsum praesent blandit lacinia erat vestibulum sed magna at nunc commodo placerat praesent blandit nam nulla integer pede justo lacinia eget tincidunt eget tempus vel',37,45);
INSERT INTO Listings(listingId,timeListed,quantity,price,title,description,sellerId,productId) VALUES (287,'2022-09-11 12:36:33',9,9775.57,'non velit nec nisi vulputate nonummy','nibh in lectus pellentesque at',31,10);
INSERT INTO Listings(listingId,timeListed,quantity,price,title,description,sellerId,productId) VALUES (288,'2022-10-17 07:56:00',5,5152.46,'quis justo maecenas rhoncus aliquam lacus','et ultrices posuere cubilia curae donec pharetra magna',42,54);
INSERT INTO Listings(listingId,timeListed,quantity,price,title,description,sellerId,productId) VALUES (289,'2023-04-04 07:06:01',3,921.91,'in eleifend quam a odio in hac habitasse platea dictumst','eu magna vulputate luctus cum sociis natoque penatibus et magnis dis parturient montes nascetur ridiculus mus vivamus vestibulum sagittis sapien cum',29,4);
INSERT INTO Listings(listingId,timeListed,quantity,price,title,description,sellerId,productId) VALUES (290,'2022-08-19 06:44:57',6,4149.31,'nibh in lectus','ante ipsum primis in faucibus orci luctus et ultrices posuere cubilia curae duis faucibus accumsan odio curabitur convallis duis consequat dui nec nisi volutpat eleifend donec ut dolor morbi vel lectus in quam fringilla rhoncus mauris enim leo rhoncus sed vestibulum sit amet',39,19);
INSERT INTO Listings(listingId,timeListed,quantity,price,title,description,sellerId,productId) VALUES (291,'2022-10-31 15:43:15',8,7936.09,'lobortis sapien sapien non mi integer ac neque','mattis egestas metus aenean fermentum donec ut mauris eget massa tempor',1,79);
INSERT INTO Listings(listingId,timeListed,quantity,price,title,description,sellerId,productId) VALUES (292,'2023-03-24 08:03:18',3,5484.75,'vestibulum quam sapien varius ut blandit non interdum in','amet erat nulla tempus vivamus in felis eu sapien cursus vestibulum proin eu mi nulla',17,97);
INSERT INTO Listings(listingId,timeListed,quantity,price,title,description,sellerId,productId) VALUES (293,'2022-11-28 21:09:44',3,3047.32,'placerat praesent blandit nam nulla integer pede justo','vel est donec odio justo sollicitudin ut suscipit a feugiat et eros vestibulum ac',76,75);
INSERT INTO Listings(listingId,timeListed,quantity,price,title,description,sellerId,productId) VALUES (294,'2022-10-31 21:55:02',5,9195.24,'interdum eu tincidunt','accumsan odio curabitur convallis duis consequat dui nec',33,43);
INSERT INTO Listings(listingId,timeListed,quantity,price,title,description,sellerId,productId) VALUES (295,'2022-05-30 02:13:22',7,714.46,'in hac habitasse platea dictumst morbi vestibulum velit id pretium','ultrices vel augue vestibulum ante ipsum primis in faucibus orci luctus et ultrices posuere cubilia curae donec pharetra magna vestibulum aliquet ultrices erat tortor sollicitudin mi sit amet lobortis sapien sapien non mi integer ac neque',84,60);
INSERT INTO Listings(listingId,timeListed,quantity,price,title,description,sellerId,productId) VALUES (296,'2022-06-10 04:45:54',5,3129.82,'ultrices aliquet maecenas leo odio condimentum','risus praesent lectus vestibulum quam sapien',62,42);
INSERT INTO Listings(listingId,timeListed,quantity,price,title,description,sellerId,productId) VALUES (297,'2022-07-29 03:24:35',8,4485.95,'pellentesque ultrices phasellus id sapien','mi integer ac neque duis bibendum morbi non quam nec dui luctus rutrum nulla tellus in sagittis dui vel nisl duis ac nibh fusce lacus purus aliquet at feugiat non pretium quis lectus suspendisse potenti in eleifend quam a odio in hac habitasse',19,30);
INSERT INTO Listings(listingId,timeListed,quantity,price,title,description,sellerId,productId) VALUES (298,'2022-10-25 16:10:56',5,9782.56,'libero quis orci','montes nascetur ridiculus mus etiam vel augue vestibulum rutrum rutrum neque aenean auctor gravida',71,40);
INSERT INTO Listings(listingId,timeListed,quantity,price,title,description,sellerId,productId) VALUES (299,'2022-08-27 08:16:04',6,1260.76,'pellentesque viverra pede ac diam','vivamus metus arcu adipiscing molestie hendrerit at vulputate vitae nisl aenean lectus pellentesque eget nunc donec quis orci eget orci vehicula condimentum',55,38);
INSERT INTO Listings(listingId,timeListed,quantity,price,title,description,sellerId,productId) VALUES (300,'2022-12-12 09:23:08',7,5636.34,'proin at turpis a pede posuere nonummy integer non velit','nulla pede ullamcorper augue a suscipit nulla elit ac nulla sed vel enim sit amet nunc viverra dapibus nulla suscipit ligula in lacus curabitur at ipsum ac tellus semper',82,46);
INSERT INTO Listings(listingId,timeListed,quantity,price,title,description,sellerId,productId) VALUES (301,'2023-02-01 14:05:22',9,983.54,'erat quisque erat eros viverra eget congue eget','pretium iaculis diam erat fermentum justo nec condimentum',61,1);
INSERT INTO Listings(listingId,timeListed,quantity,price,title,description,sellerId,productId) VALUES (302,'2022-11-05 17:30:18',6,3060.55,'ante vestibulum ante ipsum primis in faucibus','a ipsum integer a',75,16);
INSERT INTO Listings(listingId,timeListed,quantity,price,title,description,sellerId,productId) VALUES (303,'2023-02-06 08:54:02',7,151.59,'sit amet diam in magna bibendum imperdiet nullam','pede posuere nonummy integer non velit donec diam neque vestibulum eget vulputate ut ultrices vel augue vestibulum ante ipsum primis in faucibus orci luctus et ultrices posuere cubilia curae donec pharetra magna',56,40);
INSERT INTO Listings(listingId,timeListed,quantity,price,title,description,sellerId,productId) VALUES (304,'2023-01-07 23:59:08',8,6783.51,'aliquet ultrices erat tortor sollicitudin mi sit amet lobortis sapien','orci eget orci vehicula condimentum curabitur in libero ut massa volutpat convallis morbi odio odio elementum eu interdum eu tincidunt in leo maecenas pulvinar lobortis est phasellus sit amet erat nulla tempus vivamus in felis eu sapien cursus vestibulum proin eu mi',78,45);
INSERT INTO Listings(listingId,timeListed,quantity,price,title,description,sellerId,productId) VALUES (305,'2023-01-31 17:52:24',6,3750.98,'integer ac neque duis bibendum','vel est donec odio justo sollicitudin ut suscipit a feugiat et eros vestibulum ac est lacinia nisi venenatis tristique fusce congue diam id ornare imperdiet sapien urna pretium nisl ut volutpat sapien arcu sed augue aliquam erat volutpat in congue etiam justo etiam pretium iaculis justo in hac habitasse',37,90);
INSERT INTO Listings(listingId,timeListed,quantity,price,title,description,sellerId,productId) VALUES (306,'2022-12-27 08:54:04',3,6989.8,'eleifend pede libero quis orci','pretium quis lectus suspendisse potenti in eleifend quam a odio in',97,7);
INSERT INTO Listings(listingId,timeListed,quantity,price,title,description,sellerId,productId) VALUES (307,'2022-08-31 11:15:55',6,3407.43,'rutrum ac lobortis','interdum mauris non ligula pellentesque ultrices phasellus id sapien',31,94);
INSERT INTO Listings(listingId,timeListed,quantity,price,title,description,sellerId,productId) VALUES (308,'2022-05-16 22:50:48',1,8081.96,'sapien non mi','feugiat non pretium quis lectus suspendisse potenti in eleifend quam a odio in hac habitasse platea dictumst maecenas ut massa quis augue luctus tincidunt nulla mollis molestie lorem quisque ut erat curabitur gravida nisi at nibh in hac habitasse platea',45,53);
INSERT INTO Listings(listingId,timeListed,quantity,price,title,description,sellerId,productId) VALUES (309,'2023-02-22 03:18:25',9,8208.28,'quisque erat eros viverra','mi nulla ac enim in tempor turpis nec euismod scelerisque quam turpis adipiscing lorem vitae mattis',71,10);
INSERT INTO Listings(listingId,timeListed,quantity,price,title,description,sellerId,productId) VALUES (310,'2022-11-26 12:32:30',10,2887.96,'purus eu magna vulputate','iaculis congue vivamus metus arcu adipiscing molestie hendrerit at vulputate vitae nisl aenean lectus pellentesque eget nunc donec quis orci eget orci vehicula condimentum curabitur in libero ut massa volutpat',57,38);
INSERT INTO Listings(listingId,timeListed,quantity,price,title,description,sellerId,productId) VALUES (311,'2022-08-23 22:58:23',1,8990.67,'pede ullamcorper augue a','quam fringilla rhoncus mauris enim leo rhoncus sed vestibulum sit amet cursus id turpis integer aliquet',72,91);
INSERT INTO Listings(listingId,timeListed,quantity,price,title,description,sellerId,productId) VALUES (312,'2022-06-04 23:02:08',8,1509.04,'sapien urna pretium nisl ut','justo eu massa donec dapibus duis at velit eu est congue elementum in hac habitasse platea dictumst morbi vestibulum velit id',76,14);
INSERT INTO Listings(listingId,timeListed,quantity,price,title,description,sellerId,productId) VALUES (313,'2022-06-09 21:05:51',6,9779.7,'sit amet sem fusce consequat nulla nisl nunc nisl','duis faucibus accumsan odio curabitur convallis duis consequat dui nec nisi',17,11);
INSERT INTO Listings(listingId,timeListed,quantity,price,title,description,sellerId,productId) VALUES (314,'2022-06-04 12:54:16',3,8447.65,'amet cursus id','id turpis integer aliquet massa id lobortis convallis tortor risus dapibus augue vel accumsan tellus nisi eu orci mauris lacinia sapien quis libero',6,2);
INSERT INTO Listings(listingId,timeListed,quantity,price,title,description,sellerId,productId) VALUES (315,'2022-06-18 07:20:48',7,884.45,'in imperdiet et commodo vulputate justo in blandit ultrices enim','eu est',42,84);
INSERT INTO Listings(listingId,timeListed,quantity,price,title,description,sellerId,productId) VALUES (316,'2022-12-01 13:44:21',10,125.48,'consequat varius integer ac leo pellentesque ultrices mattis','odio justo sollicitudin ut suscipit a feugiat et eros vestibulum ac est lacinia nisi venenatis tristique fusce congue diam id ornare imperdiet sapien urna pretium nisl ut volutpat sapien arcu sed augue aliquam erat volutpat in congue etiam justo etiam pretium iaculis justo in hac',52,32);
INSERT INTO Listings(listingId,timeListed,quantity,price,title,description,sellerId,productId) VALUES (317,'2023-04-03 20:40:15',4,704.93,'nam tristique tortor eu','ante nulla justo aliquam quis turpis eget elit sodales scelerisque mauris sit amet eros suspendisse accumsan tortor',33,58);
INSERT INTO Listings(listingId,timeListed,quantity,price,title,description,sellerId,productId) VALUES (318,'2022-11-11 14:48:40',6,9468.58,'pellentesque quisque porta volutpat erat quisque erat eros','ultrices libero non mattis pulvinar',16,52);
INSERT INTO Listings(listingId,timeListed,quantity,price,title,description,sellerId,productId) VALUES (319,'2023-03-21 10:59:38',2,6044.45,'leo pellentesque ultrices mattis','turpis donec posuere metus vitae ipsum aliquam non mauris',29,23);
INSERT INTO Listings(listingId,timeListed,quantity,price,title,description,sellerId,productId) VALUES (320,'2022-12-22 02:40:27',7,764.38,'consectetuer adipiscing elit','purus aliquet at feugiat non pretium quis lectus suspendisse potenti in eleifend quam a odio in hac habitasse platea dictumst maecenas ut massa quis augue luctus tincidunt nulla mollis molestie',65,9);
INSERT INTO Listings(listingId,timeListed,quantity,price,title,description,sellerId,productId) VALUES (321,'2022-06-06 15:44:52',4,8735.05,'in faucibus orci luctus et ultrices posuere cubilia curae','integer ac neque duis bibendum morbi non quam nec dui luctus rutrum nulla tellus in sagittis',2,69);
INSERT INTO Listings(listingId,timeListed,quantity,price,title,description,sellerId,productId) VALUES (322,'2022-07-28 19:36:13',3,9549.34,'ipsum primis in faucibus orci','sapien varius ut blandit non interdum in ante vestibulum ante ipsum primis in',4,43);
INSERT INTO Listings(listingId,timeListed,quantity,price,title,description,sellerId,productId) VALUES (323,'2022-08-07 20:16:47',8,5078.02,'turpis donec posuere metus vitae ipsum aliquam non mauris morbi','ligula',53,3);
INSERT INTO Listings(listingId,timeListed,quantity,price,title,description,sellerId,productId) VALUES (324,'2022-05-22 03:21:35',2,7832.57,'leo odio porttitor id consequat in consequat ut nulla','nisi vulputate nonummy maecenas tincidunt lacus at velit',72,12);
INSERT INTO Listings(listingId,timeListed,quantity,price,title,description,sellerId,productId) VALUES (325,'2023-02-23 20:38:27',6,3408.65,'non pretium quis lectus suspendisse potenti in eleifend quam a','suspendisse accumsan tortor quis turpis sed ante vivamus tortor duis mattis egestas metus aenean fermentum donec ut mauris eget massa tempor convallis nulla neque libero convallis eget eleifend luctus ultricies eu nibh quisque id justo sit amet sapien dignissim vestibulum vestibulum ante ipsum primis in faucibus',94,80);
INSERT INTO Listings(listingId,timeListed,quantity,price,title,description,sellerId,productId) VALUES (326,'2022-07-06 11:33:05',3,5473.87,'justo lacinia eget','neque vestibulum eget vulputate ut',37,20);
INSERT INTO Listings(listingId,timeListed,quantity,price,title,description,sellerId,productId) VALUES (327,'2022-06-06 12:49:57',4,6732.35,'dignissim vestibulum vestibulum ante ipsum primis in faucibus orci','commodo vulputate justo in blandit ultrices enim lorem ipsum dolor sit amet consectetuer adipiscing elit proin interdum mauris non ligula pellentesque ultrices phasellus id sapien in sapien iaculis congue vivamus metus arcu adipiscing',51,92);
INSERT INTO Listings(listingId,timeListed,quantity,price,title,description,sellerId,productId) VALUES (328,'2022-11-18 06:38:20',7,5139.07,'lectus suspendisse potenti','eget semper rutrum nulla nunc purus phasellus in felis donec semper sapien a libero nam dui proin leo odio porttitor',100,29);
INSERT INTO Listings(listingId,timeListed,quantity,price,title,description,sellerId,productId) VALUES (329,'2023-04-12 11:12:36',3,8842.91,'libero ut massa volutpat convallis morbi odio odio elementum eu','ante vivamus tortor duis mattis egestas metus aenean fermentum donec',26,72);
INSERT INTO Listings(listingId,timeListed,quantity,price,title,description,sellerId,productId) VALUES (330,'2022-06-29 17:48:13',9,1600.56,'ut at dolor quis odio','ut erat id mauris vulputate elementum nullam varius nulla facilisi cras non velit nec nisi vulputate nonummy maecenas tincidunt lacus at velit vivamus',13,60);
INSERT INTO Listings(listingId,timeListed,quantity,price,title,description,sellerId,productId) VALUES (331,'2023-03-28 22:14:17',3,4074.31,'eu sapien cursus vestibulum proin eu','amet turpis elementum ligula vehicula consequat morbi a ipsum integer a nibh in quis justo maecenas rhoncus aliquam lacus morbi quis tortor',31,68);
INSERT INTO Listings(listingId,timeListed,quantity,price,title,description,sellerId,productId) VALUES (332,'2022-11-23 06:47:54',9,4003.99,'amet cursus id turpis integer aliquet massa id lobortis convallis','lectus in quam fringilla rhoncus mauris enim leo rhoncus sed vestibulum sit amet cursus id turpis integer aliquet massa id lobortis convallis tortor risus dapibus augue vel accumsan tellus nisi eu orci mauris lacinia sapien quis libero nullam sit amet turpis elementum ligula',30,30);
INSERT INTO Listings(listingId,timeListed,quantity,price,title,description,sellerId,productId) VALUES (333,'2023-02-02 09:46:08',1,2220.08,'ipsum dolor sit amet consectetuer adipiscing elit','praesent lectus vestibulum',17,31);
INSERT INTO Listings(listingId,timeListed,quantity,price,title,description,sellerId,productId) VALUES (334,'2022-07-06 19:39:04',4,7637.2,'magna bibendum imperdiet nullam orci pede','viverra pede ac diam cras pellentesque volutpat dui maecenas tristique est et tempus semper est quam pharetra magna ac consequat metus sapien ut nunc vestibulum ante ipsum primis in faucibus orci luctus et ultrices posuere cubilia curae mauris viverra diam vitae quam suspendisse potenti',96,63);
INSERT INTO Listings(listingId,timeListed,quantity,price,title,description,sellerId,productId) VALUES (335,'2022-08-03 05:23:46',6,3610.74,'dapibus nulla suscipit ligula','interdum mauris non ligula pellentesque ultrices phasellus id sapien in sapien iaculis congue vivamus metus arcu adipiscing molestie hendrerit at vulputate vitae nisl aenean lectus pellentesque eget nunc donec quis orci eget orci vehicula condimentum curabitur',95,87);
INSERT INTO Listings(listingId,timeListed,quantity,price,title,description,sellerId,productId) VALUES (336,'2022-10-04 15:16:20',6,9807.28,'placerat praesent blandit nam nulla integer','orci luctus et ultrices posuere cubilia curae mauris viverra diam vitae quam suspendisse potenti nullam porttitor lacus at turpis donec posuere',35,5);
INSERT INTO Listings(listingId,timeListed,quantity,price,title,description,sellerId,productId) VALUES (337,'2022-11-13 04:39:00',2,3733.49,'consequat varius integer ac leo pellentesque ultrices mattis odio donec','elit proin risus praesent lectus vestibulum quam sapien varius ut blandit non interdum in ante vestibulum ante ipsum primis in faucibus orci luctus et ultrices posuere cubilia curae duis faucibus accumsan odio curabitur convallis duis consequat dui nec nisi volutpat eleifend donec ut dolor morbi vel lectus in quam fringilla',1,10);
INSERT INTO Listings(listingId,timeListed,quantity,price,title,description,sellerId,productId) VALUES (338,'2023-03-09 15:31:33',6,3341.86,'in sapien iaculis congue','cursus id turpis integer aliquet massa id lobortis convallis tortor risus dapibus augue vel accumsan tellus nisi eu orci mauris lacinia sapien quis libero',58,14);
INSERT INTO Listings(listingId,timeListed,quantity,price,title,description,sellerId,productId) VALUES (339,'2022-09-26 17:50:19',9,2234.39,'ultrices posuere cubilia','quis turpis eget elit sodales scelerisque mauris sit amet eros suspendisse accumsan tortor quis turpis sed ante vivamus tortor duis mattis egestas metus aenean fermentum donec ut mauris eget massa tempor convallis nulla neque libero convallis eget eleifend luctus ultricies',5,40);
INSERT INTO Listings(listingId,timeListed,quantity,price,title,description,sellerId,productId) VALUES (340,'2022-12-26 23:31:59',3,7093.27,'urna ut tellus nulla ut erat id mauris vulputate elementum','tristique in tempus sit amet sem fusce',68,44);
INSERT INTO Listings(listingId,timeListed,quantity,price,title,description,sellerId,productId) VALUES (341,'2022-05-29 01:28:50',3,2190.58,'fusce congue diam id','at dolor quis odio consequat varius integer ac leo pellentesque ultrices mattis odio donec vitae nisi nam ultrices',91,61);
INSERT INTO Listings(listingId,timeListed,quantity,price,title,description,sellerId,productId) VALUES (342,'2022-09-20 22:42:00',5,2379.35,'amet nunc viverra','duis aliquam convallis nunc proin at turpis a pede posuere nonummy integer non velit donec diam neque vestibulum eget vulputate ut ultrices vel augue vestibulum ante ipsum primis in',44,78);
INSERT INTO Listings(listingId,timeListed,quantity,price,title,description,sellerId,productId) VALUES (343,'2022-08-29 20:41:49',2,1357.26,'augue vel accumsan tellus nisi','nibh in hac habitasse platea dictumst aliquam augue quam sollicitudin vitae consectetuer eget rutrum at lorem integer tincidunt ante vel ipsum praesent blandit lacinia erat vestibulum sed magna at nunc commodo',43,80);
INSERT INTO Listings(listingId,timeListed,quantity,price,title,description,sellerId,productId) VALUES (344,'2022-11-26 02:04:27',5,5030.75,'nullam sit amet turpis','nam nulla integer pede justo lacinia eget tincidunt eget tempus vel pede morbi porttitor lorem id ligula suspendisse ornare consequat lectus in est risus auctor sed tristique in tempus sit amet sem fusce consequat nulla nisl nunc nisl duis bibendum felis sed interdum venenatis turpis enim blandit',98,32);
INSERT INTO Listings(listingId,timeListed,quantity,price,title,description,sellerId,productId) VALUES (345,'2022-05-02 15:20:10',5,4125.1,'volutpat erat quisque erat eros viverra eget congue eget semper','mauris laoreet ut rhoncus aliquet pulvinar sed nisl nunc rhoncus dui vel sem sed sagittis nam congue risus semper porta volutpat quam pede lobortis ligula sit amet eleifend pede libero quis orci nullam molestie nibh in lectus pellentesque at nulla suspendisse',84,21);
INSERT INTO Listings(listingId,timeListed,quantity,price,title,description,sellerId,productId) VALUES (346,'2022-09-25 10:15:38',1,247.85,'nascetur ridiculus mus etiam vel','amet turpis elementum ligula vehicula consequat morbi a ipsum integer a',45,33);
INSERT INTO Listings(listingId,timeListed,quantity,price,title,description,sellerId,productId) VALUES (347,'2022-04-18 19:49:42',8,752.35,'sapien cursus vestibulum proin eu mi nulla','erat fermentum justo nec condimentum neque sapien placerat ante nulla justo aliquam quis turpis eget elit sodales scelerisque mauris sit amet eros suspendisse accumsan tortor quis',3,37);
INSERT INTO Listings(listingId,timeListed,quantity,price,title,description,sellerId,productId) VALUES (348,'2022-04-27 09:36:52',1,3335.26,'risus dapibus augue vel accumsan tellus nisi eu orci','quisque id justo sit amet sapien dignissim vestibulum vestibulum ante ipsum primis in faucibus orci luctus et ultrices posuere cubilia curae',80,58);
INSERT INTO Listings(listingId,timeListed,quantity,price,title,description,sellerId,productId) VALUES (349,'2022-05-25 02:43:12',8,9186.21,'porttitor lorem id ligula','justo pellentesque viverra pede ac diam cras pellentesque volutpat dui maecenas tristique est et tempus semper est quam pharetra magna ac consequat metus sapien ut',82,54);
INSERT INTO Listings(listingId,timeListed,quantity,price,title,description,sellerId,productId) VALUES (350,'2023-01-28 04:22:00',6,1288.19,'in libero ut massa volutpat convallis','dictumst aliquam augue quam sollicitudin vitae consectetuer eget rutrum at lorem integer tincidunt',87,43);
INSERT INTO Listings(listingId,timeListed,quantity,price,title,description,sellerId,productId) VALUES (351,'2022-04-20 03:12:19',1,4564.75,'venenatis lacinia aenean sit amet justo morbi','consequat ut nulla sed accumsan felis ut at dolor quis odio consequat varius integer ac leo pellentesque ultrices mattis odio donec vitae nisi nam ultrices libero non mattis pulvinar nulla',85,90);
INSERT INTO Listings(listingId,timeListed,quantity,price,title,description,sellerId,productId) VALUES (352,'2023-03-01 02:40:29',10,6751.25,'justo in blandit ultrices enim lorem ipsum','posuere cubilia curae donec pharetra',27,39);
INSERT INTO Listings(listingId,timeListed,quantity,price,title,description,sellerId,productId) VALUES (353,'2022-04-28 20:13:50',4,9493.28,'diam erat fermentum justo','lectus in est risus auctor sed tristique in tempus sit amet sem fusce consequat nulla nisl nunc nisl duis bibendum felis sed interdum venenatis turpis enim blandit mi in porttitor pede justo eu massa donec dapibus duis at velit',67,50);
INSERT INTO Listings(listingId,timeListed,quantity,price,title,description,sellerId,productId) VALUES (354,'2022-08-25 04:35:57',9,6954.21,'adipiscing lorem vitae mattis nibh ligula nec sem duis aliquam',NULL,49,56);
INSERT INTO Listings(listingId,timeListed,quantity,price,title,description,sellerId,productId) VALUES (355,'2022-09-13 16:00:21',9,5213.45,'eget tempus vel','morbi vel lectus in quam fringilla rhoncus mauris enim leo rhoncus sed vestibulum',65,17);
INSERT INTO Listings(listingId,timeListed,quantity,price,title,description,sellerId,productId) VALUES (356,'2023-01-30 04:42:09',3,3688.64,'cursus urna ut tellus','nunc proin at turpis a pede posuere nonummy integer non velit donec diam neque vestibulum eget vulputate ut',69,69);
INSERT INTO Listings(listingId,timeListed,quantity,price,title,description,sellerId,productId) VALUES (357,'2022-05-23 06:39:59',3,684.39,'in imperdiet et commodo vulputate justo in blandit','pede justo eu massa donec dapibus duis at velit eu est congue elementum in hac habitasse platea dictumst morbi vestibulum velit id pretium iaculis diam erat fermentum justo nec condimentum neque sapien',97,62);
INSERT INTO Listings(listingId,timeListed,quantity,price,title,description,sellerId,productId) VALUES (358,'2022-11-20 12:27:03',5,5949.66,'augue vestibulum rutrum rutrum neque aenean auctor','nisl duis ac nibh fusce lacus purus aliquet at feugiat non pretium quis lectus suspendisse potenti in eleifend quam a odio in hac habitasse platea dictumst maecenas ut massa quis augue luctus tincidunt nulla mollis molestie lorem quisque',94,27);
INSERT INTO Listings(listingId,timeListed,quantity,price,title,description,sellerId,productId) VALUES (359,'2022-04-29 14:08:10',1,9116.04,'est donec odio justo sollicitudin ut suscipit a feugiat et','vestibulum sagittis sapien',62,13);
INSERT INTO Listings(listingId,timeListed,quantity,price,title,description,sellerId,productId) VALUES (360,'2022-09-29 04:56:02',4,5660.46,'ultrices posuere cubilia curae mauris viverra','quisque ut erat curabitur gravida nisi at nibh in hac habitasse platea dictumst aliquam augue quam sollicitudin vitae consectetuer eget rutrum at lorem integer tincidunt ante vel ipsum praesent blandit lacinia erat vestibulum sed magna at nunc commodo placerat praesent',55,3);
INSERT INTO Listings(listingId,timeListed,quantity,price,title,description,sellerId,productId) VALUES (361,'2022-09-18 06:25:03',2,9269.94,'at diam nam tristique tortor','sem sed sagittis nam congue risus semper porta volutpat quam pede lobortis ligula sit amet eleifend pede libero quis orci nullam molestie nibh in lectus pellentesque at nulla suspendisse potenti cras in purus eu magna vulputate',68,55);
INSERT INTO Listings(listingId,timeListed,quantity,price,title,description,sellerId,productId) VALUES (362,'2023-01-01 09:19:47',9,2746.62,'sollicitudin mi sit','ornare consequat lectus in est risus auctor',77,32);
INSERT INTO Listings(listingId,timeListed,quantity,price,title,description,sellerId,productId) VALUES (363,'2022-08-31 08:35:13',5,4919.28,'at lorem integer tincidunt ante vel ipsum','et eros vestibulum ac est lacinia nisi venenatis tristique fusce congue diam id ornare',10,42);
INSERT INTO Listings(listingId,timeListed,quantity,price,title,description,sellerId,productId) VALUES (364,'2023-01-13 04:20:40',6,150.9,'libero ut massa volutpat convallis morbi',NULL,35,28);
INSERT INTO Listings(listingId,timeListed,quantity,price,title,description,sellerId,productId) VALUES (365,'2023-04-11 23:36:22',1,2407.6,'justo pellentesque viverra pede ac diam cras pellentesque volutpat dui','sed ante vivamus tortor duis mattis egestas metus aenean',91,14);
INSERT INTO Listings(listingId,timeListed,quantity,price,title,description,sellerId,productId) VALUES (366,'2023-03-26 03:31:35',9,2194.27,'luctus nec molestie sed justo pellentesque viverra',NULL,61,25);
INSERT INTO Listings(listingId,timeListed,quantity,price,title,description,sellerId,productId) VALUES (367,'2023-01-22 04:58:58',2,7299.92,'ac lobortis vel dapibus at diam','dis parturient montes nascetur ridiculus mus vivamus vestibulum sagittis sapien cum sociis natoque penatibus et magnis dis parturient montes nascetur ridiculus mus etiam vel augue vestibulum rutrum rutrum neque aenean auctor gravida sem praesent id massa id nisl venenatis lacinia aenean',33,40);
INSERT INTO Listings(listingId,timeListed,quantity,price,title,description,sellerId,productId) VALUES (368,'2022-06-05 23:26:17',2,7782.57,'ut nunc vestibulum ante ipsum primis in','eu nibh quisque id justo sit amet sapien dignissim vestibulum vestibulum ante ipsum primis in faucibus orci luctus et ultrices posuere cubilia curae nulla dapibus dolor vel est donec odio justo sollicitudin ut suscipit',20,56);
INSERT INTO Listings(listingId,timeListed,quantity,price,title,description,sellerId,productId) VALUES (369,'2022-09-19 23:37:15',9,866.13,'non velit donec diam neque vestibulum eget vulputate ut ultrices','integer ac leo pellentesque ultrices mattis odio donec vitae nisi nam ultrices libero non mattis pulvinar nulla pede ullamcorper augue a suscipit nulla elit ac nulla sed vel enim sit amet nunc viverra dapibus nulla suscipit ligula in lacus curabitur at ipsum ac tellus',4,13);
INSERT INTO Listings(listingId,timeListed,quantity,price,title,description,sellerId,productId) VALUES (370,'2022-06-04 18:05:31',1,1369.34,'sit amet nunc viverra','ac consequat metus sapien ut nunc vestibulum ante ipsum primis',52,51);
INSERT INTO Listings(listingId,timeListed,quantity,price,title,description,sellerId,productId) VALUES (371,'2022-07-10 19:21:06',1,8268.6,'tempus sit amet','pellentesque eget nunc donec quis orci eget orci vehicula condimentum curabitur in libero',9,58);
INSERT INTO Listings(listingId,timeListed,quantity,price,title,description,sellerId,productId) VALUES (372,'2023-03-03 22:04:35',5,761.97,'vitae nisl aenean lectus pellentesque','non mattis pulvinar nulla pede ullamcorper augue a suscipit nulla elit ac nulla sed vel enim sit amet nunc viverra dapibus nulla suscipit ligula in lacus curabitur',79,4);
INSERT INTO Listings(listingId,timeListed,quantity,price,title,description,sellerId,productId) VALUES (373,'2022-05-03 00:23:08',10,5958.4,'vulputate justo in blandit ultrices enim lorem','ipsum integer a nibh in quis justo maecenas rhoncus aliquam lacus morbi quis tortor id nulla ultrices aliquet maecenas leo odio condimentum id',100,67);
INSERT INTO Listings(listingId,timeListed,quantity,price,title,description,sellerId,productId) VALUES (374,'2022-07-16 00:01:02',5,1834.09,'aliquam erat volutpat in congue etiam justo etiam pretium iaculis','in',96,53);
INSERT INTO Listings(listingId,timeListed,quantity,price,title,description,sellerId,productId) VALUES (375,'2022-12-17 14:22:42',6,1269.31,'risus dapibus augue vel accumsan tellus','lobortis est phasellus sit amet',27,92);
INSERT INTO Listings(listingId,timeListed,quantity,price,title,description,sellerId,productId) VALUES (376,'2022-06-16 17:41:41',9,6710.02,'pede ullamcorper augue','tortor risus dapibus augue vel',29,27);
INSERT INTO Listings(listingId,timeListed,quantity,price,title,description,sellerId,productId) VALUES (377,'2022-10-29 23:00:20',5,1150.77,'aliquet at feugiat non pretium quis lectus','nisi eu orci mauris lacinia sapien quis libero',8,48);
INSERT INTO Listings(listingId,timeListed,quantity,price,title,description,sellerId,productId) VALUES (378,'2022-05-16 07:20:34',8,4750.47,'justo pellentesque viverra pede ac diam cras','quam nec dui luctus rutrum nulla tellus in sagittis dui vel nisl duis ac nibh fusce lacus purus aliquet at feugiat non pretium quis lectus suspendisse potenti in eleifend quam a odio in hac habitasse platea',80,50);
INSERT INTO Listings(listingId,timeListed,quantity,price,title,description,sellerId,productId) VALUES (379,'2023-03-14 02:13:26',2,4663.45,'sed interdum venenatis turpis enim blandit','odio odio elementum eu interdum eu tincidunt in leo maecenas',59,97);
INSERT INTO Listings(listingId,timeListed,quantity,price,title,description,sellerId,productId) VALUES (380,'2022-05-31 08:02:39',1,1201.72,'justo in blandit ultrices enim lorem ipsum dolor sit','et commodo vulputate justo in blandit ultrices enim lorem ipsum dolor sit amet consectetuer adipiscing elit proin interdum mauris non ligula pellentesque ultrices phasellus id sapien in sapien iaculis congue vivamus metus arcu adipiscing molestie hendrerit at vulputate vitae',39,15);
INSERT INTO Listings(listingId,timeListed,quantity,price,title,description,sellerId,productId) VALUES (381,'2023-01-09 20:20:42',4,3955.31,'phasellus in felis donec semper sapien','id turpis integer aliquet massa id lobortis convallis tortor risus dapibus augue vel accumsan tellus nisi eu orci mauris lacinia sapien quis libero nullam sit amet turpis elementum ligula vehicula consequat morbi a ipsum integer a nibh in quis justo maecenas rhoncus aliquam lacus morbi',68,49);
INSERT INTO Listings(listingId,timeListed,quantity,price,title,description,sellerId,productId) VALUES (382,'2022-06-19 15:27:30',1,4400.15,'dolor morbi vel lectus in','libero ut massa volutpat convallis morbi odio odio elementum eu interdum eu tincidunt in leo maecenas pulvinar lobortis est phasellus sit amet erat nulla tempus vivamus in felis eu sapien cursus vestibulum proin eu mi nulla ac enim in tempor turpis nec euismod scelerisque quam turpis adipiscing lorem',66,83);
INSERT INTO Listings(listingId,timeListed,quantity,price,title,description,sellerId,productId) VALUES (383,'2023-02-11 09:17:08',4,9259.07,'sagittis nam congue risus semper porta volutpat quam pede','est quam pharetra magna ac consequat metus sapien ut nunc vestibulum ante ipsum primis in faucibus orci luctus et ultrices posuere cubilia curae mauris viverra diam vitae quam suspendisse potenti nullam porttitor lacus at turpis donec posuere',37,100);
INSERT INTO Listings(listingId,timeListed,quantity,price,title,description,sellerId,productId) VALUES (384,'2023-03-08 07:59:46',3,2721.22,'duis bibendum felis sed interdum venenatis turpis enim blandit mi','in est risus auctor sed tristique in tempus sit amet sem fusce consequat nulla nisl nunc nisl duis bibendum felis sed interdum venenatis turpis enim blandit mi in porttitor pede justo eu massa donec dapibus duis at velit eu est congue elementum in hac',44,66);
INSERT INTO Listings(listingId,timeListed,quantity,price,title,description,sellerId,productId) VALUES (385,'2022-07-03 16:01:51',2,1771.78,'volutpat convallis morbi odio odio elementum eu interdum eu tincidunt','pede malesuada in imperdiet et commodo vulputate',100,1);
INSERT INTO Listings(listingId,timeListed,quantity,price,title,description,sellerId,productId) VALUES (386,'2022-08-01 13:11:03',2,8029.35,'justo morbi ut odio cras','metus vitae ipsum aliquam non mauris morbi non lectus aliquam sit amet diam in magna bibendum imperdiet nullam orci pede venenatis non sodales sed tincidunt eu felis fusce posuere felis sed lacus morbi sem mauris laoreet ut rhoncus aliquet pulvinar sed nisl nunc rhoncus dui vel sem sed sagittis nam',19,97);
INSERT INTO Listings(listingId,timeListed,quantity,price,title,description,sellerId,productId) VALUES (387,'2022-12-05 07:14:37',7,9271.96,'cursus urna ut tellus nulla ut erat id','pellentesque quisque porta volutpat erat quisque erat eros viverra eget congue eget semper rutrum nulla nunc purus phasellus in felis donec semper sapien',3,12);
INSERT INTO Listings(listingId,timeListed,quantity,price,title,description,sellerId,productId) VALUES (388,'2022-08-08 14:31:19',8,76.44,'cubilia curae duis faucibus','ipsum primis in faucibus orci luctus et',4,61);
INSERT INTO Listings(listingId,timeListed,quantity,price,title,description,sellerId,productId) VALUES (389,'2022-05-11 20:03:16',7,7457.81,'in quam fringilla rhoncus mauris enim leo','turpis sed ante vivamus tortor duis mattis egestas metus',5,32);
INSERT INTO Listings(listingId,timeListed,quantity,price,title,description,sellerId,productId) VALUES (390,'2022-11-09 09:12:57',1,3675.54,'arcu libero rutrum ac lobortis','tellus nisi eu orci mauris lacinia sapien quis libero nullam sit amet turpis elementum ligula vehicula consequat morbi a ipsum',25,35);
INSERT INTO Listings(listingId,timeListed,quantity,price,title,description,sellerId,productId) VALUES (391,'2022-06-19 04:57:15',7,6070.6,'rutrum at lorem integer','nam ultrices libero non mattis pulvinar nulla',62,7);
INSERT INTO Listings(listingId,timeListed,quantity,price,title,description,sellerId,productId) VALUES (392,'2022-11-07 04:20:50',8,1429.16,'nulla ut erat id mauris vulputate elementum','augue vestibulum ante ipsum primis in faucibus orci luctus et ultrices posuere cubilia curae donec pharetra magna vestibulum aliquet ultrices erat tortor sollicitudin mi sit amet lobortis sapien sapien non',11,88);
INSERT INTO Listings(listingId,timeListed,quantity,price,title,description,sellerId,productId) VALUES (393,'2022-11-22 03:35:41',5,1456.05,'vivamus vestibulum sagittis sapien cum sociis natoque penatibus et magnis','adipiscing elit proin interdum mauris non ligula pellentesque ultrices phasellus id sapien in sapien iaculis congue vivamus metus arcu adipiscing molestie hendrerit at vulputate vitae nisl aenean lectus pellentesque eget nunc donec quis orci',24,72);
INSERT INTO Listings(listingId,timeListed,quantity,price,title,description,sellerId,productId) VALUES (394,'2022-12-28 20:20:11',9,2903.16,'lacinia nisi venenatis tristique fusce congue diam','sed lacus morbi sem mauris laoreet ut rhoncus aliquet pulvinar sed nisl nunc rhoncus dui vel sem sed sagittis nam congue risus semper porta volutpat quam pede lobortis ligula sit amet eleifend pede libero quis orci nullam molestie nibh in lectus pellentesque at nulla',16,59);
INSERT INTO Listings(listingId,timeListed,quantity,price,title,description,sellerId,productId) VALUES (395,'2022-11-01 18:14:27',4,6757.08,'blandit lacinia erat vestibulum sed magna at','sapien urna pretium nisl ut volutpat sapien arcu sed augue aliquam erat volutpat in congue etiam justo etiam pretium',61,74);
INSERT INTO Listings(listingId,timeListed,quantity,price,title,description,sellerId,productId) VALUES (396,'2023-02-25 21:42:35',7,1858.85,'lacus at turpis','quam suspendisse potenti nullam porttitor lacus at turpis donec posuere metus vitae ipsum aliquam non mauris morbi non lectus aliquam sit amet diam in',87,70);
INSERT INTO Listings(listingId,timeListed,quantity,price,title,description,sellerId,productId) VALUES (397,'2022-07-23 08:55:57',7,5222.55,'felis ut at','ante ipsum primis in faucibus orci luctus et ultrices posuere cubilia curae mauris viverra diam vitae quam suspendisse potenti nullam porttitor lacus',67,41);
INSERT INTO Listings(listingId,timeListed,quantity,price,title,description,sellerId,productId) VALUES (398,'2022-09-21 14:33:22',2,3131.14,'nulla sed vel enim sit','et eros vestibulum ac est lacinia nisi venenatis tristique fusce congue diam id ornare imperdiet sapien urna pretium nisl ut volutpat sapien arcu sed augue aliquam erat volutpat',80,51);
INSERT INTO Listings(listingId,timeListed,quantity,price,title,description,sellerId,productId) VALUES (399,'2022-06-22 17:35:34',3,4287.14,'nulla justo aliquam quis turpis eget elit sodales scelerisque','pretium iaculis diam erat fermentum justo nec condimentum',31,80);
INSERT INTO Listings(listingId,timeListed,quantity,price,title,description,sellerId,productId) VALUES (400,'2022-10-16 09:56:17',1,3472.76,'enim lorem ipsum dolor sit amet consectetuer','penatibus et magnis dis parturient montes nascetur ridiculus mus vivamus vestibulum sagittis sapien cum sociis natoque penatibus et magnis dis parturient montes nascetur ridiculus mus etiam vel augue',97,85);

-- Orders --

INSERT INTO Orders(orderId,amountPaid,completed,dateShipped,quantity,buyerId,sellerId,authenticatorId,listingId,isAuthenticated) VALUES (1,846.97,1,'2022-12-18 17:36:34',4,36,1,11,226,0);
INSERT INTO Orders(orderId,amountPaid,completed,dateShipped,quantity,buyerId,sellerId,authenticatorId,listingId,isAuthenticated) VALUES (2,8967.63,1,'2022-04-17 17:04:57',3,29,19,5,10,0);
INSERT INTO Orders(orderId,amountPaid,completed,dateShipped,quantity,buyerId,sellerId,authenticatorId,listingId,isAuthenticated) VALUES (3,9738.92,0,'2023-04-04 07:16:32',10,9,89,8,224,1);
INSERT INTO Orders(orderId,amountPaid,completed,dateShipped,quantity,buyerId,sellerId,authenticatorId,listingId,isAuthenticated) VALUES (4,193.5,1,'2023-04-01 23:40:55',8,40,11,16,284,1);
INSERT INTO Orders(orderId,amountPaid,completed,dateShipped,quantity,buyerId,sellerId,authenticatorId,listingId,isAuthenticated) VALUES (5,8842.74,1,'2022-05-21 16:56:02',1,88,98,15,150,1);
INSERT INTO Orders(orderId,amountPaid,completed,dateShipped,quantity,buyerId,sellerId,authenticatorId,listingId,isAuthenticated) VALUES (6,1389.31,0,'2022-06-12 04:42:51',10,72,20,3,357,1);
INSERT INTO Orders(orderId,amountPaid,completed,dateShipped,quantity,buyerId,sellerId,authenticatorId,listingId,isAuthenticated) VALUES (7,1393.84,0,'2023-01-06 13:29:25',2,52,61,6,272,1);
INSERT INTO Orders(orderId,amountPaid,completed,dateShipped,quantity,buyerId,sellerId,authenticatorId,listingId,isAuthenticated) VALUES (8,2311.36,1,'2022-05-15 05:48:19',8,64,69,13,295,1);
INSERT INTO Orders(orderId,amountPaid,completed,dateShipped,quantity,buyerId,sellerId,authenticatorId,listingId,isAuthenticated) VALUES (9,3948.92,0,'2023-01-18 18:00:24',1,85,41,1,264,1);
INSERT INTO Orders(orderId,amountPaid,completed,dateShipped,quantity,buyerId,sellerId,authenticatorId,listingId,isAuthenticated) VALUES (10,4382.89,0,'2022-07-18 06:48:58',5,27,100,19,121,1);
INSERT INTO Orders(orderId,amountPaid,completed,dateShipped,quantity,buyerId,sellerId,authenticatorId,listingId,isAuthenticated) VALUES (11,1766.61,0,'2022-09-22 09:43:58',5,7,86,9,256,1);
INSERT INTO Orders(orderId,amountPaid,completed,dateShipped,quantity,buyerId,sellerId,authenticatorId,listingId,isAuthenticated) VALUES (12,3268.28,1,'2022-06-28 20:22:23',3,23,19,19,381,1);
INSERT INTO Orders(orderId,amountPaid,completed,dateShipped,quantity,buyerId,sellerId,authenticatorId,listingId,isAuthenticated) VALUES (13,8174.29,0,'2023-04-09 15:51:48',2,30,27,5,15,0);
INSERT INTO Orders(orderId,amountPaid,completed,dateShipped,quantity,buyerId,sellerId,authenticatorId,listingId,isAuthenticated) VALUES (14,9379.97,1,'2022-08-17 14:26:13',2,36,78,14,196,0);
INSERT INTO Orders(orderId,amountPaid,completed,dateShipped,quantity,buyerId,sellerId,authenticatorId,listingId,isAuthenticated) VALUES (15,6782.33,0,'2022-09-23 17:49:58',5,34,91,2,395,0);
INSERT INTO Orders(orderId,amountPaid,completed,dateShipped,quantity,buyerId,sellerId,authenticatorId,listingId,isAuthenticated) VALUES (16,5404.91,0,'2023-02-07 23:33:42',9,24,28,4,335,1);
INSERT INTO Orders(orderId,amountPaid,completed,dateShipped,quantity,buyerId,sellerId,authenticatorId,listingId,isAuthenticated) VALUES (17,9040.73,0,'2023-01-06 21:56:42',5,4,83,16,277,0);
INSERT INTO Orders(orderId,amountPaid,completed,dateShipped,quantity,buyerId,sellerId,authenticatorId,listingId,isAuthenticated) VALUES (18,7479.53,1,'2022-05-17 21:40:34',7,65,58,17,6,1);
INSERT INTO Orders(orderId,amountPaid,completed,dateShipped,quantity,buyerId,sellerId,authenticatorId,listingId,isAuthenticated) VALUES (19,1784.14,0,'2022-09-18 23:19:38',5,20,7,18,111,0);
INSERT INTO Orders(orderId,amountPaid,completed,dateShipped,quantity,buyerId,sellerId,authenticatorId,listingId,isAuthenticated) VALUES (20,5769.38,0,'2022-08-30 16:31:06',3,72,43,13,61,0);
INSERT INTO Orders(orderId,amountPaid,completed,dateShipped,quantity,buyerId,sellerId,authenticatorId,listingId,isAuthenticated) VALUES (21,1584.48,0,'2022-11-10 13:28:07',7,65,89,9,65,1);
INSERT INTO Orders(orderId,amountPaid,completed,dateShipped,quantity,buyerId,sellerId,authenticatorId,listingId,isAuthenticated) VALUES (22,8884.05,0,'2022-09-15 23:57:08',5,46,59,11,68,1);
INSERT INTO Orders(orderId,amountPaid,completed,dateShipped,quantity,buyerId,sellerId,authenticatorId,listingId,isAuthenticated) VALUES (23,485.56,0,'2022-12-30 06:29:03',5,90,98,19,168,1);
INSERT INTO Orders(orderId,amountPaid,completed,dateShipped,quantity,buyerId,sellerId,authenticatorId,listingId,isAuthenticated) VALUES (24,1702.64,0,'2023-02-02 07:01:31',1,20,90,7,369,0);
INSERT INTO Orders(orderId,amountPaid,completed,dateShipped,quantity,buyerId,sellerId,authenticatorId,listingId,isAuthenticated) VALUES (25,9730.47,1,'2022-08-15 13:48:42',5,55,93,1,153,0);
INSERT INTO Orders(orderId,amountPaid,completed,dateShipped,quantity,buyerId,sellerId,authenticatorId,listingId,isAuthenticated) VALUES (26,7617.47,0,'2023-03-16 15:37:58',10,3,84,3,229,1);
INSERT INTO Orders(orderId,amountPaid,completed,dateShipped,quantity,buyerId,sellerId,authenticatorId,listingId,isAuthenticated) VALUES (27,565.8,0,'2022-09-02 10:49:12',9,6,30,10,337,1);
INSERT INTO Orders(orderId,amountPaid,completed,dateShipped,quantity,buyerId,sellerId,authenticatorId,listingId,isAuthenticated) VALUES (28,3270.64,0,'2023-01-24 09:37:27',9,10,54,13,145,1);
INSERT INTO Orders(orderId,amountPaid,completed,dateShipped,quantity,buyerId,sellerId,authenticatorId,listingId,isAuthenticated) VALUES (29,6641.65,1,'2023-03-18 04:32:56',4,7,70,5,298,1);
INSERT INTO Orders(orderId,amountPaid,completed,dateShipped,quantity,buyerId,sellerId,authenticatorId,listingId,isAuthenticated) VALUES (30,221.94,0,'2022-08-02 12:34:47',9,82,96,20,395,1);
INSERT INTO Orders(orderId,amountPaid,completed,dateShipped,quantity,buyerId,sellerId,authenticatorId,listingId,isAuthenticated) VALUES (31,7851.22,1,'2022-08-01 22:42:37',3,97,91,7,94,1);
INSERT INTO Orders(orderId,amountPaid,completed,dateShipped,quantity,buyerId,sellerId,authenticatorId,listingId,isAuthenticated) VALUES (32,2662.44,0,'2022-06-29 14:50:37',2,55,75,12,249,0);
INSERT INTO Orders(orderId,amountPaid,completed,dateShipped,quantity,buyerId,sellerId,authenticatorId,listingId,isAuthenticated) VALUES (33,3486.45,0,'2022-12-28 20:47:01',9,17,5,16,190,0);
INSERT INTO Orders(orderId,amountPaid,completed,dateShipped,quantity,buyerId,sellerId,authenticatorId,listingId,isAuthenticated) VALUES (34,1804.89,1,'2022-04-20 18:03:16',9,89,90,19,84,0);
INSERT INTO Orders(orderId,amountPaid,completed,dateShipped,quantity,buyerId,sellerId,authenticatorId,listingId,isAuthenticated) VALUES (35,6283.1,1,'2022-09-26 23:11:40',5,11,86,10,17,0);
INSERT INTO Orders(orderId,amountPaid,completed,dateShipped,quantity,buyerId,sellerId,authenticatorId,listingId,isAuthenticated) VALUES (36,9538.75,0,'2022-05-31 17:01:22',10,66,61,11,142,1);
INSERT INTO Orders(orderId,amountPaid,completed,dateShipped,quantity,buyerId,sellerId,authenticatorId,listingId,isAuthenticated) VALUES (37,1634.18,1,'2022-07-24 00:03:24',6,34,87,8,7,0);
INSERT INTO Orders(orderId,amountPaid,completed,dateShipped,quantity,buyerId,sellerId,authenticatorId,listingId,isAuthenticated) VALUES (38,3366.84,0,'2022-06-14 01:49:10',5,15,98,1,6,1);
INSERT INTO Orders(orderId,amountPaid,completed,dateShipped,quantity,buyerId,sellerId,authenticatorId,listingId,isAuthenticated) VALUES (39,9484.33,1,'2023-03-03 13:37:27',1,14,15,15,250,0);
INSERT INTO Orders(orderId,amountPaid,completed,dateShipped,quantity,buyerId,sellerId,authenticatorId,listingId,isAuthenticated) VALUES (40,6034.9,1,'2022-06-22 04:41:27',8,54,41,20,383,1);
INSERT INTO Orders(orderId,amountPaid,completed,dateShipped,quantity,buyerId,sellerId,authenticatorId,listingId,isAuthenticated) VALUES (41,9668.33,1,'2022-08-12 12:52:29',9,88,28,14,35,1);
INSERT INTO Orders(orderId,amountPaid,completed,dateShipped,quantity,buyerId,sellerId,authenticatorId,listingId,isAuthenticated) VALUES (42,244.62,0,'2022-09-23 13:07:41',2,60,11,7,325,0);
INSERT INTO Orders(orderId,amountPaid,completed,dateShipped,quantity,buyerId,sellerId,authenticatorId,listingId,isAuthenticated) VALUES (43,9429.65,1,'2022-11-03 09:16:05',9,8,98,15,212,0);
INSERT INTO Orders(orderId,amountPaid,completed,dateShipped,quantity,buyerId,sellerId,authenticatorId,listingId,isAuthenticated) VALUES (44,7717.95,1,'2022-08-15 11:06:19',6,50,53,4,387,0);
INSERT INTO Orders(orderId,amountPaid,completed,dateShipped,quantity,buyerId,sellerId,authenticatorId,listingId,isAuthenticated) VALUES (45,5079.27,0,'2022-07-13 15:35:17',2,61,69,17,224,1);
INSERT INTO Orders(orderId,amountPaid,completed,dateShipped,quantity,buyerId,sellerId,authenticatorId,listingId,isAuthenticated) VALUES (46,5268.23,0,'2022-07-27 04:40:37',2,16,25,3,201,1);
INSERT INTO Orders(orderId,amountPaid,completed,dateShipped,quantity,buyerId,sellerId,authenticatorId,listingId,isAuthenticated) VALUES (47,7348.59,0,'2022-06-28 11:46:56',1,25,21,6,155,0);
INSERT INTO Orders(orderId,amountPaid,completed,dateShipped,quantity,buyerId,sellerId,authenticatorId,listingId,isAuthenticated) VALUES (48,6201.63,0,'2022-10-07 14:32:51',5,39,46,5,397,0);
INSERT INTO Orders(orderId,amountPaid,completed,dateShipped,quantity,buyerId,sellerId,authenticatorId,listingId,isAuthenticated) VALUES (49,2828.89,1,'2022-09-26 17:18:01',1,31,37,13,187,0);
INSERT INTO Orders(orderId,amountPaid,completed,dateShipped,quantity,buyerId,sellerId,authenticatorId,listingId,isAuthenticated) VALUES (50,6057.8,0,'2022-05-10 11:57:16',2,47,60,16,185,0);
INSERT INTO Orders(orderId,amountPaid,completed,dateShipped,quantity,buyerId,sellerId,authenticatorId,listingId,isAuthenticated) VALUES (51,3165.31,0,'2022-10-30 10:58:42',3,37,50,2,52,0);
INSERT INTO Orders(orderId,amountPaid,completed,dateShipped,quantity,buyerId,sellerId,authenticatorId,listingId,isAuthenticated) VALUES (52,4037.54,0,'2022-10-02 12:31:07',10,99,49,18,166,0);
INSERT INTO Orders(orderId,amountPaid,completed,dateShipped,quantity,buyerId,sellerId,authenticatorId,listingId,isAuthenticated) VALUES (53,4302.61,1,'2022-09-14 21:31:16',2,45,22,17,115,0);
INSERT INTO Orders(orderId,amountPaid,completed,dateShipped,quantity,buyerId,sellerId,authenticatorId,listingId,isAuthenticated) VALUES (54,3129.57,1,'2023-03-03 14:45:04',4,21,89,15,257,0);
INSERT INTO Orders(orderId,amountPaid,completed,dateShipped,quantity,buyerId,sellerId,authenticatorId,listingId,isAuthenticated) VALUES (55,520.98,1,'2022-06-27 16:48:48',6,78,74,14,27,1);
INSERT INTO Orders(orderId,amountPaid,completed,dateShipped,quantity,buyerId,sellerId,authenticatorId,listingId,isAuthenticated) VALUES (56,1310.49,1,'2022-09-17 10:20:50',1,59,91,20,6,0);
INSERT INTO Orders(orderId,amountPaid,completed,dateShipped,quantity,buyerId,sellerId,authenticatorId,listingId,isAuthenticated) VALUES (57,1089.4,0,'2022-07-18 12:06:19',3,22,16,3,226,1);
INSERT INTO Orders(orderId,amountPaid,completed,dateShipped,quantity,buyerId,sellerId,authenticatorId,listingId,isAuthenticated) VALUES (58,5597.97,0,'2022-08-21 11:42:53',2,49,69,19,23,1);
INSERT INTO Orders(orderId,amountPaid,completed,dateShipped,quantity,buyerId,sellerId,authenticatorId,listingId,isAuthenticated) VALUES (59,7869.84,0,'2022-11-21 21:43:38',2,87,10,9,16,0);
INSERT INTO Orders(orderId,amountPaid,completed,dateShipped,quantity,buyerId,sellerId,authenticatorId,listingId,isAuthenticated) VALUES (60,5362.14,0,'2023-03-31 04:26:19',2,31,84,4,318,1);
INSERT INTO Orders(orderId,amountPaid,completed,dateShipped,quantity,buyerId,sellerId,authenticatorId,listingId,isAuthenticated) VALUES (61,1923.75,1,'2022-05-22 18:19:36',3,54,42,7,15,1);
INSERT INTO Orders(orderId,amountPaid,completed,dateShipped,quantity,buyerId,sellerId,authenticatorId,listingId,isAuthenticated) VALUES (62,5639.51,0,'2022-05-29 01:28:06',10,4,80,13,104,1);
INSERT INTO Orders(orderId,amountPaid,completed,dateShipped,quantity,buyerId,sellerId,authenticatorId,listingId,isAuthenticated) VALUES (63,9963.45,1,'2022-09-01 23:15:52',3,13,94,1,380,0);
INSERT INTO Orders(orderId,amountPaid,completed,dateShipped,quantity,buyerId,sellerId,authenticatorId,listingId,isAuthenticated) VALUES (64,4323.51,0,'2022-06-30 23:59:46',5,95,57,17,182,0);
INSERT INTO Orders(orderId,amountPaid,completed,dateShipped,quantity,buyerId,sellerId,authenticatorId,listingId,isAuthenticated) VALUES (65,1736.59,0,'2022-07-17 04:20:55',2,52,24,11,208,0);
INSERT INTO Orders(orderId,amountPaid,completed,dateShipped,quantity,buyerId,sellerId,authenticatorId,listingId,isAuthenticated) VALUES (66,127.41,1,'2022-12-13 01:34:09',7,93,92,15,263,1);
INSERT INTO Orders(orderId,amountPaid,completed,dateShipped,quantity,buyerId,sellerId,authenticatorId,listingId,isAuthenticated) VALUES (67,3603.11,1,'2022-11-30 12:54:26',1,42,81,19,214,1);
INSERT INTO Orders(orderId,amountPaid,completed,dateShipped,quantity,buyerId,sellerId,authenticatorId,listingId,isAuthenticated) VALUES (68,5239.9,0,'2022-11-01 22:20:06',9,98,20,3,227,0);
INSERT INTO Orders(orderId,amountPaid,completed,dateShipped,quantity,buyerId,sellerId,authenticatorId,listingId,isAuthenticated) VALUES (69,9657.31,0,'2022-10-25 17:19:37',6,11,100,12,311,1);
INSERT INTO Orders(orderId,amountPaid,completed,dateShipped,quantity,buyerId,sellerId,authenticatorId,listingId,isAuthenticated) VALUES (70,2873.26,0,'2022-06-02 22:56:53',7,63,7,9,44,0);
INSERT INTO Orders(orderId,amountPaid,completed,dateShipped,quantity,buyerId,sellerId,authenticatorId,listingId,isAuthenticated) VALUES (71,730.02,1,'2022-11-17 23:54:50',8,73,52,11,257,1);
INSERT INTO Orders(orderId,amountPaid,completed,dateShipped,quantity,buyerId,sellerId,authenticatorId,listingId,isAuthenticated) VALUES (72,3354.97,0,'2022-07-22 06:41:43',9,70,61,15,163,0);
INSERT INTO Orders(orderId,amountPaid,completed,dateShipped,quantity,buyerId,sellerId,authenticatorId,listingId,isAuthenticated) VALUES (73,7134.25,1,'2022-08-26 22:40:26',5,66,69,18,241,1);
INSERT INTO Orders(orderId,amountPaid,completed,dateShipped,quantity,buyerId,sellerId,authenticatorId,listingId,isAuthenticated) VALUES (74,1284.85,1,'2022-09-06 23:31:10',2,90,47,19,327,0);
INSERT INTO Orders(orderId,amountPaid,completed,dateShipped,quantity,buyerId,sellerId,authenticatorId,listingId,isAuthenticated) VALUES (75,5920.05,0,'2023-01-10 20:08:36',6,53,82,12,26,1);
INSERT INTO Orders(orderId,amountPaid,completed,dateShipped,quantity,buyerId,sellerId,authenticatorId,listingId,isAuthenticated) VALUES (76,9503.53,0,'2022-04-29 04:20:52',9,9,1,20,372,1);
INSERT INTO Orders(orderId,amountPaid,completed,dateShipped,quantity,buyerId,sellerId,authenticatorId,listingId,isAuthenticated) VALUES (77,7461.63,1,'2022-06-16 20:29:33',8,64,26,1,93,0);
INSERT INTO Orders(orderId,amountPaid,completed,dateShipped,quantity,buyerId,sellerId,authenticatorId,listingId,isAuthenticated) VALUES (78,6825.59,0,'2023-03-10 05:04:42',8,62,76,4,150,1);
INSERT INTO Orders(orderId,amountPaid,completed,dateShipped,quantity,buyerId,sellerId,authenticatorId,listingId,isAuthenticated) VALUES (79,3415.97,0,'2023-01-29 07:31:34',8,55,32,17,156,0);
INSERT INTO Orders(orderId,amountPaid,completed,dateShipped,quantity,buyerId,sellerId,authenticatorId,listingId,isAuthenticated) VALUES (80,114.08,1,'2023-02-09 12:41:02',5,77,17,8,83,0);
INSERT INTO Orders(orderId,amountPaid,completed,dateShipped,quantity,buyerId,sellerId,authenticatorId,listingId,isAuthenticated) VALUES (81,8392.8,0,'2023-03-27 02:44:43',4,79,39,19,146,0);
INSERT INTO Orders(orderId,amountPaid,completed,dateShipped,quantity,buyerId,sellerId,authenticatorId,listingId,isAuthenticated) VALUES (82,2429.43,0,'2022-12-12 22:41:14',10,40,98,12,196,0);
INSERT INTO Orders(orderId,amountPaid,completed,dateShipped,quantity,buyerId,sellerId,authenticatorId,listingId,isAuthenticated) VALUES (83,6370.74,1,'2022-11-12 02:25:21',9,57,49,3,241,1);
INSERT INTO Orders(orderId,amountPaid,completed,dateShipped,quantity,buyerId,sellerId,authenticatorId,listingId,isAuthenticated) VALUES (84,3953.56,1,'2022-10-07 21:22:54',10,60,45,2,167,1);
INSERT INTO Orders(orderId,amountPaid,completed,dateShipped,quantity,buyerId,sellerId,authenticatorId,listingId,isAuthenticated) VALUES (85,8985.86,1,'2023-01-20 03:40:09',1,94,70,18,157,0);
INSERT INTO Orders(orderId,amountPaid,completed,dateShipped,quantity,buyerId,sellerId,authenticatorId,listingId,isAuthenticated) VALUES (86,8558.19,1,'2022-11-05 01:45:12',3,68,63,14,364,1);
INSERT INTO Orders(orderId,amountPaid,completed,dateShipped,quantity,buyerId,sellerId,authenticatorId,listingId,isAuthenticated) VALUES (87,501.87,1,'2022-06-26 17:23:44',7,45,24,20,79,1);
INSERT INTO Orders(orderId,amountPaid,completed,dateShipped,quantity,buyerId,sellerId,authenticatorId,listingId,isAuthenticated) VALUES (88,7644.51,1,'2023-02-28 13:07:00',9,96,40,5,183,1);
INSERT INTO Orders(orderId,amountPaid,completed,dateShipped,quantity,buyerId,sellerId,authenticatorId,listingId,isAuthenticated) VALUES (89,7629.17,1,'2022-09-25 08:02:06',3,42,34,16,84,0);
INSERT INTO Orders(orderId,amountPaid,completed,dateShipped,quantity,buyerId,sellerId,authenticatorId,listingId,isAuthenticated) VALUES (90,863.17,0,'2023-03-06 18:45:43',3,35,41,11,399,1);
INSERT INTO Orders(orderId,amountPaid,completed,dateShipped,quantity,buyerId,sellerId,authenticatorId,listingId,isAuthenticated) VALUES (91,7926.05,0,'2022-12-27 17:41:31',4,36,19,1,184,0);
INSERT INTO Orders(orderId,amountPaid,completed,dateShipped,quantity,buyerId,sellerId,authenticatorId,listingId,isAuthenticated) VALUES (92,5104.52,0,'2022-12-18 08:30:54',9,86,13,14,258,0);
INSERT INTO Orders(orderId,amountPaid,completed,dateShipped,quantity,buyerId,sellerId,authenticatorId,listingId,isAuthenticated) VALUES (93,121.75,1,'2022-05-21 02:26:09',3,46,59,11,384,1);
INSERT INTO Orders(orderId,amountPaid,completed,dateShipped,quantity,buyerId,sellerId,authenticatorId,listingId,isAuthenticated) VALUES (94,7568.59,0,'2022-06-10 11:56:35',6,89,35,6,231,1);
INSERT INTO Orders(orderId,amountPaid,completed,dateShipped,quantity,buyerId,sellerId,authenticatorId,listingId,isAuthenticated) VALUES (95,1868.39,1,'2022-07-16 21:45:23',3,25,93,3,102,1);
INSERT INTO Orders(orderId,amountPaid,completed,dateShipped,quantity,buyerId,sellerId,authenticatorId,listingId,isAuthenticated) VALUES (96,8203.07,0,'2023-04-08 08:58:52',6,67,42,4,202,1);
INSERT INTO Orders(orderId,amountPaid,completed,dateShipped,quantity,buyerId,sellerId,authenticatorId,listingId,isAuthenticated) VALUES (97,7633.12,0,'2022-07-26 05:45:55',1,82,25,7,314,1);
INSERT INTO Orders(orderId,amountPaid,completed,dateShipped,quantity,buyerId,sellerId,authenticatorId,listingId,isAuthenticated) VALUES (98,3422.2,1,'2022-11-25 00:22:13',6,55,2,19,36,0);
INSERT INTO Orders(orderId,amountPaid,completed,dateShipped,quantity,buyerId,sellerId,authenticatorId,listingId,isAuthenticated) VALUES (99,1735.99,0,'2022-06-04 02:13:00',9,41,12,12,18,0);
INSERT INTO Orders(orderId,amountPaid,completed,dateShipped,quantity,buyerId,sellerId,authenticatorId,listingId,isAuthenticated) VALUES (100,9349.66,0,'2023-02-12 17:13:03',10,70,15,5,331,1);
INSERT INTO Orders(orderId,amountPaid,completed,dateShipped,quantity,buyerId,sellerId,authenticatorId,listingId,isAuthenticated) VALUES (101,5294.23,0,'2022-04-25 22:29:05',9,61,84,9,17,1);
INSERT INTO Orders(orderId,amountPaid,completed,dateShipped,quantity,buyerId,sellerId,authenticatorId,listingId,isAuthenticated) VALUES (102,520.04,0,'2022-06-06 14:18:07',4,35,90,8,215,0);
INSERT INTO Orders(orderId,amountPaid,completed,dateShipped,quantity,buyerId,sellerId,authenticatorId,listingId,isAuthenticated) VALUES (103,7401.47,1,'2022-06-26 18:38:41',7,68,34,15,208,0);
INSERT INTO Orders(orderId,amountPaid,completed,dateShipped,quantity,buyerId,sellerId,authenticatorId,listingId,isAuthenticated) VALUES (104,38.88,0,'2022-07-14 18:09:09',8,82,35,12,150,1);
INSERT INTO Orders(orderId,amountPaid,completed,dateShipped,quantity,buyerId,sellerId,authenticatorId,listingId,isAuthenticated) VALUES (105,2632.61,1,'2023-02-05 22:05:35',1,87,45,4,326,1);
INSERT INTO Orders(orderId,amountPaid,completed,dateShipped,quantity,buyerId,sellerId,authenticatorId,listingId,isAuthenticated) VALUES (106,5290.9,0,'2023-03-17 18:34:03',2,43,71,19,338,0);
INSERT INTO Orders(orderId,amountPaid,completed,dateShipped,quantity,buyerId,sellerId,authenticatorId,listingId,isAuthenticated) VALUES (107,433.87,1,'2022-11-17 10:57:00',4,72,18,1,393,0);
INSERT INTO Orders(orderId,amountPaid,completed,dateShipped,quantity,buyerId,sellerId,authenticatorId,listingId,isAuthenticated) VALUES (108,5997.16,1,'2022-05-22 18:01:33',9,48,65,14,67,1);
INSERT INTO Orders(orderId,amountPaid,completed,dateShipped,quantity,buyerId,sellerId,authenticatorId,listingId,isAuthenticated) VALUES (109,5456.26,0,'2022-12-06 12:52:40',4,93,3,5,396,1);
INSERT INTO Orders(orderId,amountPaid,completed,dateShipped,quantity,buyerId,sellerId,authenticatorId,listingId,isAuthenticated) VALUES (110,2358.27,1,'2023-03-28 01:35:20',10,34,22,3,173,1);
INSERT INTO Orders(orderId,amountPaid,completed,dateShipped,quantity,buyerId,sellerId,authenticatorId,listingId,isAuthenticated) VALUES (111,3729.9,1,'2023-01-18 01:23:58',2,97,24,5,301,0);
INSERT INTO Orders(orderId,amountPaid,completed,dateShipped,quantity,buyerId,sellerId,authenticatorId,listingId,isAuthenticated) VALUES (112,9533.44,1,'2023-02-02 01:09:43',5,59,17,14,131,0);
INSERT INTO Orders(orderId,amountPaid,completed,dateShipped,quantity,buyerId,sellerId,authenticatorId,listingId,isAuthenticated) VALUES (113,4879.63,0,'2022-10-09 20:39:10',2,78,91,12,78,1);
INSERT INTO Orders(orderId,amountPaid,completed,dateShipped,quantity,buyerId,sellerId,authenticatorId,listingId,isAuthenticated) VALUES (114,9077.89,1,'2022-12-07 12:19:35',10,14,54,1,287,0);
INSERT INTO Orders(orderId,amountPaid,completed,dateShipped,quantity,buyerId,sellerId,authenticatorId,listingId,isAuthenticated) VALUES (115,5415.13,1,'2023-04-14 10:04:11',8,62,58,20,244,0);
INSERT INTO Orders(orderId,amountPaid,completed,dateShipped,quantity,buyerId,sellerId,authenticatorId,listingId,isAuthenticated) VALUES (116,4141.35,1,'2023-03-16 16:16:41',3,66,89,6,150,1);
INSERT INTO Orders(orderId,amountPaid,completed,dateShipped,quantity,buyerId,sellerId,authenticatorId,listingId,isAuthenticated) VALUES (117,4151.39,0,'2022-07-07 02:41:18',2,56,67,3,329,1);
INSERT INTO Orders(orderId,amountPaid,completed,dateShipped,quantity,buyerId,sellerId,authenticatorId,listingId,isAuthenticated) VALUES (118,7720.59,0,'2022-11-04 12:02:39',9,33,80,19,365,1);
INSERT INTO Orders(orderId,amountPaid,completed,dateShipped,quantity,buyerId,sellerId,authenticatorId,listingId,isAuthenticated) VALUES (119,7908.64,0,'2023-03-22 20:38:39',5,92,44,16,69,1);
INSERT INTO Orders(orderId,amountPaid,completed,dateShipped,quantity,buyerId,sellerId,authenticatorId,listingId,isAuthenticated) VALUES (120,2145.81,0,'2022-06-14 12:31:12',8,43,95,18,216,1);
INSERT INTO Orders(orderId,amountPaid,completed,dateShipped,quantity,buyerId,sellerId,authenticatorId,listingId,isAuthenticated) VALUES (121,863.33,0,'2022-05-05 16:40:11',6,52,99,14,265,1);
INSERT INTO Orders(orderId,amountPaid,completed,dateShipped,quantity,buyerId,sellerId,authenticatorId,listingId,isAuthenticated) VALUES (122,9084.74,0,'2023-02-16 11:55:17',5,41,20,5,50,0);
INSERT INTO Orders(orderId,amountPaid,completed,dateShipped,quantity,buyerId,sellerId,authenticatorId,listingId,isAuthenticated) VALUES (123,7767.8,0,'2022-10-11 04:27:05',7,32,5,8,134,0);
INSERT INTO Orders(orderId,amountPaid,completed,dateShipped,quantity,buyerId,sellerId,authenticatorId,listingId,isAuthenticated) VALUES (124,1462.04,0,'2022-08-04 01:14:01',9,63,1,10,306,0);
INSERT INTO Orders(orderId,amountPaid,completed,dateShipped,quantity,buyerId,sellerId,authenticatorId,listingId,isAuthenticated) VALUES (125,5842.4,1,'2023-01-29 13:34:06',5,40,25,2,70,1);
INSERT INTO Orders(orderId,amountPaid,completed,dateShipped,quantity,buyerId,sellerId,authenticatorId,listingId,isAuthenticated) VALUES (126,8549.64,0,'2023-04-10 06:31:44',5,59,70,17,184,0);
INSERT INTO Orders(orderId,amountPaid,completed,dateShipped,quantity,buyerId,sellerId,authenticatorId,listingId,isAuthenticated) VALUES (127,501.46,1,'2023-01-26 16:19:35',9,34,30,15,354,0);
INSERT INTO Orders(orderId,amountPaid,completed,dateShipped,quantity,buyerId,sellerId,authenticatorId,listingId,isAuthenticated) VALUES (128,5529.08,0,'2022-04-19 16:52:23',5,94,62,19,231,0);
INSERT INTO Orders(orderId,amountPaid,completed,dateShipped,quantity,buyerId,sellerId,authenticatorId,listingId,isAuthenticated) VALUES (129,9546.79,0,'2022-11-12 03:22:50',5,7,58,16,87,1);
INSERT INTO Orders(orderId,amountPaid,completed,dateShipped,quantity,buyerId,sellerId,authenticatorId,listingId,isAuthenticated) VALUES (130,1452.04,1,'2022-06-25 05:42:59',5,76,94,3,237,0);
INSERT INTO Orders(orderId,amountPaid,completed,dateShipped,quantity,buyerId,sellerId,authenticatorId,listingId,isAuthenticated) VALUES (131,8207.73,0,'2022-12-15 20:42:21',9,51,67,9,166,0);
INSERT INTO Orders(orderId,amountPaid,completed,dateShipped,quantity,buyerId,sellerId,authenticatorId,listingId,isAuthenticated) VALUES (132,198.4,0,'2023-04-13 15:53:28',5,93,57,7,185,0);
INSERT INTO Orders(orderId,amountPaid,completed,dateShipped,quantity,buyerId,sellerId,authenticatorId,listingId,isAuthenticated) VALUES (133,2600.16,0,'2022-08-24 06:22:01',8,76,98,17,46,0);
INSERT INTO Orders(orderId,amountPaid,completed,dateShipped,quantity,buyerId,sellerId,authenticatorId,listingId,isAuthenticated) VALUES (134,7772.6,0,'2023-01-10 06:05:14',5,63,37,19,365,1);
INSERT INTO Orders(orderId,amountPaid,completed,dateShipped,quantity,buyerId,sellerId,authenticatorId,listingId,isAuthenticated) VALUES (135,294.97,0,'2022-08-29 08:55:39',9,19,87,10,332,0);
INSERT INTO Orders(orderId,amountPaid,completed,dateShipped,quantity,buyerId,sellerId,authenticatorId,listingId,isAuthenticated) VALUES (136,8821.94,1,'2023-03-09 18:25:59',2,100,16,8,230,0);
INSERT INTO Orders(orderId,amountPaid,completed,dateShipped,quantity,buyerId,sellerId,authenticatorId,listingId,isAuthenticated) VALUES (137,7669.58,0,'2023-03-27 02:41:01',5,91,75,2,198,1);
INSERT INTO Orders(orderId,amountPaid,completed,dateShipped,quantity,buyerId,sellerId,authenticatorId,listingId,isAuthenticated) VALUES (138,889.92,1,'2022-08-27 18:55:26',8,11,24,15,86,0);
INSERT INTO Orders(orderId,amountPaid,completed,dateShipped,quantity,buyerId,sellerId,authenticatorId,listingId,isAuthenticated) VALUES (139,7663.17,0,'2022-11-13 05:15:37',1,9,8,3,362,0);
INSERT INTO Orders(orderId,amountPaid,completed,dateShipped,quantity,buyerId,sellerId,authenticatorId,listingId,isAuthenticated) VALUES (140,6679.88,0,'2023-03-15 07:23:21',5,28,30,12,273,0);
INSERT INTO Orders(orderId,amountPaid,completed,dateShipped,quantity,buyerId,sellerId,authenticatorId,listingId,isAuthenticated) VALUES (141,6701.87,1,'2022-08-17 17:00:54',8,100,12,15,199,1);
INSERT INTO Orders(orderId,amountPaid,completed,dateShipped,quantity,buyerId,sellerId,authenticatorId,listingId,isAuthenticated) VALUES (142,1175.43,0,'2022-05-28 23:10:30',4,61,41,18,324,0);
INSERT INTO Orders(orderId,amountPaid,completed,dateShipped,quantity,buyerId,sellerId,authenticatorId,listingId,isAuthenticated) VALUES (143,6472.54,0,'2022-10-15 17:56:19',9,85,81,10,291,0);
INSERT INTO Orders(orderId,amountPaid,completed,dateShipped,quantity,buyerId,sellerId,authenticatorId,listingId,isAuthenticated) VALUES (144,6786.52,1,'2022-11-11 03:05:26',6,30,60,2,237,0);
INSERT INTO Orders(orderId,amountPaid,completed,dateShipped,quantity,buyerId,sellerId,authenticatorId,listingId,isAuthenticated) VALUES (145,3534.71,1,'2022-08-11 02:10:15',9,75,14,12,353,1);
INSERT INTO Orders(orderId,amountPaid,completed,dateShipped,quantity,buyerId,sellerId,authenticatorId,listingId,isAuthenticated) VALUES (146,1011.94,0,'2023-02-05 18:04:51',6,42,78,19,131,0);
INSERT INTO Orders(orderId,amountPaid,completed,dateShipped,quantity,buyerId,sellerId,authenticatorId,listingId,isAuthenticated) VALUES (147,3855.06,1,'2022-12-01 17:18:11',10,81,24,13,339,0);
INSERT INTO Orders(orderId,amountPaid,completed,dateShipped,quantity,buyerId,sellerId,authenticatorId,listingId,isAuthenticated) VALUES (148,8207.41,0,'2022-10-15 13:19:31',7,49,64,11,312,0);
INSERT INTO Orders(orderId,amountPaid,completed,dateShipped,quantity,buyerId,sellerId,authenticatorId,listingId,isAuthenticated) VALUES (149,158.6,1,'2022-07-23 04:31:24',5,96,27,6,38,1);
INSERT INTO Orders(orderId,amountPaid,completed,dateShipped,quantity,buyerId,sellerId,authenticatorId,listingId,isAuthenticated) VALUES (150,5246.44,0,'2022-07-27 14:41:09',8,65,16,8,318,1);
INSERT INTO Orders(orderId,amountPaid,completed,dateShipped,quantity,buyerId,sellerId,authenticatorId,listingId,isAuthenticated) VALUES (151,2580.98,0,'2023-03-26 12:20:25',10,4,45,9,154,1);
INSERT INTO Orders(orderId,amountPaid,completed,dateShipped,quantity,buyerId,sellerId,authenticatorId,listingId,isAuthenticated) VALUES (152,4918.05,1,'2022-06-24 10:51:38',5,58,76,10,64,0);
INSERT INTO Orders(orderId,amountPaid,completed,dateShipped,quantity,buyerId,sellerId,authenticatorId,listingId,isAuthenticated) VALUES (153,6263.35,1,'2022-07-19 20:27:22',1,86,46,20,14,1);
INSERT INTO Orders(orderId,amountPaid,completed,dateShipped,quantity,buyerId,sellerId,authenticatorId,listingId,isAuthenticated) VALUES (154,9291.65,0,'2022-04-30 21:57:31',8,73,48,11,268,0);
INSERT INTO Orders(orderId,amountPaid,completed,dateShipped,quantity,buyerId,sellerId,authenticatorId,listingId,isAuthenticated) VALUES (155,5940.31,1,'2022-08-08 04:51:04',6,62,8,15,207,0);
INSERT INTO Orders(orderId,amountPaid,completed,dateShipped,quantity,buyerId,sellerId,authenticatorId,listingId,isAuthenticated) VALUES (156,1267.87,1,'2022-05-18 12:33:27',9,80,13,13,316,0);
INSERT INTO Orders(orderId,amountPaid,completed,dateShipped,quantity,buyerId,sellerId,authenticatorId,listingId,isAuthenticated) VALUES (157,7774.82,1,'2022-07-11 14:28:19',10,17,60,8,57,1);
INSERT INTO Orders(orderId,amountPaid,completed,dateShipped,quantity,buyerId,sellerId,authenticatorId,listingId,isAuthenticated) VALUES (158,3043.96,0,'2023-03-26 06:37:54',3,74,91,16,314,0);
INSERT INTO Orders(orderId,amountPaid,completed,dateShipped,quantity,buyerId,sellerId,authenticatorId,listingId,isAuthenticated) VALUES (159,9408.13,0,'2023-04-07 11:39:00',4,10,11,3,190,1);
INSERT INTO Orders(orderId,amountPaid,completed,dateShipped,quantity,buyerId,sellerId,authenticatorId,listingId,isAuthenticated) VALUES (160,4069.67,0,'2022-08-07 20:46:05',2,94,27,7,103,0);
INSERT INTO Orders(orderId,amountPaid,completed,dateShipped,quantity,buyerId,sellerId,authenticatorId,listingId,isAuthenticated) VALUES (161,5703.25,0,'2022-04-25 04:40:10',2,17,78,19,149,0);
INSERT INTO Orders(orderId,amountPaid,completed,dateShipped,quantity,buyerId,sellerId,authenticatorId,listingId,isAuthenticated) VALUES (162,7818.57,1,'2023-01-27 19:52:16',1,23,73,20,158,1);
INSERT INTO Orders(orderId,amountPaid,completed,dateShipped,quantity,buyerId,sellerId,authenticatorId,listingId,isAuthenticated) VALUES (163,7082.69,0,'2022-12-29 01:52:10',2,47,54,1,160,1);
INSERT INTO Orders(orderId,amountPaid,completed,dateShipped,quantity,buyerId,sellerId,authenticatorId,listingId,isAuthenticated) VALUES (164,6987.43,0,'2022-07-07 16:08:40',7,34,71,11,122,0);
INSERT INTO Orders(orderId,amountPaid,completed,dateShipped,quantity,buyerId,sellerId,authenticatorId,listingId,isAuthenticated) VALUES (165,751.39,0,'2022-11-23 07:29:49',9,25,17,16,383,0);
INSERT INTO Orders(orderId,amountPaid,completed,dateShipped,quantity,buyerId,sellerId,authenticatorId,listingId,isAuthenticated) VALUES (166,24.29,1,'2023-03-03 19:05:47',7,77,95,8,363,1);
INSERT INTO Orders(orderId,amountPaid,completed,dateShipped,quantity,buyerId,sellerId,authenticatorId,listingId,isAuthenticated) VALUES (167,303.54,0,'2022-11-03 09:50:53',5,60,83,7,108,1);
INSERT INTO Orders(orderId,amountPaid,completed,dateShipped,quantity,buyerId,sellerId,authenticatorId,listingId,isAuthenticated) VALUES (168,8874.1,1,'2022-07-14 21:19:28',1,32,96,12,73,0);
INSERT INTO Orders(orderId,amountPaid,completed,dateShipped,quantity,buyerId,sellerId,authenticatorId,listingId,isAuthenticated) VALUES (169,5333.64,1,'2022-11-23 04:44:08',9,94,8,6,80,0);
INSERT INTO Orders(orderId,amountPaid,completed,dateShipped,quantity,buyerId,sellerId,authenticatorId,listingId,isAuthenticated) VALUES (170,3610.42,1,'2022-04-21 20:57:21',2,62,52,14,22,0);
INSERT INTO Orders(orderId,amountPaid,completed,dateShipped,quantity,buyerId,sellerId,authenticatorId,listingId,isAuthenticated) VALUES (171,5248.1,0,'2022-07-29 01:21:40',10,20,58,8,227,0);
INSERT INTO Orders(orderId,amountPaid,completed,dateShipped,quantity,buyerId,sellerId,authenticatorId,listingId,isAuthenticated) VALUES (172,4020.65,1,'2022-07-17 11:22:29',1,95,80,19,114,1);
INSERT INTO Orders(orderId,amountPaid,completed,dateShipped,quantity,buyerId,sellerId,authenticatorId,listingId,isAuthenticated) VALUES (173,1150.57,0,'2022-08-15 18:37:43',3,79,69,3,365,1);
INSERT INTO Orders(orderId,amountPaid,completed,dateShipped,quantity,buyerId,sellerId,authenticatorId,listingId,isAuthenticated) VALUES (174,4855.89,1,'2022-09-13 01:01:28',1,32,32,18,93,1);
INSERT INTO Orders(orderId,amountPaid,completed,dateShipped,quantity,buyerId,sellerId,authenticatorId,listingId,isAuthenticated) VALUES (175,4724.33,0,'2022-10-19 01:55:43',6,4,63,17,157,1);
INSERT INTO Orders(orderId,amountPaid,completed,dateShipped,quantity,buyerId,sellerId,authenticatorId,listingId,isAuthenticated) VALUES (176,2143.63,1,'2023-01-17 05:25:18',9,43,7,7,57,0);
INSERT INTO Orders(orderId,amountPaid,completed,dateShipped,quantity,buyerId,sellerId,authenticatorId,listingId,isAuthenticated) VALUES (177,8824.31,0,'2022-05-08 15:44:20',7,89,44,13,76,0);
INSERT INTO Orders(orderId,amountPaid,completed,dateShipped,quantity,buyerId,sellerId,authenticatorId,listingId,isAuthenticated) VALUES (178,4406.33,0,'2022-10-27 05:36:47',4,71,86,12,295,1);
INSERT INTO Orders(orderId,amountPaid,completed,dateShipped,quantity,buyerId,sellerId,authenticatorId,listingId,isAuthenticated) VALUES (179,1128.21,0,'2022-11-05 13:58:36',1,42,55,5,36,1);
INSERT INTO Orders(orderId,amountPaid,completed,dateShipped,quantity,buyerId,sellerId,authenticatorId,listingId,isAuthenticated) VALUES (180,2298.53,0,'2023-01-04 20:29:34',2,45,81,9,371,1);
INSERT INTO Orders(orderId,amountPaid,completed,dateShipped,quantity,buyerId,sellerId,authenticatorId,listingId,isAuthenticated) VALUES (181,1622.33,0,'2022-10-02 02:15:58',3,84,34,18,352,0);
INSERT INTO Orders(orderId,amountPaid,completed,dateShipped,quantity,buyerId,sellerId,authenticatorId,listingId,isAuthenticated) VALUES (182,186.62,0,'2022-05-25 04:18:39',3,90,22,13,379,1);
INSERT INTO Orders(orderId,amountPaid,completed,dateShipped,quantity,buyerId,sellerId,authenticatorId,listingId,isAuthenticated) VALUES (183,4098.1,0,'2022-07-31 04:23:55',2,69,56,4,101,0);
INSERT INTO Orders(orderId,amountPaid,completed,dateShipped,quantity,buyerId,sellerId,authenticatorId,listingId,isAuthenticated) VALUES (184,1034.07,0,'2022-10-11 21:41:23',3,38,51,10,207,0);
INSERT INTO Orders(orderId,amountPaid,completed,dateShipped,quantity,buyerId,sellerId,authenticatorId,listingId,isAuthenticated) VALUES (185,4429.22,1,'2022-06-11 08:09:50',9,89,6,7,90,0);
INSERT INTO Orders(orderId,amountPaid,completed,dateShipped,quantity,buyerId,sellerId,authenticatorId,listingId,isAuthenticated) VALUES (186,3366.87,1,'2022-06-10 08:42:27',9,10,96,3,46,1);
INSERT INTO Orders(orderId,amountPaid,completed,dateShipped,quantity,buyerId,sellerId,authenticatorId,listingId,isAuthenticated) VALUES (187,1631.26,0,'2022-09-22 20:33:25',4,70,95,16,256,0);
INSERT INTO Orders(orderId,amountPaid,completed,dateShipped,quantity,buyerId,sellerId,authenticatorId,listingId,isAuthenticated) VALUES (188,2551.74,0,'2022-09-21 11:09:16',4,49,30,9,272,0);
INSERT INTO Orders(orderId,amountPaid,completed,dateShipped,quantity,buyerId,sellerId,authenticatorId,listingId,isAuthenticated) VALUES (189,3910.64,1,'2022-12-17 04:04:12',8,52,33,17,2,0);
INSERT INTO Orders(orderId,amountPaid,completed,dateShipped,quantity,buyerId,sellerId,authenticatorId,listingId,isAuthenticated) VALUES (190,7006.05,0,'2023-02-28 19:07:50',8,43,11,19,145,1);
INSERT INTO Orders(orderId,amountPaid,completed,dateShipped,quantity,buyerId,sellerId,authenticatorId,listingId,isAuthenticated) VALUES (191,35.3,1,'2023-03-26 05:28:20',3,69,82,11,69,1);
INSERT INTO Orders(orderId,amountPaid,completed,dateShipped,quantity,buyerId,sellerId,authenticatorId,listingId,isAuthenticated) VALUES (192,4902.59,1,'2023-01-10 12:26:22',6,85,73,1,21,0);
INSERT INTO Orders(orderId,amountPaid,completed,dateShipped,quantity,buyerId,sellerId,authenticatorId,listingId,isAuthenticated) VALUES (193,3641.36,1,'2022-11-13 12:10:17',3,65,28,2,247,1);
INSERT INTO Orders(orderId,amountPaid,completed,dateShipped,quantity,buyerId,sellerId,authenticatorId,listingId,isAuthenticated) VALUES (194,6370.19,0,'2023-04-05 08:11:16',7,36,95,6,182,1);
INSERT INTO Orders(orderId,amountPaid,completed,dateShipped,quantity,buyerId,sellerId,authenticatorId,listingId,isAuthenticated) VALUES (195,3797.7,1,'2022-05-05 19:53:54',3,73,3,19,199,0);
INSERT INTO Orders(orderId,amountPaid,completed,dateShipped,quantity,buyerId,sellerId,authenticatorId,listingId,isAuthenticated) VALUES (196,9715.17,1,'2022-06-04 15:35:00',4,7,52,4,13,0);
INSERT INTO Orders(orderId,amountPaid,completed,dateShipped,quantity,buyerId,sellerId,authenticatorId,listingId,isAuthenticated) VALUES (197,3279.47,1,'2022-09-12 10:29:35',9,55,56,20,240,0);
INSERT INTO Orders(orderId,amountPaid,completed,dateShipped,quantity,buyerId,sellerId,authenticatorId,listingId,isAuthenticated) VALUES (198,6099.02,0,'2022-10-07 17:36:51',9,46,58,5,291,1);
INSERT INTO Orders(orderId,amountPaid,completed,dateShipped,quantity,buyerId,sellerId,authenticatorId,listingId,isAuthenticated) VALUES (199,7493.78,0,'2023-02-20 12:41:20',7,44,87,17,61,1);
INSERT INTO Orders(orderId,amountPaid,completed,dateShipped,quantity,buyerId,sellerId,authenticatorId,listingId,isAuthenticated) VALUES (200,9481.72,1,'2022-12-24 13:42:10',10,81,20,8,76,1);

-- Listing Reviews --

INSERT INTO ListingReviews(reviewId,likes,dislikes,timePosted,reviewComment,buyerId,listingId) VALUES (1,10,9,'2022-06-29 17:55:44','hac habitasse platea dictumst aliquam augue quam sollicitudin vitae consectetuer eget rutrum at lorem integer tincidunt ante vel ipsum praesent blandit lacinia',46,270);
INSERT INTO ListingReviews(reviewId,likes,dislikes,timePosted,reviewComment,buyerId,listingId) VALUES (2,5,3,'2022-08-16 03:16:27','ut erat curabitur gravida nisi at nibh in hac habitasse platea dictumst aliquam augue quam sollicitudin',69,393);
INSERT INTO ListingReviews(reviewId,likes,dislikes,timePosted,reviewComment,buyerId,listingId) VALUES (3,7,0,'2022-10-27 12:54:32','convallis nunc proin at turpis a pede posuere nonummy integer non velit donec diam neque vestibulum eget vulputate ut ultrices vel augue vestibulum ante ipsum primis in faucibus orci luctus et ultrices posuere cubilia curae donec pharetra magna vestibulum aliquet ultrices erat tortor sollicitudin mi sit amet lobortis sapien sapien non mi integer ac neque duis bibendum morbi non quam',27,264);
INSERT INTO ListingReviews(reviewId,likes,dislikes,timePosted,reviewComment,buyerId,listingId) VALUES (4,8,9,'2022-10-06 11:23:52','et tempus semper est quam pharetra magna ac consequat metus sapien ut nunc vestibulum ante ipsum primis in faucibus orci luctus et ultrices posuere cubilia curae mauris viverra diam vitae quam suspendisse potenti nullam porttitor lacus at turpis donec posuere metus vitae ipsum aliquam non mauris morbi non lectus aliquam sit amet diam in magna bibendum imperdiet nullam orci pede venenatis non sodales sed tincidunt eu felis fusce posuere felis sed lacus morbi sem mauris laoreet ut rhoncus aliquet pulvinar sed nisl nunc',20,238);
INSERT INTO ListingReviews(reviewId,likes,dislikes,timePosted,reviewComment,buyerId,listingId) VALUES (5,7,4,'2022-12-12 04:56:10','eget semper rutrum nulla nunc purus phasellus in felis donec semper sapien a libero nam dui proin leo odio porttitor id consequat in consequat ut nulla sed accumsan felis ut at dolor quis odio consequat varius integer ac leo pellentesque ultrices mattis odio donec vitae nisi nam ultrices libero non mattis',48,163);
INSERT INTO ListingReviews(reviewId,likes,dislikes,timePosted,reviewComment,buyerId,listingId) VALUES (6,3,8,'2023-04-03 16:14:02','turpis integer aliquet massa id lobortis convallis tortor risus dapibus augue vel accumsan tellus nisi eu orci mauris lacinia sapien quis libero nullam sit amet turpis elementum ligula vehicula consequat morbi a ipsum integer a nibh in quis justo maecenas rhoncus aliquam lacus morbi quis tortor id nulla ultrices aliquet maecenas leo odio condimentum id luctus nec molestie sed justo pellentesque viverra pede ac diam cras pellentesque volutpat dui maecenas tristique est et tempus semper est quam pharetra magna ac consequat metus sapien ut nunc vestibulum ante ipsum primis in faucibus',57,101);
INSERT INTO ListingReviews(reviewId,likes,dislikes,timePosted,reviewComment,buyerId,listingId) VALUES (7,0,3,'2022-09-03 19:53:35','platea dictumst aliquam augue quam sollicitudin vitae consectetuer eget rutrum at lorem integer tincidunt ante vel ipsum praesent blandit lacinia erat vestibulum sed magna at nunc commodo placerat praesent blandit nam nulla integer pede justo lacinia eget tincidunt eget tempus vel pede morbi porttitor lorem id ligula suspendisse ornare consequat lectus in est risus auctor sed tristique in tempus sit amet sem fusce consequat nulla nisl nunc nisl duis bibendum felis sed interdum venenatis turpis enim blandit mi in porttitor pede justo eu',28,378);
INSERT INTO ListingReviews(reviewId,likes,dislikes,timePosted,reviewComment,buyerId,listingId) VALUES (8,5,7,'2023-04-11 21:16:11','curae donec pharetra magna vestibulum aliquet ultrices erat tortor sollicitudin mi sit amet lobortis sapien sapien non mi integer ac neque duis bibendum morbi non quam nec dui luctus rutrum nulla tellus in sagittis dui vel nisl duis ac nibh fusce lacus purus aliquet at feugiat non pretium quis lectus suspendisse potenti in eleifend quam a odio in hac habitasse platea dictumst maecenas ut massa quis augue luctus tincidunt',33,23);
INSERT INTO ListingReviews(reviewId,likes,dislikes,timePosted,reviewComment,buyerId,listingId) VALUES (9,6,10,'2022-11-09 12:29:22','sollicitudin mi sit amet lobortis sapien sapien non mi integer ac neque duis bibendum morbi non quam nec dui luctus rutrum nulla tellus in sagittis dui vel nisl duis ac nibh fusce lacus purus aliquet at feugiat non pretium quis lectus suspendisse potenti in eleifend quam a odio in hac habitasse platea dictumst maecenas ut massa quis augue luctus tincidunt nulla mollis molestie lorem quisque ut erat curabitur gravida nisi at nibh in hac habitasse platea dictumst aliquam augue quam sollicitudin vitae consectetuer',4,5);
INSERT INTO ListingReviews(reviewId,likes,dislikes,timePosted,reviewComment,buyerId,listingId) VALUES (10,5,10,'2022-11-10 02:27:03','lacus morbi sem mauris laoreet ut rhoncus aliquet pulvinar sed nisl nunc rhoncus dui vel sem sed sagittis nam congue risus semper porta volutpat quam pede lobortis ligula sit amet eleifend pede libero quis orci nullam molestie nibh in lectus pellentesque at nulla suspendisse potenti cras in purus eu magna vulputate luctus cum sociis natoque penatibus et magnis dis parturient montes nascetur ridiculus mus vivamus vestibulum sagittis sapien cum sociis natoque penatibus et magnis dis',79,180);
INSERT INTO ListingReviews(reviewId,likes,dislikes,timePosted,reviewComment,buyerId,listingId) VALUES (11,8,1,'2022-12-30 18:34:44','leo rhoncus sed vestibulum sit amet cursus id turpis integer aliquet massa id lobortis convallis tortor risus dapibus augue vel accumsan tellus nisi eu orci mauris lacinia sapien quis libero nullam sit amet turpis elementum ligula vehicula consequat morbi a ipsum integer a nibh in quis justo maecenas rhoncus aliquam lacus morbi quis',18,53);
INSERT INTO ListingReviews(reviewId,likes,dislikes,timePosted,reviewComment,buyerId,listingId) VALUES (12,10,4,'2022-07-13 06:23:15','turpis adipiscing lorem vitae mattis nibh ligula nec sem duis aliquam convallis nunc proin at turpis a pede posuere nonummy integer non velit donec diam neque vestibulum eget vulputate ut ultrices vel augue vestibulum ante ipsum primis in faucibus orci luctus et ultrices posuere cubilia curae donec pharetra magna vestibulum aliquet ultrices erat tortor sollicitudin mi sit amet lobortis sapien sapien non mi integer ac neque duis bibendum morbi non quam nec dui',5,94);
INSERT INTO ListingReviews(reviewId,likes,dislikes,timePosted,reviewComment,buyerId,listingId) VALUES (13,5,10,'2022-06-01 20:06:01','sapien cursus vestibulum proin eu mi nulla ac enim in tempor turpis nec euismod scelerisque quam turpis adipiscing lorem vitae mattis nibh ligula nec sem duis aliquam convallis nunc proin at turpis a pede posuere nonummy integer non velit donec diam neque vestibulum eget vulputate ut ultrices vel augue vestibulum ante ipsum primis',32,103);
INSERT INTO ListingReviews(reviewId,likes,dislikes,timePosted,reviewComment,buyerId,listingId) VALUES (14,6,10,'2022-07-07 09:45:35','vel augue vestibulum ante ipsum primis in faucibus orci luctus et ultrices posuere cubilia curae donec pharetra magna vestibulum aliquet ultrices erat tortor sollicitudin mi sit amet lobortis sapien sapien non mi integer ac neque duis bibendum morbi non quam nec dui luctus rutrum nulla tellus in sagittis dui vel nisl duis ac nibh fusce lacus purus aliquet at feugiat non pretium quis lectus suspendisse potenti in eleifend quam a odio in hac',65,165);
INSERT INTO ListingReviews(reviewId,likes,dislikes,timePosted,reviewComment,buyerId,listingId) VALUES (15,8,0,'2022-07-17 08:41:45','id mauris vulputate elementum nullam varius nulla facilisi cras non velit nec nisi vulputate nonummy maecenas tincidunt lacus at velit vivamus vel nulla eget eros elementum pellentesque quisque porta volutpat erat quisque erat eros viverra eget congue eget semper rutrum nulla nunc purus phasellus in felis donec semper sapien a libero nam dui proin leo odio porttitor id consequat in consequat',48,289);
INSERT INTO ListingReviews(reviewId,likes,dislikes,timePosted,reviewComment,buyerId,listingId) VALUES (16,8,6,'2022-07-15 18:27:52','quam suspendisse potenti nullam porttitor lacus at turpis donec posuere metus vitae ipsum aliquam non mauris morbi non lectus aliquam sit amet diam in magna bibendum imperdiet nullam orci pede venenatis non sodales sed tincidunt eu felis fusce posuere felis sed',3,42);
INSERT INTO ListingReviews(reviewId,likes,dislikes,timePosted,reviewComment,buyerId,listingId) VALUES (17,7,10,'2022-12-17 03:36:38','mi pede malesuada in imperdiet et commodo vulputate justo in blandit ultrices enim lorem',23,22);
INSERT INTO ListingReviews(reviewId,likes,dislikes,timePosted,reviewComment,buyerId,listingId) VALUES (18,4,3,'2022-05-19 11:37:20','dolor vel est donec odio justo sollicitudin ut suscipit a feugiat et eros vestibulum ac est lacinia nisi venenatis tristique fusce congue diam id ornare imperdiet sapien urna pretium nisl ut volutpat sapien arcu sed augue aliquam erat volutpat in congue etiam justo etiam pretium iaculis justo in hac habitasse platea dictumst etiam faucibus cursus urna ut tellus nulla ut erat id mauris vulputate elementum nullam varius nulla facilisi cras non velit nec nisi vulputate nonummy maecenas tincidunt lacus at velit vivamus vel nulla eget',29,262);
INSERT INTO ListingReviews(reviewId,likes,dislikes,timePosted,reviewComment,buyerId,listingId) VALUES (19,0,9,'2022-07-04 12:40:38','ut massa quis augue luctus tincidunt nulla mollis molestie lorem quisque ut erat curabitur gravida nisi',28,54);
INSERT INTO ListingReviews(reviewId,likes,dislikes,timePosted,reviewComment,buyerId,listingId) VALUES (20,3,6,'2023-02-20 18:42:28','ante vivamus tortor duis mattis egestas metus aenean fermentum donec ut mauris eget massa tempor convallis nulla neque libero convallis eget eleifend luctus ultricies eu nibh quisque id justo sit amet sapien dignissim vestibulum vestibulum ante ipsum primis in faucibus orci',57,2);
INSERT INTO ListingReviews(reviewId,likes,dislikes,timePosted,reviewComment,buyerId,listingId) VALUES (21,9,1,'2023-02-04 02:38:28','at feugiat non pretium quis lectus suspendisse potenti in eleifend quam a odio in hac habitasse platea dictumst maecenas ut massa quis augue luctus tincidunt nulla mollis molestie lorem quisque ut erat curabitur gravida nisi at nibh in hac habitasse platea dictumst aliquam augue quam sollicitudin vitae consectetuer eget rutrum at lorem integer tincidunt ante vel ipsum praesent blandit lacinia erat vestibulum',28,19);
INSERT INTO ListingReviews(reviewId,likes,dislikes,timePosted,reviewComment,buyerId,listingId) VALUES (22,3,2,'2022-07-22 21:17:42','pretium quis lectus suspendisse potenti in eleifend quam a odio in hac habitasse platea dictumst maecenas ut massa quis augue luctus tincidunt nulla mollis molestie lorem quisque ut erat curabitur gravida nisi at nibh in hac habitasse platea dictumst aliquam augue quam sollicitudin vitae consectetuer eget rutrum at lorem integer tincidunt ante vel ipsum praesent blandit lacinia erat vestibulum sed magna at nunc commodo placerat praesent blandit nam nulla integer pede justo lacinia eget',46,124);
INSERT INTO ListingReviews(reviewId,likes,dislikes,timePosted,reviewComment,buyerId,listingId) VALUES (23,3,4,'2022-05-27 18:54:07','ipsum primis in faucibus orci luctus et ultrices posuere cubilia curae nulla dapibus dolor vel est donec odio justo sollicitudin ut suscipit a feugiat et eros vestibulum ac est lacinia nisi venenatis tristique fusce congue diam id ornare imperdiet sapien urna pretium nisl ut volutpat sapien arcu sed augue aliquam erat volutpat in congue etiam justo etiam pretium iaculis justo in hac habitasse platea dictumst etiam faucibus cursus urna ut tellus nulla ut erat id mauris vulputate elementum nullam varius nulla facilisi cras non velit nec nisi vulputate nonummy maecenas tincidunt lacus at velit vivamus vel nulla eget eros elementum',57,395);
INSERT INTO ListingReviews(reviewId,likes,dislikes,timePosted,reviewComment,buyerId,listingId) VALUES (24,1,4,'2022-11-27 16:50:45','est quam pharetra magna ac',3,272);
INSERT INTO ListingReviews(reviewId,likes,dislikes,timePosted,reviewComment,buyerId,listingId) VALUES (25,9,1,'2023-03-22 02:38:37','dolor sit amet consectetuer adipiscing elit',26,330);
INSERT INTO ListingReviews(reviewId,likes,dislikes,timePosted,reviewComment,buyerId,listingId) VALUES (26,8,1,'2022-12-15 06:51:42','ut volutpat sapien arcu sed augue aliquam erat volutpat in congue etiam justo etiam pretium iaculis justo in hac habitasse platea dictumst etiam faucibus cursus urna ut tellus nulla ut erat id mauris vulputate elementum nullam varius nulla facilisi cras non velit nec nisi vulputate nonummy maecenas tincidunt lacus at velit vivamus vel nulla eget eros elementum pellentesque quisque porta volutpat erat quisque erat eros viverra eget congue eget semper rutrum nulla nunc purus phasellus in felis donec semper sapien a libero nam dui proin leo odio porttitor',38,312);
INSERT INTO ListingReviews(reviewId,likes,dislikes,timePosted,reviewComment,buyerId,listingId) VALUES (27,0,2,'2022-07-15 22:00:09','ligula vehicula consequat morbi a ipsum integer a nibh in quis justo maecenas rhoncus aliquam lacus morbi quis tortor id nulla ultrices aliquet maecenas leo odio condimentum id luctus nec molestie sed justo pellentesque viverra pede ac diam cras pellentesque volutpat dui maecenas tristique est et tempus semper est quam pharetra magna ac consequat metus sapien ut nunc vestibulum ante ipsum primis in faucibus orci luctus et ultrices posuere cubilia',9,208);
INSERT INTO ListingReviews(reviewId,likes,dislikes,timePosted,reviewComment,buyerId,listingId) VALUES (28,9,6,'2023-01-23 18:49:58','eu sapien cursus vestibulum proin eu mi nulla ac enim in tempor turpis nec euismod scelerisque quam turpis adipiscing lorem vitae mattis nibh ligula nec sem duis aliquam convallis nunc proin at turpis a pede posuere nonummy integer non velit donec diam neque vestibulum eget vulputate ut ultrices vel augue vestibulum ante ipsum primis in faucibus orci luctus et ultrices posuere cubilia curae donec pharetra magna vestibulum aliquet ultrices erat tortor sollicitudin mi sit amet lobortis sapien sapien non mi integer ac neque duis bibendum morbi non quam nec dui luctus rutrum nulla tellus in sagittis',3,399);
INSERT INTO ListingReviews(reviewId,likes,dislikes,timePosted,reviewComment,buyerId,listingId) VALUES (29,0,3,'2022-12-10 13:08:48','ut blandit non interdum in ante vestibulum ante ipsum primis in faucibus orci luctus et ultrices posuere cubilia curae duis faucibus accumsan odio curabitur convallis duis consequat dui nec nisi volutpat eleifend donec ut dolor morbi vel lectus in quam fringilla rhoncus mauris enim leo rhoncus sed vestibulum sit amet cursus id turpis integer aliquet massa id lobortis convallis tortor risus dapibus augue vel accumsan tellus nisi eu orci mauris lacinia sapien quis libero nullam sit amet turpis elementum ligula vehicula consequat morbi a ipsum integer a nibh in quis justo maecenas',74,168);
INSERT INTO ListingReviews(reviewId,likes,dislikes,timePosted,reviewComment,buyerId,listingId) VALUES (30,8,6,'2022-05-17 15:55:05','consequat ut nulla sed accumsan felis ut at dolor quis odio consequat varius integer ac leo pellentesque ultrices mattis odio donec vitae nisi nam ultrices libero non mattis pulvinar nulla pede ullamcorper augue a suscipit nulla elit ac nulla sed vel enim sit',100,290);
INSERT INTO ListingReviews(reviewId,likes,dislikes,timePosted,reviewComment,buyerId,listingId) VALUES (31,7,6,'2022-12-22 16:53:52','massa donec dapibus duis at velit eu est congue elementum in hac habitasse platea dictumst morbi vestibulum velit id',95,237);
INSERT INTO ListingReviews(reviewId,likes,dislikes,timePosted,reviewComment,buyerId,listingId) VALUES (32,4,1,'2022-10-11 18:50:25','sit amet cursus id turpis integer aliquet massa id lobortis convallis tortor risus dapibus augue vel accumsan tellus nisi eu orci mauris lacinia sapien quis libero nullam sit amet turpis elementum ligula vehicula consequat morbi a ipsum integer',32,366);
INSERT INTO ListingReviews(reviewId,likes,dislikes,timePosted,reviewComment,buyerId,listingId) VALUES (33,5,8,'2022-10-24 20:07:01','at dolor quis odio consequat varius integer ac leo pellentesque ultrices mattis odio donec vitae nisi nam ultrices libero non mattis pulvinar nulla pede ullamcorper augue a suscipit nulla elit ac nulla sed vel enim sit amet nunc viverra dapibus nulla suscipit ligula in lacus curabitur at ipsum ac tellus semper interdum mauris ullamcorper purus sit amet nulla quisque arcu libero rutrum ac lobortis vel dapibus at diam nam tristique tortor',92,392);
INSERT INTO ListingReviews(reviewId,likes,dislikes,timePosted,reviewComment,buyerId,listingId) VALUES (34,0,1,'2022-10-24 09:05:56','semper rutrum nulla nunc purus phasellus in felis donec semper sapien a libero nam dui proin leo odio porttitor id consequat in consequat ut nulla sed accumsan felis ut at dolor quis odio consequat varius integer ac leo pellentesque ultrices mattis odio donec vitae nisi nam ultrices libero non mattis pulvinar nulla pede ullamcorper augue a suscipit nulla elit ac nulla sed vel enim',2,68);
INSERT INTO ListingReviews(reviewId,likes,dislikes,timePosted,reviewComment,buyerId,listingId) VALUES (35,2,7,'2022-08-23 08:05:00','rutrum nulla tellus in sagittis dui vel nisl duis ac nibh fusce lacus purus aliquet at feugiat non pretium quis lectus suspendisse potenti in eleifend quam a odio in hac habitasse platea dictumst maecenas ut massa quis augue luctus tincidunt nulla mollis molestie lorem quisque ut erat curabitur gravida nisi at nibh in hac habitasse platea dictumst aliquam augue quam sollicitudin vitae consectetuer eget rutrum at lorem integer tincidunt ante vel ipsum praesent blandit lacinia erat vestibulum sed magna at nunc commodo placerat praesent blandit nam nulla integer pede justo lacinia eget tincidunt eget tempus',18,124);
INSERT INTO ListingReviews(reviewId,likes,dislikes,timePosted,reviewComment,buyerId,listingId) VALUES (36,9,8,'2022-06-26 15:59:08','in faucibus orci luctus et ultrices posuere cubilia curae nulla dapibus dolor vel est donec odio justo sollicitudin ut suscipit a feugiat et eros vestibulum ac est lacinia nisi venenatis tristique fusce congue diam id ornare imperdiet sapien urna pretium nisl',92,225);
INSERT INTO ListingReviews(reviewId,likes,dislikes,timePosted,reviewComment,buyerId,listingId) VALUES (37,8,10,'2023-03-26 04:33:07','suspendisse ornare consequat lectus in est risus auctor sed tristique in tempus sit amet sem fusce consequat nulla nisl nunc nisl duis bibendum felis sed interdum venenatis turpis enim blandit mi in',20,7);
INSERT INTO ListingReviews(reviewId,likes,dislikes,timePosted,reviewComment,buyerId,listingId) VALUES (38,7,1,'2022-11-05 05:16:07','eu tincidunt in leo maecenas pulvinar lobortis est phasellus sit amet erat nulla tempus vivamus in felis',57,105);
INSERT INTO ListingReviews(reviewId,likes,dislikes,timePosted,reviewComment,buyerId,listingId) VALUES (39,0,1,'2022-09-02 01:00:46','suspendisse potenti cras in purus eu magna vulputate luctus cum sociis natoque penatibus et magnis dis parturient montes nascetur ridiculus mus vivamus vestibulum sagittis sapien cum sociis natoque penatibus et magnis dis parturient montes nascetur ridiculus mus etiam vel augue vestibulum rutrum rutrum neque aenean auctor gravida sem praesent id massa id nisl venenatis lacinia aenean sit amet justo morbi ut odio cras mi',27,132);
INSERT INTO ListingReviews(reviewId,likes,dislikes,timePosted,reviewComment,buyerId,listingId) VALUES (40,0,2,'2023-04-10 11:57:39','eget massa tempor convallis nulla neque libero convallis eget eleifend luctus ultricies eu nibh quisque id justo sit amet sapien dignissim vestibulum vestibulum ante ipsum primis in faucibus orci luctus et ultrices',28,366);
INSERT INTO ListingReviews(reviewId,likes,dislikes,timePosted,reviewComment,buyerId,listingId) VALUES (41,0,9,'2022-10-16 14:27:29','eleifend donec ut dolor morbi vel lectus in quam fringilla rhoncus mauris enim leo rhoncus sed vestibulum sit amet cursus id turpis integer aliquet massa id lobortis convallis tortor risus dapibus augue vel accumsan tellus nisi eu orci mauris lacinia sapien',11,110);
INSERT INTO ListingReviews(reviewId,likes,dislikes,timePosted,reviewComment,buyerId,listingId) VALUES (42,6,1,'2022-05-19 01:22:02','odio porttitor id consequat in consequat ut nulla sed accumsan felis ut at dolor quis odio consequat varius integer ac leo pellentesque ultrices mattis odio donec vitae nisi nam ultrices libero non mattis pulvinar nulla pede ullamcorper augue a suscipit nulla elit',93,269);
INSERT INTO ListingReviews(reviewId,likes,dislikes,timePosted,reviewComment,buyerId,listingId) VALUES (43,8,9,'2022-06-30 17:26:41','habitasse platea dictumst morbi vestibulum velit id pretium iaculis diam erat fermentum justo nec condimentum neque sapien placerat ante nulla justo aliquam quis turpis eget elit sodales scelerisque mauris sit amet eros suspendisse accumsan tortor quis turpis sed ante vivamus tortor duis mattis egestas metus aenean fermentum donec ut mauris eget massa tempor convallis nulla neque libero convallis eget eleifend luctus ultricies eu nibh quisque id justo sit amet sapien dignissim vestibulum vestibulum ante ipsum primis in faucibus orci luctus et',55,176);
INSERT INTO ListingReviews(reviewId,likes,dislikes,timePosted,reviewComment,buyerId,listingId) VALUES (44,8,7,'2022-07-22 05:37:12','porttitor lacus at turpis donec posuere metus vitae ipsum aliquam non mauris morbi non lectus aliquam sit amet diam in magna bibendum imperdiet nullam orci pede venenatis non sodales sed tincidunt eu felis fusce posuere felis sed lacus morbi sem mauris laoreet ut rhoncus aliquet pulvinar sed nisl nunc rhoncus dui vel sem sed sagittis nam congue risus semper porta volutpat quam pede lobortis ligula sit amet eleifend pede libero quis orci nullam molestie nibh in lectus pellentesque at nulla suspendisse potenti cras in purus eu magna vulputate luctus cum sociis natoque penatibus et magnis dis parturient montes nascetur',7,247);
INSERT INTO ListingReviews(reviewId,likes,dislikes,timePosted,reviewComment,buyerId,listingId) VALUES (45,4,4,'2023-03-05 02:55:19','id luctus nec molestie sed justo pellentesque viverra pede ac diam cras pellentesque volutpat dui maecenas tristique est et tempus semper est quam pharetra magna ac consequat metus sapien ut nunc vestibulum ante ipsum primis in faucibus orci luctus et ultrices posuere cubilia curae mauris viverra diam vitae quam suspendisse potenti nullam',71,74);
INSERT INTO ListingReviews(reviewId,likes,dislikes,timePosted,reviewComment,buyerId,listingId) VALUES (46,7,6,'2023-03-22 15:06:00','lectus suspendisse potenti in eleifend quam a odio in hac habitasse platea dictumst maecenas ut massa quis augue luctus tincidunt nulla mollis molestie lorem quisque ut erat curabitur gravida nisi at nibh in hac habitasse platea dictumst aliquam augue quam sollicitudin vitae consectetuer eget rutrum at lorem integer tincidunt ante vel ipsum praesent blandit lacinia erat vestibulum sed magna at nunc commodo placerat praesent blandit nam nulla integer pede justo lacinia eget tincidunt eget tempus vel pede morbi porttitor lorem id ligula suspendisse ornare consequat lectus in est risus auctor sed',34,248);
INSERT INTO ListingReviews(reviewId,likes,dislikes,timePosted,reviewComment,buyerId,listingId) VALUES (47,8,7,'2023-03-22 06:06:18','in congue etiam justo etiam pretium iaculis justo in hac habitasse platea dictumst etiam faucibus cursus urna ut tellus nulla ut erat id mauris vulputate elementum nullam varius nulla facilisi cras non velit nec nisi vulputate nonummy maecenas tincidunt lacus at velit vivamus vel nulla eget eros elementum pellentesque quisque porta volutpat erat quisque erat eros viverra eget congue eget semper rutrum nulla nunc purus phasellus in felis donec semper sapien a libero nam dui proin leo odio porttitor id consequat in consequat ut nulla sed accumsan',47,271);
INSERT INTO ListingReviews(reviewId,likes,dislikes,timePosted,reviewComment,buyerId,listingId) VALUES (48,0,7,'2022-07-07 11:38:49','sapien placerat ante nulla justo aliquam quis turpis eget',73,2);
INSERT INTO ListingReviews(reviewId,likes,dislikes,timePosted,reviewComment,buyerId,listingId) VALUES (49,8,8,'2022-12-15 01:35:45','in tempus sit amet sem fusce',21,130);
INSERT INTO ListingReviews(reviewId,likes,dislikes,timePosted,reviewComment,buyerId,listingId) VALUES (50,2,5,'2023-02-21 17:15:06','odio justo sollicitudin ut suscipit a feugiat et eros vestibulum ac est lacinia nisi venenatis tristique fusce congue diam id ornare imperdiet sapien urna pretium nisl ut volutpat sapien arcu sed augue aliquam erat volutpat in congue etiam justo etiam pretium iaculis justo in hac habitasse platea dictumst etiam faucibus cursus',30,135);

-- Listing Review Responses --

INSERT INTO ListingReviewResponses(responseId,responseComment,timePosted,reviewID) VALUES (1,'quisque porta volutpat erat quisque erat eros viverra eget congue eget semper rutrum nulla nunc purus phasellus in felis donec semper sapien a libero nam dui proin leo odio porttitor id consequat in consequat ut nulla sed accumsan felis ut at dolor quis odio consequat varius integer ac leo pellentesque ultrices mattis odio donec vitae','2022-12-30 19:48:30',9);
INSERT INTO ListingReviewResponses(responseId,responseComment,timePosted,reviewID) VALUES (2,'non mattis pulvinar nulla pede ullamcorper augue a suscipit nulla elit ac nulla sed vel enim sit amet nunc viverra dapibus nulla suscipit ligula in lacus curabitur at ipsum ac','2022-08-14 07:24:07',19);
INSERT INTO ListingReviewResponses(responseId,responseComment,timePosted,reviewID) VALUES (3,'nulla sed accumsan felis ut at dolor quis odio consequat varius integer ac leo pellentesque ultrices mattis odio donec vitae nisi nam ultrices libero non mattis pulvinar nulla pede ullamcorper augue a suscipit nulla elit ac nulla sed vel enim sit amet nunc viverra dapibus nulla suscipit ligula in lacus curabitur at ipsum ac tellus semper interdum mauris ullamcorper purus sit amet nulla quisque arcu libero rutrum ac lobortis vel','2022-11-20 20:43:03',3);
INSERT INTO ListingReviewResponses(responseId,responseComment,timePosted,reviewID) VALUES (4,'velit id pretium iaculis diam erat fermentum justo nec condimentum neque sapien','2022-11-24 17:33:06',22);
INSERT INTO ListingReviewResponses(responseId,responseComment,timePosted,reviewID) VALUES (5,'turpis sed ante vivamus tortor duis mattis egestas metus aenean fermentum donec ut mauris eget massa tempor convallis nulla neque libero convallis eget eleifend luctus ultricies eu nibh quisque id justo sit amet sapien dignissim vestibulum vestibulum ante ipsum primis in faucibus orci luctus et ultrices posuere cubilia curae nulla dapibus dolor vel est donec odio justo sollicitudin ut suscipit','2022-10-03 20:02:53',20);
INSERT INTO ListingReviewResponses(responseId,responseComment,timePosted,reviewID) VALUES (6,'interdum in ante vestibulum ante ipsum primis in faucibus orci luctus et ultrices posuere cubilia curae duis faucibus accumsan odio curabitur convallis duis consequat dui nec nisi volutpat eleifend donec ut dolor morbi vel lectus in quam fringilla','2022-10-22 08:41:59',13);
INSERT INTO ListingReviewResponses(responseId,responseComment,timePosted,reviewID) VALUES (7,'aliquet pulvinar sed nisl nunc rhoncus dui vel sem sed sagittis nam congue risus semper porta volutpat quam pede lobortis ligula sit amet eleifend pede libero quis orci nullam molestie nibh in lectus pellentesque at nulla suspendisse potenti cras in purus eu magna vulputate luctus cum sociis natoque penatibus et magnis dis parturient montes nascetur ridiculus mus vivamus vestibulum sagittis sapien cum sociis natoque penatibus et','2022-05-29 05:15:23',21);
INSERT INTO ListingReviewResponses(responseId,responseComment,timePosted,reviewID) VALUES (8,'hendrerit at vulputate vitae nisl aenean lectus pellentesque eget nunc donec quis orci eget orci vehicula condimentum curabitur in libero ut massa volutpat convallis morbi odio odio elementum eu interdum eu tincidunt in leo maecenas pulvinar lobortis est phasellus sit amet erat nulla tempus vivamus in felis eu sapien cursus','2023-01-15 10:48:52',39);
INSERT INTO ListingReviewResponses(responseId,responseComment,timePosted,reviewID) VALUES (9,'velit nec nisi vulputate nonummy maecenas tincidunt lacus at velit vivamus vel nulla eget eros elementum pellentesque quisque porta volutpat erat quisque erat eros viverra eget congue eget semper rutrum nulla nunc purus phasellus in felis donec semper sapien a libero nam dui proin leo odio porttitor id consequat in consequat ut nulla sed accumsan','2022-07-05 21:30:08',22);
INSERT INTO ListingReviewResponses(responseId,responseComment,timePosted,reviewID) VALUES (10,'at nunc commodo placerat praesent blandit nam nulla integer pede justo lacinia eget tincidunt eget tempus vel pede morbi porttitor lorem id ligula suspendisse ornare consequat lectus in est risus auctor sed tristique in tempus sit amet sem fusce consequat nulla nisl nunc nisl duis bibendum felis sed interdum venenatis turpis enim blandit mi in porttitor pede justo','2023-01-06 15:27:26',44);
INSERT INTO ListingReviewResponses(responseId,responseComment,timePosted,reviewID) VALUES (11,'posuere cubilia curae mauris viverra diam vitae quam suspendisse potenti nullam porttitor lacus at turpis donec posuere metus vitae ipsum aliquam non mauris morbi non lectus aliquam sit amet diam in magna bibendum imperdiet nullam orci pede venenatis non sodales sed tincidunt eu felis fusce posuere felis sed lacus morbi sem mauris laoreet ut rhoncus aliquet pulvinar sed nisl nunc rhoncus dui vel sem sed sagittis nam congue risus semper porta volutpat quam pede lobortis ligula sit amet eleifend pede libero quis orci nullam molestie nibh in lectus pellentesque at nulla suspendisse potenti cras in purus eu','2023-02-08 07:48:13',41);
INSERT INTO ListingReviewResponses(responseId,responseComment,timePosted,reviewID) VALUES (12,'quis libero nullam sit amet turpis elementum ligula vehicula consequat morbi a ipsum integer a nibh in quis justo maecenas rhoncus aliquam lacus morbi quis tortor id nulla ultrices aliquet maecenas leo odio condimentum id luctus nec molestie sed justo pellentesque viverra pede ac diam cras pellentesque volutpat dui maecenas tristique est et tempus semper est','2022-10-01 01:57:08',14);
INSERT INTO ListingReviewResponses(responseId,responseComment,timePosted,reviewID) VALUES (13,'sed tincidunt eu felis fusce posuere felis sed lacus morbi sem mauris laoreet ut rhoncus aliquet pulvinar sed nisl nunc rhoncus dui vel sem sed sagittis nam congue risus semper porta volutpat quam pede lobortis ligula sit amet eleifend pede libero quis orci nullam molestie nibh in lectus pellentesque at nulla suspendisse potenti cras in purus eu magna vulputate luctus cum sociis natoque penatibus et magnis dis parturient montes nascetur ridiculus mus vivamus vestibulum sagittis sapien cum sociis natoque penatibus et magnis dis parturient montes nascetur ridiculus mus etiam vel augue vestibulum rutrum rutrum neque aenean auctor','2022-07-18 19:02:19',36);
INSERT INTO ListingReviewResponses(responseId,responseComment,timePosted,reviewID) VALUES (14,'leo maecenas pulvinar lobortis est phasellus sit amet erat nulla tempus vivamus in felis eu sapien cursus vestibulum proin eu mi nulla ac enim in tempor turpis nec euismod scelerisque quam turpis adipiscing lorem vitae mattis nibh ligula nec sem duis aliquam convallis nunc proin at turpis a pede posuere nonummy integer non velit donec diam neque vestibulum eget vulputate ut ultrices vel augue vestibulum ante ipsum primis in faucibus orci luctus et ultrices posuere cubilia curae donec pharetra magna vestibulum aliquet ultrices erat tortor sollicitudin mi sit amet lobortis sapien sapien non mi integer ac','2022-12-24 04:55:58',44);
INSERT INTO ListingReviewResponses(responseId,responseComment,timePosted,reviewID) VALUES (15,'blandit mi in porttitor pede justo eu massa donec dapibus duis at','2022-10-12 14:51:21',41);
INSERT INTO ListingReviewResponses(responseId,responseComment,timePosted,reviewID) VALUES (16,'etiam pretium iaculis justo in hac habitasse platea dictumst etiam faucibus cursus urna ut tellus nulla ut erat id mauris vulputate elementum nullam varius nulla facilisi cras non velit nec nisi vulputate nonummy maecenas tincidunt lacus at velit vivamus vel nulla eget eros elementum pellentesque quisque porta volutpat erat quisque erat eros viverra eget congue eget semper rutrum nulla nunc purus phasellus in felis donec semper sapien a libero nam dui proin leo odio porttitor id consequat in consequat ut nulla sed accumsan felis ut at dolor quis odio consequat varius integer ac leo','2022-10-26 17:11:20',29);
INSERT INTO ListingReviewResponses(responseId,responseComment,timePosted,reviewID) VALUES (17,'eget semper rutrum nulla nunc purus phasellus in felis donec semper sapien a libero nam dui proin leo odio porttitor id consequat in consequat ut nulla sed accumsan felis ut at dolor quis odio consequat varius integer ac leo pellentesque ultrices mattis odio donec','2023-01-19 20:36:38',39);
INSERT INTO ListingReviewResponses(responseId,responseComment,timePosted,reviewID) VALUES (18,'etiam pretium iaculis justo in hac habitasse platea dictumst etiam faucibus cursus urna ut tellus nulla ut erat id mauris vulputate elementum nullam varius nulla facilisi cras non velit nec nisi vulputate nonummy maecenas tincidunt lacus at','2022-06-15 22:09:32',18);
INSERT INTO ListingReviewResponses(responseId,responseComment,timePosted,reviewID) VALUES (19,'lacus curabitur at ipsum ac tellus semper interdum mauris ullamcorper purus sit amet nulla quisque arcu libero rutrum ac lobortis vel dapibus at diam nam tristique tortor eu pede','2022-04-30 16:03:59',7);
INSERT INTO ListingReviewResponses(responseId,responseComment,timePosted,reviewID) VALUES (20,'primis in faucibus orci luctus et ultrices posuere cubilia curae donec pharetra magna vestibulum aliquet ultrices erat tortor sollicitudin mi sit amet lobortis sapien sapien non','2023-02-10 06:11:58',45);
INSERT INTO ListingReviewResponses(responseId,responseComment,timePosted,reviewID) VALUES (21,'nibh in lectus pellentesque at nulla suspendisse potenti cras in purus eu magna vulputate luctus cum sociis natoque penatibus et magnis dis parturient montes nascetur ridiculus mus vivamus vestibulum sagittis sapien cum sociis natoque penatibus et','2022-08-23 23:06:06',38);
INSERT INTO ListingReviewResponses(responseId,responseComment,timePosted,reviewID) VALUES (22,'tristique est et tempus semper est quam pharetra magna ac consequat metus','2022-08-15 23:00:21',25);
INSERT INTO ListingReviewResponses(responseId,responseComment,timePosted,reviewID) VALUES (23,'ornare consequat lectus in est risus auctor sed tristique in tempus sit amet sem fusce consequat nulla nisl nunc nisl duis bibendum felis sed interdum venenatis turpis enim blandit mi in porttitor pede justo eu massa donec dapibus duis at velit eu est congue elementum in hac habitasse','2023-03-26 05:47:19',24);
INSERT INTO ListingReviewResponses(responseId,responseComment,timePosted,reviewID) VALUES (24,'orci mauris lacinia sapien quis libero nullam sit amet turpis elementum ligula vehicula consequat morbi a ipsum integer a nibh in quis justo maecenas rhoncus aliquam lacus morbi quis tortor id nulla ultrices aliquet maecenas leo odio condimentum id luctus nec molestie sed justo pellentesque viverra pede ac diam cras pellentesque volutpat dui maecenas tristique est et tempus semper est quam pharetra magna ac','2022-08-31 02:12:01',49);
INSERT INTO ListingReviewResponses(responseId,responseComment,timePosted,reviewID) VALUES (25,'congue etiam justo etiam pretium iaculis justo in hac habitasse platea dictumst etiam faucibus cursus urna ut tellus nulla ut erat id mauris vulputate elementum nullam varius nulla facilisi cras non velit nec nisi vulputate nonummy maecenas tincidunt lacus at velit vivamus vel','2022-06-17 22:25:25',12);

-- AuthenticatorListingNotes --

INSERT INTO AuthenticatorListingNotes(noteId,noteComment,timePosted,listingId,authenticatorId) VALUES (1,'vivamus vestibulum sagittis sapien cum sociis natoque penatibus et magnis dis parturient montes nascetur ridiculus mus etiam vel augue vestibulum rutrum rutrum neque aenean auctor gravida sem praesent id massa id nisl venenatis lacinia aenean sit amet justo morbi ut odio cras mi pede malesuada in imperdiet et commodo vulputate justo in blandit ultrices enim lorem ipsum dolor sit amet consectetuer adipiscing elit proin interdum mauris non ligula pellentesque ultrices phasellus id sapien in sapien iaculis congue vivamus metus arcu adipiscing molestie hendrerit at','2022-07-04 13:35:36',191,18);
INSERT INTO AuthenticatorListingNotes(noteId,noteComment,timePosted,listingId,authenticatorId) VALUES (2,'venenatis tristique fusce congue diam id ornare imperdiet sapien urna pretium nisl ut volutpat sapien arcu sed augue aliquam erat volutpat in congue etiam justo etiam pretium iaculis justo in hac habitasse platea dictumst etiam faucibus cursus urna ut','2022-11-12 18:39:14',328,13);
INSERT INTO AuthenticatorListingNotes(noteId,noteComment,timePosted,listingId,authenticatorId) VALUES (3,'turpis elementum ligula vehicula consequat morbi a ipsum integer a nibh in quis justo maecenas rhoncus aliquam lacus morbi quis tortor id nulla ultrices aliquet maecenas leo odio condimentum id luctus nec molestie sed justo pellentesque viverra pede ac diam cras pellentesque volutpat dui maecenas tristique est et tempus semper est quam pharetra magna ac consequat metus sapien ut nunc vestibulum ante ipsum primis in faucibus orci luctus et ultrices posuere','2023-01-14 23:20:24',386,2);
INSERT INTO AuthenticatorListingNotes(noteId,noteComment,timePosted,listingId,authenticatorId) VALUES (4,'duis ac nibh fusce lacus purus aliquet at feugiat non pretium quis lectus suspendisse potenti in eleifend','2022-05-26 09:10:50',55,20);
INSERT INTO AuthenticatorListingNotes(noteId,noteComment,timePosted,listingId,authenticatorId) VALUES (5,'sollicitudin vitae consectetuer eget rutrum at lorem integer tincidunt ante vel ipsum praesent blandit lacinia erat vestibulum sed magna at nunc commodo placerat praesent blandit nam nulla integer pede justo lacinia eget tincidunt eget tempus vel pede morbi porttitor lorem id ligula suspendisse ornare consequat lectus in est risus auctor sed tristique in tempus sit amet sem fusce consequat nulla nisl nunc nisl duis bibendum felis sed interdum venenatis turpis enim blandit mi in porttitor pede justo eu massa donec dapibus duis','2023-01-29 04:37:21',177,11);
INSERT INTO AuthenticatorListingNotes(noteId,noteComment,timePosted,listingId,authenticatorId) VALUES (6,'augue vel accumsan tellus nisi eu orci mauris lacinia sapien quis libero nullam sit amet turpis elementum ligula vehicula consequat morbi a ipsum integer','2022-12-01 15:13:14',5,1);
INSERT INTO AuthenticatorListingNotes(noteId,noteComment,timePosted,listingId,authenticatorId) VALUES (7,'in faucibus orci luctus et ultrices posuere cubilia curae duis faucibus accumsan odio curabitur convallis duis consequat dui nec nisi volutpat eleifend donec ut dolor morbi vel lectus in quam fringilla rhoncus mauris enim leo rhoncus sed vestibulum sit amet cursus id turpis integer aliquet massa id lobortis convallis tortor risus dapibus augue vel accumsan tellus nisi eu orci','2023-04-14 20:12:29',290,7);
INSERT INTO AuthenticatorListingNotes(noteId,noteComment,timePosted,listingId,authenticatorId) VALUES (8,'augue quam sollicitudin vitae consectetuer eget rutrum at lorem integer tincidunt ante vel ipsum praesent blandit lacinia erat vestibulum sed magna at nunc commodo placerat praesent blandit nam nulla integer pede justo lacinia eget tincidunt eget tempus vel pede morbi porttitor lorem id ligula suspendisse ornare consequat lectus in est risus','2022-10-07 23:59:39',211,5);
INSERT INTO AuthenticatorListingNotes(noteId,noteComment,timePosted,listingId,authenticatorId) VALUES (9,'tempus vel pede morbi porttitor lorem id ligula suspendisse ornare consequat lectus in est risus auctor sed tristique in','2022-10-10 17:05:31',312,3);
INSERT INTO AuthenticatorListingNotes(noteId,noteComment,timePosted,listingId,authenticatorId) VALUES (10,'eleifend quam a odio in hac habitasse platea dictumst maecenas ut massa quis augue luctus tincidunt nulla mollis molestie lorem quisque ut erat curabitur gravida nisi at nibh in hac habitasse platea dictumst aliquam augue quam sollicitudin vitae consectetuer eget rutrum at lorem integer tincidunt','2023-02-09 12:47:34',308,17);
INSERT INTO AuthenticatorListingNotes(noteId,noteComment,timePosted,listingId,authenticatorId) VALUES (11,'dui nec nisi volutpat eleifend donec ut dolor morbi vel lectus in quam fringilla rhoncus mauris enim leo rhoncus sed vestibulum sit amet cursus id turpis integer aliquet massa id lobortis convallis tortor risus dapibus augue vel accumsan tellus nisi eu orci mauris lacinia sapien quis libero nullam sit amet turpis elementum ligula vehicula consequat morbi a ipsum','2023-04-05 23:06:23',221,18);
INSERT INTO AuthenticatorListingNotes(noteId,noteComment,timePosted,listingId,authenticatorId) VALUES (12,'orci nullam molestie nibh in lectus pellentesque at nulla suspendisse potenti cras in purus eu magna vulputate luctus cum sociis natoque penatibus et magnis dis parturient montes nascetur ridiculus mus vivamus vestibulum sagittis sapien cum sociis natoque penatibus et magnis dis parturient montes nascetur ridiculus mus etiam vel augue vestibulum rutrum rutrum neque aenean auctor gravida sem praesent id massa id nisl venenatis lacinia aenean sit amet justo morbi ut odio cras mi pede malesuada in imperdiet et commodo vulputate justo in blandit ultrices enim lorem ipsum dolor sit amet consectetuer adipiscing elit proin interdum','2022-05-31 19:04:43',375,14);
INSERT INTO AuthenticatorListingNotes(noteId,noteComment,timePosted,listingId,authenticatorId) VALUES (13,'vestibulum velit id pretium iaculis diam erat fermentum justo nec condimentum neque sapien placerat ante nulla justo aliquam quis turpis eget elit sodales scelerisque mauris sit amet eros suspendisse accumsan tortor quis turpis sed ante vivamus tortor duis mattis egestas metus aenean fermentum donec ut mauris eget massa tempor convallis nulla neque libero convallis eget eleifend luctus ultricies eu nibh quisque id justo sit amet sapien dignissim vestibulum vestibulum ante ipsum primis in faucibus','2023-01-24 23:23:15',163,6);
INSERT INTO AuthenticatorListingNotes(noteId,noteComment,timePosted,listingId,authenticatorId) VALUES (14,'et eros vestibulum ac est lacinia nisi venenatis tristique fusce congue diam id ornare imperdiet sapien urna pretium nisl ut volutpat sapien arcu sed augue aliquam erat volutpat in congue etiam justo etiam pretium iaculis justo in hac habitasse platea dictumst etiam faucibus cursus urna ut tellus nulla ut erat id mauris vulputate elementum nullam varius nulla facilisi cras non velit nec nisi vulputate nonummy','2022-12-30 20:58:59',116,13);
INSERT INTO AuthenticatorListingNotes(noteId,noteComment,timePosted,listingId,authenticatorId) VALUES (15,'non quam nec dui luctus rutrum nulla tellus in sagittis dui vel nisl duis ac nibh fusce lacus purus aliquet at feugiat non pretium quis lectus suspendisse potenti in eleifend quam a odio in hac habitasse platea dictumst maecenas ut massa quis augue luctus tincidunt nulla mollis molestie lorem quisque ut erat curabitur gravida nisi at nibh in','2023-02-23 09:30:19',71,20);
INSERT INTO AuthenticatorListingNotes(noteId,noteComment,timePosted,listingId,authenticatorId) VALUES (16,'sodales sed tincidunt eu felis fusce posuere felis sed lacus morbi sem mauris laoreet ut rhoncus aliquet pulvinar sed nisl nunc rhoncus dui vel sem sed sagittis nam congue risus semper porta volutpat quam pede lobortis ligula sit amet eleifend pede libero quis orci nullam molestie nibh in lectus pellentesque at nulla suspendisse potenti cras in purus eu magna vulputate luctus cum sociis natoque penatibus et magnis dis parturient montes nascetur ridiculus mus vivamus vestibulum sagittis sapien cum sociis natoque penatibus et magnis','2022-07-13 15:08:44',355,5);
INSERT INTO AuthenticatorListingNotes(noteId,noteComment,timePosted,listingId,authenticatorId) VALUES (17,'molestie sed justo pellentesque viverra pede ac diam cras pellentesque volutpat dui maecenas tristique est et tempus semper est quam pharetra magna ac consequat metus sapien ut nunc vestibulum ante ipsum primis in faucibus orci luctus et ultrices posuere cubilia curae mauris viverra diam vitae quam suspendisse potenti nullam porttitor lacus at turpis donec posuere metus vitae ipsum aliquam non mauris morbi non lectus aliquam sit amet diam in magna bibendum imperdiet nullam orci pede venenatis non sodales sed tincidunt eu felis fusce posuere felis sed lacus morbi sem mauris laoreet ut rhoncus aliquet pulvinar sed nisl','2023-02-11 23:28:04',369,2);
INSERT INTO AuthenticatorListingNotes(noteId,noteComment,timePosted,listingId,authenticatorId) VALUES (18,'etiam faucibus cursus urna ut tellus nulla ut erat id mauris vulputate elementum nullam varius nulla facilisi cras non velit nec nisi vulputate nonummy maecenas tincidunt lacus at velit vivamus vel nulla eget eros elementum pellentesque quisque porta volutpat erat quisque erat eros viverra eget congue eget semper rutrum nulla nunc purus phasellus in felis donec semper sapien a libero nam dui proin leo odio porttitor id','2022-06-11 21:57:03',351,19);
INSERT INTO AuthenticatorListingNotes(noteId,noteComment,timePosted,listingId,authenticatorId) VALUES (19,'semper sapien a libero nam dui proin leo odio porttitor id consequat','2022-08-15 13:50:06',329,4);
INSERT INTO AuthenticatorListingNotes(noteId,noteComment,timePosted,listingId,authenticatorId) VALUES (20,'a ipsum integer a nibh in quis justo maecenas rhoncus aliquam lacus','2023-02-06 23:16:46',35,11);
INSERT INTO AuthenticatorListingNotes(noteId,noteComment,timePosted,listingId,authenticatorId) VALUES (21,'quam sapien varius ut blandit non interdum in ante vestibulum ante ipsum primis in faucibus orci luctus et ultrices posuere cubilia curae duis faucibus accumsan odio curabitur convallis duis consequat dui nec nisi volutpat eleifend donec ut dolor morbi vel lectus in quam fringilla rhoncus mauris enim leo rhoncus sed vestibulum sit amet cursus id turpis integer','2022-12-02 14:00:52',280,19);
INSERT INTO AuthenticatorListingNotes(noteId,noteComment,timePosted,listingId,authenticatorId) VALUES (22,'proin leo odio porttitor id consequat in consequat ut nulla sed accumsan felis ut at dolor quis odio consequat varius integer ac leo pellentesque ultrices mattis odio donec vitae nisi nam ultrices libero non mattis pulvinar nulla pede ullamcorper augue a suscipit nulla elit ac nulla sed vel enim sit amet nunc','2022-06-03 23:45:07',365,16);
INSERT INTO AuthenticatorListingNotes(noteId,noteComment,timePosted,listingId,authenticatorId) VALUES (23,'viverra pede ac diam cras pellentesque volutpat dui maecenas tristique est et tempus semper est quam pharetra magna ac consequat metus sapien ut nunc vestibulum ante ipsum primis in faucibus orci luctus et ultrices posuere cubilia curae mauris viverra diam vitae quam suspendisse potenti nullam porttitor lacus at turpis donec posuere metus','2023-01-31 16:27:44',169,7);
INSERT INTO AuthenticatorListingNotes(noteId,noteComment,timePosted,listingId,authenticatorId) VALUES (24,'tellus nisi eu orci mauris lacinia sapien quis libero nullam sit amet turpis elementum ligula vehicula consequat morbi a ipsum integer a nibh in quis justo maecenas rhoncus aliquam lacus morbi quis tortor id nulla ultrices aliquet maecenas leo odio condimentum id luctus nec molestie sed justo pellentesque viverra pede ac diam cras pellentesque volutpat dui maecenas tristique est et tempus semper est quam pharetra magna ac consequat metus sapien ut nunc vestibulum ante ipsum primis in faucibus orci luctus','2023-03-13 00:03:49',25,2);
INSERT INTO AuthenticatorListingNotes(noteId,noteComment,timePosted,listingId,authenticatorId) VALUES (25,'odio odio elementum eu interdum eu tincidunt in leo maecenas pulvinar lobortis est phasellus sit amet erat nulla tempus vivamus in felis eu sapien cursus vestibulum proin eu mi nulla ac enim in tempor turpis nec euismod scelerisque quam turpis adipiscing lorem vitae mattis nibh ligula nec sem duis aliquam convallis nunc proin at','2023-02-12 15:38:43',394,1);
INSERT INTO AuthenticatorListingNotes(noteId,noteComment,timePosted,listingId,authenticatorId) VALUES (26,'arcu sed augue aliquam erat volutpat in congue etiam justo etiam pretium iaculis justo in hac habitasse platea dictumst etiam faucibus cursus urna ut tellus nulla ut erat id mauris vulputate elementum nullam varius nulla facilisi cras non velit nec nisi vulputate nonummy maecenas tincidunt lacus at velit vivamus vel nulla eget eros elementum pellentesque quisque porta volutpat erat quisque erat eros viverra eget congue eget semper rutrum nulla nunc purus phasellus in felis donec semper sapien a libero nam dui proin leo odio porttitor id consequat in consequat ut nulla sed accumsan felis ut at dolor quis odio','2022-07-29 02:40:48',230,3);
INSERT INTO AuthenticatorListingNotes(noteId,noteComment,timePosted,listingId,authenticatorId) VALUES (27,'sapien cursus vestibulum proin eu mi nulla ac enim in tempor turpis nec euismod scelerisque quam turpis adipiscing lorem vitae mattis nibh ligula nec sem duis aliquam convallis nunc proin at turpis a pede posuere nonummy integer non velit donec diam neque vestibulum eget vulputate ut ultrices vel augue vestibulum','2022-07-04 04:40:33',377,13);
INSERT INTO AuthenticatorListingNotes(noteId,noteComment,timePosted,listingId,authenticatorId) VALUES (28,'curae duis faucibus accumsan odio curabitur convallis duis consequat dui nec nisi volutpat eleifend donec ut dolor morbi vel lectus in quam fringilla rhoncus mauris enim leo rhoncus sed vestibulum sit amet cursus id turpis integer aliquet massa id lobortis convallis tortor risus dapibus augue vel accumsan tellus nisi eu orci mauris lacinia sapien quis libero nullam sit amet turpis elementum ligula vehicula consequat morbi a ipsum integer a nibh in quis justo maecenas rhoncus aliquam lacus morbi quis tortor id nulla ultrices aliquet maecenas leo odio condimentum id luctus nec molestie','2022-10-21 20:00:21',290,18);
INSERT INTO AuthenticatorListingNotes(noteId,noteComment,timePosted,listingId,authenticatorId) VALUES (29,'nulla suspendisse potenti cras in purus eu magna vulputate luctus cum sociis natoque penatibus et magnis dis parturient montes nascetur ridiculus mus vivamus vestibulum sagittis sapien cum sociis natoque penatibus et magnis dis parturient montes nascetur ridiculus mus etiam vel augue vestibulum rutrum rutrum neque aenean auctor gravida sem praesent id massa id nisl venenatis lacinia aenean','2022-08-19 06:38:58',182,17);
INSERT INTO AuthenticatorListingNotes(noteId,noteComment,timePosted,listingId,authenticatorId) VALUES (30,'ipsum ac tellus semper interdum mauris ullamcorper purus sit amet nulla quisque arcu libero rutrum ac lobortis vel dapibus at diam','2023-02-26 04:23:22',42,6);
INSERT INTO AuthenticatorListingNotes(noteId,noteComment,timePosted,listingId,authenticatorId) VALUES (31,'urna ut tellus nulla ut erat id mauris vulputate elementum nullam varius nulla facilisi cras non velit nec nisi vulputate nonummy maecenas tincidunt lacus at velit vivamus vel nulla eget eros elementum pellentesque quisque porta volutpat erat quisque erat eros viverra eget congue eget semper','2023-01-02 15:16:15',380,9);
INSERT INTO AuthenticatorListingNotes(noteId,noteComment,timePosted,listingId,authenticatorId) VALUES (32,'nunc donec quis orci eget orci vehicula condimentum curabitur in libero ut massa volutpat convallis morbi odio odio elementum eu interdum eu tincidunt in leo maecenas pulvinar lobortis est phasellus sit amet erat nulla tempus vivamus in felis eu sapien cursus vestibulum proin eu mi nulla ac enim in tempor turpis nec euismod scelerisque quam turpis adipiscing lorem vitae mattis nibh ligula nec sem duis aliquam convallis nunc','2022-10-17 12:15:04',275,12);
INSERT INTO AuthenticatorListingNotes(noteId,noteComment,timePosted,listingId,authenticatorId) VALUES (33,'fermentum donec ut mauris eget massa tempor convallis nulla neque libero convallis eget eleifend luctus ultricies eu nibh quisque id justo sit amet sapien dignissim vestibulum vestibulum ante ipsum primis in faucibus orci luctus et ultrices posuere cubilia curae nulla dapibus dolor vel est donec odio justo sollicitudin ut suscipit a feugiat et eros vestibulum ac est lacinia nisi venenatis tristique fusce congue','2023-03-14 13:23:59',219,16);
INSERT INTO AuthenticatorListingNotes(noteId,noteComment,timePosted,listingId,authenticatorId) VALUES (34,'vivamus in felis eu sapien cursus vestibulum proin eu mi nulla ac enim in tempor turpis nec euismod scelerisque quam turpis adipiscing lorem vitae mattis nibh ligula nec sem duis aliquam convallis nunc proin at turpis a pede posuere nonummy integer non velit donec diam neque vestibulum eget vulputate ut ultrices vel augue vestibulum ante ipsum primis in faucibus orci luctus et ultrices posuere cubilia curae donec pharetra magna vestibulum','2022-08-23 14:25:18',231,13);
INSERT INTO AuthenticatorListingNotes(noteId,noteComment,timePosted,listingId,authenticatorId) VALUES (35,'id luctus nec molestie sed justo pellentesque viverra pede ac','2022-09-21 01:45:58',128,3);
INSERT INTO AuthenticatorListingNotes(noteId,noteComment,timePosted,listingId,authenticatorId) VALUES (36,'pellentesque eget nunc donec quis orci eget orci vehicula condimentum curabitur in libero ut massa volutpat convallis morbi odio odio elementum eu interdum eu tincidunt in leo maecenas pulvinar lobortis est phasellus sit amet erat nulla','2022-10-30 15:09:36',140,15);
INSERT INTO AuthenticatorListingNotes(noteId,noteComment,timePosted,listingId,authenticatorId) VALUES (37,'accumsan tellus nisi eu orci mauris lacinia sapien quis libero nullam sit amet turpis elementum ligula vehicula consequat morbi a ipsum integer a nibh in quis justo maecenas rhoncus aliquam lacus morbi quis tortor id nulla ultrices aliquet maecenas leo odio condimentum id luctus nec molestie sed justo pellentesque viverra pede ac diam cras pellentesque volutpat dui maecenas tristique est et tempus semper est quam pharetra magna ac consequat metus sapien ut nunc vestibulum ante ipsum primis in faucibus orci luctus et ultrices posuere cubilia curae mauris viverra diam','2023-03-08 02:14:05',333,10);
INSERT INTO AuthenticatorListingNotes(noteId,noteComment,timePosted,listingId,authenticatorId) VALUES (38,'nibh fusce lacus purus aliquet at feugiat non pretium quis lectus suspendisse potenti in eleifend quam a odio in hac habitasse platea dictumst maecenas ut massa quis augue luctus tincidunt nulla mollis molestie lorem quisque ut erat curabitur gravida','2022-06-19 09:18:07',282,19);
INSERT INTO AuthenticatorListingNotes(noteId,noteComment,timePosted,listingId,authenticatorId) VALUES (39,'odio cras mi pede malesuada in imperdiet et commodo vulputate justo in blandit ultrices enim lorem ipsum dolor sit amet consectetuer adipiscing elit proin interdum mauris non ligula pellentesque ultrices phasellus id sapien in sapien iaculis congue vivamus metus arcu adipiscing molestie hendrerit at vulputate vitae nisl aenean lectus pellentesque eget nunc','2022-10-30 04:02:26',305,6);
INSERT INTO AuthenticatorListingNotes(noteId,noteComment,timePosted,listingId,authenticatorId) VALUES (40,'quam sollicitudin vitae consectetuer eget rutrum at lorem integer tincidunt ante vel ipsum praesent blandit lacinia erat vestibulum sed magna at nunc','2022-08-29 12:04:41',85,2);
INSERT INTO AuthenticatorListingNotes(noteId,noteComment,timePosted,listingId,authenticatorId) VALUES (41,'nulla neque libero convallis eget eleifend luctus ultricies eu nibh quisque id justo sit amet sapien dignissim vestibulum vestibulum ante ipsum primis in faucibus orci luctus et ultrices posuere cubilia curae nulla dapibus dolor vel est donec odio justo sollicitudin ut suscipit a feugiat et eros vestibulum ac est lacinia nisi venenatis tristique fusce congue diam id ornare imperdiet sapien','2023-04-16 20:45:05',289,9);
INSERT INTO AuthenticatorListingNotes(noteId,noteComment,timePosted,listingId,authenticatorId) VALUES (42,'metus vitae ipsum aliquam non mauris morbi non lectus aliquam sit amet diam in magna bibendum imperdiet nullam orci pede venenatis non sodales sed tincidunt eu felis fusce posuere felis sed lacus morbi sem mauris laoreet ut rhoncus aliquet pulvinar sed nisl nunc rhoncus dui vel sem sed sagittis nam','2022-04-25 23:22:01',133,6);
INSERT INTO AuthenticatorListingNotes(noteId,noteComment,timePosted,listingId,authenticatorId) VALUES (43,'at turpis a pede posuere nonummy integer non velit donec diam neque vestibulum eget vulputate ut ultrices vel augue vestibulum ante ipsum primis in faucibus orci luctus et','2022-06-03 05:35:49',179,3);
INSERT INTO AuthenticatorListingNotes(noteId,noteComment,timePosted,listingId,authenticatorId) VALUES (44,'amet lobortis sapien sapien non mi integer ac neque duis bibendum morbi non quam nec dui luctus rutrum nulla tellus in sagittis dui vel nisl duis ac nibh fusce lacus purus aliquet at feugiat non pretium quis lectus suspendisse potenti in eleifend quam a odio in hac habitasse platea dictumst maecenas ut massa quis augue luctus tincidunt nulla mollis molestie lorem quisque ut erat curabitur gravida nisi at nibh in hac habitasse platea dictumst aliquam augue quam sollicitudin vitae consectetuer eget rutrum at lorem integer tincidunt ante vel ipsum praesent blandit lacinia erat vestibulum sed','2022-07-03 05:45:25',224,18);
INSERT INTO AuthenticatorListingNotes(noteId,noteComment,timePosted,listingId,authenticatorId) VALUES (45,'pede ac diam cras pellentesque volutpat dui maecenas tristique est et tempus semper est quam pharetra magna ac consequat metus sapien ut nunc vestibulum ante ipsum primis in faucibus orci luctus et ultrices posuere cubilia curae mauris viverra diam vitae quam suspendisse potenti nullam porttitor lacus at turpis donec posuere metus vitae ipsum aliquam non mauris morbi non lectus aliquam sit amet diam in','2023-03-15 20:13:43',341,16);
INSERT INTO AuthenticatorListingNotes(noteId,noteComment,timePosted,listingId,authenticatorId) VALUES (46,'in leo maecenas pulvinar lobortis est phasellus sit amet erat nulla tempus vivamus in felis eu sapien cursus vestibulum proin eu mi nulla ac enim in tempor turpis nec euismod scelerisque quam turpis adipiscing lorem vitae mattis nibh ligula nec sem duis aliquam convallis nunc proin at turpis a pede posuere nonummy integer non velit donec diam neque vestibulum eget vulputate','2022-05-09 19:35:44',183,20);
INSERT INTO AuthenticatorListingNotes(noteId,noteComment,timePosted,listingId,authenticatorId) VALUES (47,'vel nisl duis ac nibh fusce lacus purus aliquet at feugiat non pretium quis lectus suspendisse potenti in eleifend quam a odio in hac habitasse platea dictumst maecenas ut massa quis augue luctus','2022-05-25 07:11:03',165,11);
INSERT INTO AuthenticatorListingNotes(noteId,noteComment,timePosted,listingId,authenticatorId) VALUES (48,'ipsum primis in faucibus orci luctus et ultrices posuere cubilia curae duis faucibus accumsan odio curabitur convallis duis consequat dui nec nisi volutpat eleifend donec ut dolor morbi vel lectus in quam fringilla rhoncus mauris enim leo rhoncus sed vestibulum sit amet cursus id turpis integer aliquet massa id lobortis convallis tortor risus dapibus augue vel accumsan tellus nisi eu orci','2022-09-03 17:28:41',247,1);
INSERT INTO AuthenticatorListingNotes(noteId,noteComment,timePosted,listingId,authenticatorId) VALUES (49,'orci eget orci vehicula condimentum curabitur in libero ut massa volutpat convallis morbi odio odio elementum eu interdum','2022-08-26 01:23:55',188,5);
INSERT INTO AuthenticatorListingNotes(noteId,noteComment,timePosted,listingId,authenticatorId) VALUES (50,'eget tincidunt eget tempus vel pede morbi porttitor lorem id ligula suspendisse ornare consequat lectus in est risus auctor sed tristique in tempus sit amet sem fusce consequat nulla nisl nunc nisl duis bibendum felis sed interdum venenatis turpis enim blandit mi in porttitor pede justo eu massa donec dapibus duis at velit eu est congue elementum in hac habitasse platea dictumst morbi vestibulum velit id pretium iaculis diam erat fermentum justo nec condimentum','2023-01-18 22:29:30',322,7);
INSERT INTO AuthenticatorListingNotes(noteId,noteComment,timePosted,listingId,authenticatorId) VALUES (51,'accumsan odio curabitur convallis duis consequat dui nec nisi volutpat eleifend donec ut dolor morbi vel lectus in quam fringilla rhoncus mauris enim leo rhoncus sed vestibulum sit amet cursus id turpis integer aliquet massa id lobortis convallis tortor risus dapibus augue vel accumsan tellus nisi eu orci mauris lacinia sapien quis libero nullam sit amet turpis elementum ligula vehicula consequat morbi a ipsum integer a nibh in quis justo maecenas rhoncus aliquam lacus morbi quis tortor id nulla ultrices aliquet maecenas leo odio condimentum id luctus nec molestie sed justo pellentesque viverra pede ac diam cras pellentesque volutpat','2022-09-08 02:46:23',146,16);
INSERT INTO AuthenticatorListingNotes(noteId,noteComment,timePosted,listingId,authenticatorId) VALUES (52,'erat id mauris vulputate elementum nullam varius nulla facilisi cras non velit nec nisi vulputate nonummy maecenas tincidunt lacus at velit vivamus vel nulla eget eros elementum pellentesque quisque porta volutpat erat quisque erat eros viverra eget congue eget semper rutrum nulla nunc purus phasellus in felis donec semper sapien a libero nam dui proin leo odio porttitor id consequat in consequat ut nulla sed accumsan felis ut at dolor quis odio consequat varius integer ac leo pellentesque ultrices mattis odio donec vitae nisi nam ultrices libero non mattis pulvinar nulla pede ullamcorper augue a suscipit','2022-06-15 01:18:06',272,11);
INSERT INTO AuthenticatorListingNotes(noteId,noteComment,timePosted,listingId,authenticatorId) VALUES (53,'lobortis ligula sit amet eleifend pede libero quis orci nullam molestie nibh in lectus pellentesque at nulla suspendisse potenti cras in purus eu magna vulputate luctus cum sociis natoque penatibus et magnis dis parturient montes nascetur ridiculus mus vivamus vestibulum sagittis sapien cum sociis natoque penatibus et magnis dis parturient montes nascetur ridiculus mus etiam vel augue vestibulum rutrum rutrum neque aenean auctor gravida sem praesent id massa id nisl venenatis lacinia aenean sit amet','2022-10-22 15:36:45',145,9);
INSERT INTO AuthenticatorListingNotes(noteId,noteComment,timePosted,listingId,authenticatorId) VALUES (54,'vitae nisl aenean lectus pellentesque eget nunc donec quis orci eget orci vehicula condimentum curabitur in libero ut massa volutpat convallis morbi odio odio elementum eu interdum eu tincidunt in leo maecenas pulvinar lobortis est phasellus sit amet erat nulla tempus vivamus in felis eu sapien cursus vestibulum proin eu mi nulla ac enim in tempor turpis nec euismod scelerisque quam turpis adipiscing lorem vitae mattis nibh ligula nec sem duis','2022-05-30 16:49:23',340,14);
INSERT INTO AuthenticatorListingNotes(noteId,noteComment,timePosted,listingId,authenticatorId) VALUES (55,'donec dapibus duis at velit eu est congue elementum in hac habitasse platea dictumst morbi vestibulum velit id pretium iaculis diam erat fermentum justo nec condimentum neque sapien placerat ante nulla justo aliquam quis turpis eget elit sodales scelerisque mauris sit amet eros suspendisse accumsan tortor quis turpis sed ante vivamus tortor duis mattis egestas metus aenean fermentum donec ut mauris eget massa tempor convallis nulla','2022-11-09 07:01:04',55,5);
INSERT INTO AuthenticatorListingNotes(noteId,noteComment,timePosted,listingId,authenticatorId) VALUES (56,'ut dolor morbi vel lectus in quam fringilla rhoncus mauris enim leo rhoncus sed vestibulum sit amet cursus id','2022-09-27 05:18:39',122,17);
INSERT INTO AuthenticatorListingNotes(noteId,noteComment,timePosted,listingId,authenticatorId) VALUES (57,'mi integer ac neque duis bibendum morbi non quam nec dui luctus rutrum nulla tellus in sagittis dui vel nisl duis ac nibh fusce lacus purus aliquet at feugiat non pretium quis lectus suspendisse potenti in eleifend quam a odio in hac habitasse platea dictumst maecenas ut massa quis augue luctus tincidunt nulla mollis molestie lorem quisque ut erat curabitur gravida nisi at nibh in hac habitasse platea dictumst aliquam augue quam sollicitudin vitae consectetuer eget rutrum at lorem integer tincidunt ante vel ipsum praesent blandit lacinia erat vestibulum sed magna at','2022-11-11 02:56:37',171,8);
INSERT INTO AuthenticatorListingNotes(noteId,noteComment,timePosted,listingId,authenticatorId) VALUES (58,'ut volutpat sapien arcu sed augue aliquam erat volutpat in congue etiam justo etiam pretium iaculis justo in hac habitasse platea dictumst etiam faucibus cursus urna ut tellus nulla ut erat id mauris vulputate elementum nullam varius nulla facilisi cras non velit nec nisi vulputate nonummy maecenas tincidunt lacus at velit vivamus vel nulla eget eros elementum pellentesque quisque porta volutpat erat quisque erat eros viverra eget congue eget semper rutrum nulla nunc purus phasellus in felis donec semper sapien a libero nam dui proin leo odio porttitor id consequat in consequat ut nulla sed accumsan felis ut at dolor','2022-12-10 12:21:06',383,12);
INSERT INTO AuthenticatorListingNotes(noteId,noteComment,timePosted,listingId,authenticatorId) VALUES (59,'congue etiam justo etiam pretium iaculis justo in hac habitasse platea dictumst etiam faucibus cursus urna ut tellus nulla ut erat id mauris vulputate elementum nullam varius nulla facilisi cras non velit nec nisi vulputate nonummy maecenas tincidunt lacus at velit vivamus vel nulla eget eros elementum','2022-08-09 23:55:37',102,19);
INSERT INTO AuthenticatorListingNotes(noteId,noteComment,timePosted,listingId,authenticatorId) VALUES (60,'lacinia eget tincidunt eget tempus vel pede morbi porttitor lorem id ligula suspendisse ornare consequat lectus in est risus auctor sed tristique in tempus sit amet sem fusce consequat nulla nisl nunc nisl duis bibendum felis sed interdum venenatis turpis enim blandit mi in porttitor pede justo eu','2022-12-03 09:50:26',293,6);
INSERT INTO AuthenticatorListingNotes(noteId,noteComment,timePosted,listingId,authenticatorId) VALUES (61,'consequat in consequat ut nulla sed accumsan felis ut at dolor quis odio consequat varius integer ac leo pellentesque ultrices mattis odio donec vitae nisi nam ultrices libero non mattis pulvinar nulla pede ullamcorper augue a suscipit nulla elit ac nulla sed vel enim sit amet nunc viverra dapibus nulla suscipit ligula in lacus curabitur at ipsum ac tellus semper interdum mauris ullamcorper purus sit amet nulla quisque arcu','2022-06-23 12:13:56',193,16);
INSERT INTO AuthenticatorListingNotes(noteId,noteComment,timePosted,listingId,authenticatorId) VALUES (62,'in hac habitasse platea dictumst etiam faucibus cursus urna ut tellus nulla ut erat id mauris vulputate elementum nullam varius nulla facilisi cras non velit nec nisi vulputate nonummy maecenas tincidunt lacus at velit vivamus vel nulla eget eros elementum pellentesque quisque porta volutpat erat quisque erat eros viverra eget congue eget semper rutrum nulla nunc purus phasellus in felis donec semper sapien a libero nam dui proin leo odio porttitor id consequat in consequat ut nulla sed accumsan felis ut at dolor quis odio consequat varius integer ac','2022-08-16 10:15:49',245,2);
INSERT INTO AuthenticatorListingNotes(noteId,noteComment,timePosted,listingId,authenticatorId) VALUES (63,'quam nec dui luctus rutrum nulla tellus in sagittis dui vel nisl duis ac nibh fusce lacus purus aliquet at feugiat non pretium quis lectus suspendisse potenti in eleifend quam','2022-11-27 13:27:00',339,15);
INSERT INTO AuthenticatorListingNotes(noteId,noteComment,timePosted,listingId,authenticatorId) VALUES (64,'sodales scelerisque mauris sit amet eros suspendisse accumsan tortor quis turpis sed ante vivamus tortor duis mattis egestas metus aenean fermentum donec ut mauris eget massa tempor convallis nulla neque libero convallis eget eleifend luctus ultricies eu nibh quisque id justo sit amet sapien dignissim vestibulum vestibulum ante ipsum primis in faucibus orci luctus et ultrices posuere cubilia curae nulla dapibus dolor vel est donec odio justo sollicitudin ut suscipit a feugiat et eros vestibulum ac est lacinia nisi venenatis tristique fusce congue diam id ornare imperdiet sapien urna pretium nisl ut volutpat sapien arcu sed augue aliquam','2022-12-25 03:13:48',242,11);
INSERT INTO AuthenticatorListingNotes(noteId,noteComment,timePosted,listingId,authenticatorId) VALUES (65,'nec condimentum neque sapien placerat ante nulla justo aliquam quis turpis eget elit sodales scelerisque mauris sit amet eros suspendisse accumsan tortor quis turpis sed ante vivamus tortor','2023-02-28 10:01:37',359,4);
INSERT INTO AuthenticatorListingNotes(noteId,noteComment,timePosted,listingId,authenticatorId) VALUES (66,'posuere cubilia curae mauris viverra diam vitae quam suspendisse potenti nullam porttitor lacus at','2022-05-05 22:59:37',363,8);
INSERT INTO AuthenticatorListingNotes(noteId,noteComment,timePosted,listingId,authenticatorId) VALUES (67,'praesent lectus vestibulum quam sapien varius ut blandit non interdum in ante vestibulum ante ipsum primis in faucibus orci luctus et ultrices posuere cubilia curae duis faucibus accumsan odio curabitur convallis duis consequat dui nec nisi','2023-03-28 05:03:53',126,13);
INSERT INTO AuthenticatorListingNotes(noteId,noteComment,timePosted,listingId,authenticatorId) VALUES (68,'nisl venenatis lacinia aenean sit amet justo morbi ut odio cras mi pede malesuada in imperdiet et commodo vulputate justo in blandit ultrices enim lorem ipsum dolor sit amet consectetuer adipiscing elit proin interdum mauris non ligula pellentesque ultrices phasellus id sapien in sapien iaculis congue vivamus metus arcu adipiscing molestie hendrerit at','2022-08-06 11:48:54',90,10);
INSERT INTO AuthenticatorListingNotes(noteId,noteComment,timePosted,listingId,authenticatorId) VALUES (69,'ac est lacinia nisi venenatis tristique fusce congue diam id ornare imperdiet sapien urna pretium nisl ut volutpat sapien arcu sed augue aliquam erat volutpat in congue etiam justo etiam pretium iaculis justo in hac habitasse platea dictumst etiam','2022-12-08 19:59:31',365,12);
INSERT INTO AuthenticatorListingNotes(noteId,noteComment,timePosted,listingId,authenticatorId) VALUES (70,'ac nibh fusce lacus purus aliquet at feugiat non pretium quis lectus suspendisse potenti in eleifend quam a odio in hac habitasse platea dictumst maecenas ut massa quis augue luctus tincidunt nulla mollis molestie lorem quisque ut erat curabitur gravida nisi at nibh in hac habitasse platea dictumst aliquam augue quam sollicitudin vitae consectetuer eget rutrum at lorem integer tincidunt ante vel ipsum praesent blandit lacinia erat vestibulum sed magna at nunc commodo placerat praesent blandit nam nulla integer pede justo lacinia eget tincidunt eget tempus vel pede morbi porttitor lorem id ligula suspendisse ornare consequat lectus','2023-03-09 17:24:06',367,19);
INSERT INTO AuthenticatorListingNotes(noteId,noteComment,timePosted,listingId,authenticatorId) VALUES (71,'primis in faucibus orci luctus et ultrices posuere cubilia curae mauris viverra diam','2022-04-23 22:38:53',221,18);
INSERT INTO AuthenticatorListingNotes(noteId,noteComment,timePosted,listingId,authenticatorId) VALUES (72,'lacinia aenean sit amet justo morbi ut odio cras mi pede malesuada in imperdiet et commodo vulputate justo in blandit ultrices enim lorem ipsum dolor sit amet consectetuer adipiscing elit proin interdum mauris non ligula pellentesque ultrices phasellus id sapien in sapien iaculis congue vivamus metus arcu adipiscing molestie hendrerit at vulputate vitae nisl aenean lectus pellentesque eget nunc donec quis orci eget orci vehicula condimentum curabitur in libero ut massa volutpat convallis morbi odio odio elementum eu interdum eu tincidunt in leo maecenas pulvinar lobortis est','2022-08-20 04:02:07',108,15);
INSERT INTO AuthenticatorListingNotes(noteId,noteComment,timePosted,listingId,authenticatorId) VALUES (73,'lorem quisque ut erat curabitur gravida nisi at nibh in hac habitasse platea dictumst aliquam augue quam sollicitudin vitae consectetuer eget rutrum at lorem integer tincidunt ante vel ipsum praesent','2023-01-18 08:38:19',324,14);
INSERT INTO AuthenticatorListingNotes(noteId,noteComment,timePosted,listingId,authenticatorId) VALUES (74,'odio justo sollicitudin ut suscipit a feugiat et eros vestibulum ac est lacinia nisi venenatis tristique fusce congue diam id ornare imperdiet sapien urna pretium nisl ut volutpat sapien arcu sed augue aliquam erat volutpat in congue etiam justo etiam pretium iaculis justo in hac habitasse platea dictumst etiam faucibus cursus urna ut tellus','2023-01-13 07:56:36',152,13);
INSERT INTO AuthenticatorListingNotes(noteId,noteComment,timePosted,listingId,authenticatorId) VALUES (75,'aliquet ultrices erat tortor sollicitudin mi sit amet lobortis sapien sapien non mi integer ac neque duis bibendum morbi non quam nec dui luctus rutrum nulla tellus in sagittis dui vel nisl duis ac nibh fusce lacus purus aliquet at feugiat non','2022-05-09 01:15:37',126,6);
INSERT INTO AuthenticatorListingNotes(noteId,noteComment,timePosted,listingId,authenticatorId) VALUES (76,'curabitur in libero ut massa volutpat convallis morbi odio odio elementum eu interdum eu tincidunt in leo maecenas pulvinar lobortis est phasellus sit amet erat nulla tempus vivamus in felis eu sapien cursus vestibulum proin eu mi nulla ac enim in tempor turpis nec euismod scelerisque quam turpis adipiscing lorem vitae mattis nibh ligula nec sem duis aliquam convallis nunc proin at turpis a pede','2022-07-05 01:10:24',223,16);
INSERT INTO AuthenticatorListingNotes(noteId,noteComment,timePosted,listingId,authenticatorId) VALUES (77,'sit amet consectetuer adipiscing elit proin risus praesent lectus vestibulum quam sapien varius ut blandit non interdum in ante vestibulum ante ipsum primis in faucibus orci luctus et ultrices posuere cubilia curae duis faucibus accumsan odio curabitur convallis duis consequat dui nec nisi volutpat eleifend donec ut dolor morbi vel lectus in quam fringilla rhoncus mauris enim leo rhoncus sed vestibulum sit amet cursus id turpis integer aliquet','2023-02-02 16:57:00',112,8);
INSERT INTO AuthenticatorListingNotes(noteId,noteComment,timePosted,listingId,authenticatorId) VALUES (78,'ante vestibulum ante ipsum primis in faucibus orci luctus et ultrices posuere cubilia curae duis faucibus accumsan odio curabitur convallis duis consequat dui nec nisi volutpat','2023-03-19 02:27:34',13,12);
INSERT INTO AuthenticatorListingNotes(noteId,noteComment,timePosted,listingId,authenticatorId) VALUES (79,'eu sapien cursus vestibulum proin eu mi nulla ac enim in tempor turpis nec euismod scelerisque quam turpis adipiscing lorem vitae mattis nibh ligula nec sem duis aliquam convallis nunc proin at turpis a pede posuere nonummy integer non velit donec diam neque vestibulum eget vulputate ut ultrices vel augue vestibulum ante ipsum primis in faucibus orci luctus et ultrices posuere cubilia curae donec pharetra magna vestibulum aliquet ultrices erat tortor sollicitudin mi sit amet lobortis sapien sapien non mi integer ac neque duis bibendum morbi non quam nec dui luctus','2022-11-28 22:27:04',361,7);
INSERT INTO AuthenticatorListingNotes(noteId,noteComment,timePosted,listingId,authenticatorId) VALUES (80,'elit proin interdum mauris non ligula pellentesque ultrices phasellus id sapien in sapien iaculis congue vivamus metus arcu adipiscing molestie hendrerit at vulputate vitae nisl aenean lectus pellentesque eget nunc donec quis orci eget orci vehicula condimentum curabitur in libero ut massa volutpat','2023-02-10 19:19:09',109,17);
INSERT INTO AuthenticatorListingNotes(noteId,noteComment,timePosted,listingId,authenticatorId) VALUES (81,'diam vitae quam suspendisse potenti nullam porttitor lacus at turpis donec posuere metus vitae ipsum aliquam non mauris morbi non lectus aliquam sit amet diam in magna bibendum imperdiet nullam orci pede venenatis non sodales sed tincidunt eu felis fusce posuere felis sed lacus morbi sem mauris laoreet ut rhoncus aliquet pulvinar sed nisl nunc rhoncus dui vel sem sed sagittis nam congue risus semper porta volutpat quam pede lobortis ligula sit amet eleifend pede libero quis orci nullam molestie','2022-12-27 03:35:33',243,1);
INSERT INTO AuthenticatorListingNotes(noteId,noteComment,timePosted,listingId,authenticatorId) VALUES (82,'accumsan tortor quis turpis sed ante vivamus tortor duis mattis egestas metus aenean fermentum donec ut mauris eget massa','2022-09-23 11:30:12',283,12);
INSERT INTO AuthenticatorListingNotes(noteId,noteComment,timePosted,listingId,authenticatorId) VALUES (83,'tempus vel pede morbi porttitor lorem id ligula suspendisse ornare consequat lectus in est risus auctor sed tristique in tempus sit amet sem fusce consequat nulla nisl nunc nisl duis bibendum felis sed interdum venenatis turpis enim blandit mi in porttitor pede justo eu massa donec dapibus duis at velit eu est congue elementum in hac habitasse platea dictumst morbi vestibulum velit id','2022-06-17 07:19:42',367,13);
INSERT INTO AuthenticatorListingNotes(noteId,noteComment,timePosted,listingId,authenticatorId) VALUES (84,'felis sed lacus morbi sem mauris laoreet ut rhoncus aliquet pulvinar sed nisl nunc rhoncus dui vel sem sed sagittis nam congue risus semper porta volutpat quam pede lobortis ligula sit amet eleifend pede libero quis orci nullam molestie nibh in lectus pellentesque at nulla suspendisse potenti cras in purus eu magna vulputate luctus cum sociis natoque penatibus et magnis dis parturient montes nascetur ridiculus mus vivamus vestibulum sagittis sapien cum sociis natoque penatibus et magnis dis parturient montes nascetur ridiculus mus etiam vel augue vestibulum rutrum rutrum neque aenean auctor gravida sem','2022-08-21 04:01:32',105,7);
INSERT INTO AuthenticatorListingNotes(noteId,noteComment,timePosted,listingId,authenticatorId) VALUES (85,'augue vestibulum rutrum rutrum neque aenean auctor gravida sem praesent id massa id nisl venenatis lacinia aenean sit amet justo morbi ut odio cras mi pede malesuada in imperdiet et commodo vulputate justo in blandit ultrices enim lorem ipsum dolor sit amet consectetuer adipiscing elit proin interdum mauris non ligula pellentesque ultrices phasellus id sapien in sapien iaculis congue vivamus metus arcu adipiscing molestie hendrerit at vulputate vitae nisl aenean lectus pellentesque eget nunc donec quis orci eget orci vehicula condimentum curabitur in libero ut massa volutpat convallis morbi odio odio elementum eu','2022-05-13 11:15:15',196,6);
INSERT INTO AuthenticatorListingNotes(noteId,noteComment,timePosted,listingId,authenticatorId) VALUES (86,'accumsan tortor quis turpis sed ante vivamus tortor duis mattis egestas metus aenean fermentum donec ut mauris eget massa tempor convallis','2022-11-03 08:50:48',276,19);
INSERT INTO AuthenticatorListingNotes(noteId,noteComment,timePosted,listingId,authenticatorId) VALUES (87,'donec posuere metus vitae ipsum aliquam non mauris morbi non lectus aliquam sit amet diam in magna bibendum imperdiet nullam orci pede venenatis non sodales sed tincidunt eu felis fusce posuere felis sed lacus morbi sem mauris laoreet ut rhoncus aliquet pulvinar sed nisl nunc rhoncus dui vel sem sed sagittis nam congue risus semper porta volutpat quam pede lobortis ligula sit amet eleifend pede libero quis orci nullam molestie nibh in lectus pellentesque at nulla suspendisse potenti cras in purus eu magna vulputate luctus cum','2023-03-06 20:34:53',312,4);
INSERT INTO AuthenticatorListingNotes(noteId,noteComment,timePosted,listingId,authenticatorId) VALUES (88,'nullam varius nulla facilisi cras non velit nec nisi vulputate nonummy maecenas tincidunt lacus at velit vivamus vel nulla eget eros elementum pellentesque quisque porta volutpat erat quisque erat eros viverra eget congue eget semper rutrum nulla nunc purus phasellus in felis donec semper sapien a libero nam dui proin leo odio porttitor id consequat in consequat ut nulla sed accumsan felis ut at dolor quis odio consequat varius integer ac leo pellentesque ultrices mattis odio donec vitae','2023-02-16 21:06:39',165,18);
INSERT INTO AuthenticatorListingNotes(noteId,noteComment,timePosted,listingId,authenticatorId) VALUES (89,'volutpat sapien arcu sed augue aliquam erat volutpat in congue etiam justo etiam pretium iaculis justo in hac habitasse platea dictumst etiam faucibus cursus urna ut tellus nulla ut erat id mauris vulputate elementum nullam varius nulla facilisi cras non velit nec nisi vulputate nonummy maecenas tincidunt lacus at velit vivamus vel nulla eget eros elementum pellentesque quisque porta volutpat erat quisque erat eros viverra eget congue eget semper rutrum nulla nunc purus phasellus in felis donec semper sapien','2023-01-15 04:39:46',73,11);
INSERT INTO AuthenticatorListingNotes(noteId,noteComment,timePosted,listingId,authenticatorId) VALUES (90,'leo odio condimentum id luctus nec molestie sed justo pellentesque viverra pede ac diam cras pellentesque volutpat dui maecenas tristique est et tempus semper est quam pharetra magna ac consequat metus sapien ut nunc vestibulum ante ipsum primis in faucibus orci luctus et ultrices posuere cubilia curae mauris viverra diam vitae quam suspendisse potenti nullam porttitor lacus at turpis donec posuere metus vitae ipsum aliquam non mauris morbi non lectus aliquam sit amet diam in magna bibendum imperdiet nullam','2022-07-13 08:03:46',87,8);
INSERT INTO AuthenticatorListingNotes(noteId,noteComment,timePosted,listingId,authenticatorId) VALUES (91,'tempus sit amet sem fusce consequat nulla nisl nunc nisl duis bibendum felis sed interdum venenatis turpis enim blandit mi in porttitor pede justo eu massa donec dapibus duis at velit eu est congue elementum in hac habitasse platea dictumst morbi vestibulum velit id pretium iaculis diam erat fermentum justo nec condimentum neque sapien placerat ante nulla justo aliquam quis turpis','2022-09-28 04:28:08',7,8);
INSERT INTO AuthenticatorListingNotes(noteId,noteComment,timePosted,listingId,authenticatorId) VALUES (92,'pellentesque at nulla suspendisse potenti cras in purus eu magna vulputate luctus cum sociis natoque penatibus et magnis dis parturient montes nascetur ridiculus mus vivamus vestibulum sagittis sapien cum sociis','2022-04-22 01:24:57',176,19);
INSERT INTO AuthenticatorListingNotes(noteId,noteComment,timePosted,listingId,authenticatorId) VALUES (93,'elementum ligula vehicula consequat morbi a ipsum integer a nibh in quis justo maecenas rhoncus aliquam lacus morbi quis tortor id nulla ultrices aliquet maecenas leo odio condimentum id luctus nec molestie sed justo pellentesque viverra pede ac diam cras pellentesque volutpat','2022-07-10 00:12:28',38,2);
INSERT INTO AuthenticatorListingNotes(noteId,noteComment,timePosted,listingId,authenticatorId) VALUES (94,'diam id ornare imperdiet sapien urna pretium nisl ut volutpat sapien arcu sed augue aliquam erat volutpat in congue etiam justo etiam pretium iaculis justo in hac habitasse platea dictumst etiam faucibus cursus urna ut tellus nulla ut erat id mauris vulputate elementum nullam varius nulla facilisi cras non velit nec nisi vulputate nonummy maecenas tincidunt lacus at velit vivamus vel nulla eget eros elementum pellentesque quisque porta volutpat erat quisque erat eros viverra eget congue eget semper rutrum nulla nunc','2022-10-26 07:59:23',190,18);
INSERT INTO AuthenticatorListingNotes(noteId,noteComment,timePosted,listingId,authenticatorId) VALUES (95,'est congue elementum in hac habitasse platea dictumst morbi vestibulum velit id pretium iaculis diam erat fermentum justo nec condimentum neque sapien placerat ante nulla justo aliquam quis turpis eget elit sodales scelerisque mauris sit amet eros suspendisse accumsan tortor quis turpis sed ante vivamus tortor duis mattis egestas metus aenean fermentum donec ut mauris eget massa tempor convallis nulla neque libero convallis eget eleifend luctus ultricies eu nibh quisque id justo sit amet sapien dignissim vestibulum vestibulum ante ipsum','2022-05-07 20:18:11',91,12);
INSERT INTO AuthenticatorListingNotes(noteId,noteComment,timePosted,listingId,authenticatorId) VALUES (96,'quisque id justo sit amet sapien dignissim vestibulum vestibulum ante ipsum primis in faucibus orci luctus et ultrices posuere cubilia curae nulla dapibus dolor vel est donec odio justo sollicitudin ut suscipit a feugiat et eros vestibulum ac est lacinia nisi venenatis tristique fusce congue diam id ornare imperdiet sapien urna pretium nisl ut volutpat sapien arcu sed augue aliquam erat volutpat in congue etiam justo etiam pretium iaculis justo in','2023-02-22 19:33:02',290,10);
INSERT INTO AuthenticatorListingNotes(noteId,noteComment,timePosted,listingId,authenticatorId) VALUES (97,'nisl aenean lectus pellentesque eget nunc donec quis orci eget orci vehicula condimentum curabitur in libero ut massa volutpat convallis morbi odio odio elementum eu interdum eu tincidunt in leo maecenas pulvinar lobortis est phasellus sit amet erat nulla tempus vivamus in felis eu sapien cursus vestibulum proin eu mi nulla ac enim in tempor turpis nec euismod scelerisque quam turpis adipiscing lorem vitae mattis nibh ligula nec sem duis aliquam','2022-11-08 02:26:00',229,3);
INSERT INTO AuthenticatorListingNotes(noteId,noteComment,timePosted,listingId,authenticatorId) VALUES (98,'vel pede morbi porttitor lorem id ligula suspendisse ornare consequat lectus in est risus auctor sed tristique in tempus sit amet sem fusce consequat nulla nisl nunc nisl duis bibendum felis sed interdum venenatis turpis enim blandit mi in porttitor pede justo eu massa donec dapibus duis at velit eu est congue elementum in hac habitasse platea dictumst morbi vestibulum velit id pretium iaculis diam erat fermentum justo nec condimentum neque sapien placerat ante nulla justo aliquam quis turpis eget elit sodales scelerisque mauris sit amet eros suspendisse accumsan','2022-12-07 14:13:56',233,11);
INSERT INTO AuthenticatorListingNotes(noteId,noteComment,timePosted,listingId,authenticatorId) VALUES (99,'aliquet maecenas leo odio condimentum id luctus nec molestie sed justo pellentesque viverra pede ac diam cras','2023-02-17 01:28:00',224,16);
INSERT INTO AuthenticatorListingNotes(noteId,noteComment,timePosted,listingId,authenticatorId) VALUES (100,'at turpis donec posuere metus vitae ipsum aliquam non mauris morbi non lectus aliquam sit amet diam in magna bibendum imperdiet nullam orci pede venenatis non sodales sed tincidunt eu felis fusce posuere felis sed lacus morbi sem mauris laoreet ut rhoncus aliquet pulvinar sed nisl nunc rhoncus dui vel sem sed sagittis nam congue risus semper porta volutpat quam pede lobortis ligula sit amet eleifend pede','2022-08-12 09:42:51',230,13);
INSERT INTO AuthenticatorListingNotes(noteId,noteComment,timePosted,listingId,authenticatorId) VALUES (101,'orci luctus et ultrices posuere cubilia curae nulla dapibus dolor vel est donec odio justo sollicitudin ut suscipit a feugiat et eros vestibulum ac est lacinia nisi venenatis tristique fusce congue diam id ornare imperdiet sapien urna pretium nisl ut volutpat sapien arcu sed augue aliquam erat volutpat in congue etiam justo etiam pretium','2023-02-03 09:53:46',149,4);
INSERT INTO AuthenticatorListingNotes(noteId,noteComment,timePosted,listingId,authenticatorId) VALUES (102,'integer aliquet massa id lobortis convallis tortor risus dapibus augue vel accumsan tellus nisi eu orci mauris lacinia sapien quis libero nullam sit amet turpis elementum ligula vehicula consequat morbi a ipsum integer a nibh in quis justo maecenas rhoncus aliquam lacus morbi quis tortor id nulla ultrices aliquet maecenas leo odio condimentum id luctus nec molestie sed justo pellentesque viverra pede ac diam cras pellentesque volutpat dui maecenas tristique est et','2022-05-20 10:06:24',38,12);
INSERT INTO AuthenticatorListingNotes(noteId,noteComment,timePosted,listingId,authenticatorId) VALUES (103,'vivamus vel nulla eget eros elementum pellentesque quisque porta volutpat erat quisque erat eros viverra eget congue eget semper rutrum nulla nunc purus phasellus in felis donec semper sapien a libero nam dui proin leo odio porttitor id consequat in consequat ut nulla sed accumsan felis ut at dolor quis odio consequat varius integer ac leo pellentesque ultrices mattis odio donec vitae nisi nam ultrices libero non mattis pulvinar nulla pede ullamcorper augue a suscipit nulla elit ac nulla sed vel enim sit amet nunc','2022-10-08 03:34:25',137,2);
INSERT INTO AuthenticatorListingNotes(noteId,noteComment,timePosted,listingId,authenticatorId) VALUES (104,'congue risus semper porta volutpat quam pede lobortis ligula sit amet eleifend pede libero quis orci nullam molestie nibh in lectus pellentesque at nulla suspendisse potenti cras in purus eu magna vulputate luctus cum sociis natoque penatibus et magnis dis parturient montes nascetur ridiculus mus vivamus vestibulum','2022-05-09 09:23:31',379,1);
INSERT INTO AuthenticatorListingNotes(noteId,noteComment,timePosted,listingId,authenticatorId) VALUES (105,'volutpat convallis morbi odio odio elementum eu interdum eu tincidunt in leo maecenas pulvinar lobortis est phasellus sit amet erat nulla tempus vivamus in felis eu sapien cursus vestibulum proin eu mi nulla ac enim in tempor turpis nec euismod scelerisque quam turpis adipiscing lorem vitae mattis nibh ligula nec sem duis aliquam convallis nunc proin at','2022-12-03 00:31:08',218,20);
INSERT INTO AuthenticatorListingNotes(noteId,noteComment,timePosted,listingId,authenticatorId) VALUES (106,'penatibus et magnis dis parturient montes nascetur ridiculus mus etiam vel augue vestibulum rutrum rutrum neque aenean auctor gravida sem praesent id massa id nisl venenatis lacinia aenean sit amet justo morbi ut odio cras mi pede malesuada in imperdiet et commodo vulputate justo in blandit ultrices enim lorem ipsum dolor','2023-03-27 10:32:37',27,9);
INSERT INTO AuthenticatorListingNotes(noteId,noteComment,timePosted,listingId,authenticatorId) VALUES (107,'in magna bibendum imperdiet nullam orci pede venenatis non sodales sed tincidunt eu felis fusce posuere felis sed lacus morbi sem mauris laoreet ut rhoncus aliquet pulvinar sed nisl nunc','2023-03-11 15:55:35',4,16);
INSERT INTO AuthenticatorListingNotes(noteId,noteComment,timePosted,listingId,authenticatorId) VALUES (108,'nisi at nibh in hac habitasse platea dictumst aliquam augue quam sollicitudin vitae consectetuer eget rutrum at lorem integer tincidunt ante vel ipsum praesent blandit lacinia erat vestibulum sed magna at nunc commodo placerat praesent blandit nam nulla integer pede justo lacinia eget tincidunt eget tempus vel pede morbi porttitor lorem id ligula suspendisse ornare consequat lectus in est risus auctor','2022-08-25 21:35:32',7,5);
INSERT INTO AuthenticatorListingNotes(noteId,noteComment,timePosted,listingId,authenticatorId) VALUES (109,'odio donec vitae nisi nam ultrices libero non mattis pulvinar nulla pede ullamcorper augue a suscipit nulla elit ac nulla sed vel enim sit amet nunc viverra dapibus nulla suscipit ligula in lacus curabitur at ipsum ac tellus semper interdum mauris ullamcorper purus sit amet nulla quisque arcu','2022-04-24 03:21:07',318,17);
INSERT INTO AuthenticatorListingNotes(noteId,noteComment,timePosted,listingId,authenticatorId) VALUES (110,'primis in faucibus orci luctus et ultrices posuere cubilia curae mauris viverra diam vitae quam suspendisse potenti nullam porttitor lacus at turpis donec posuere metus vitae ipsum aliquam non mauris','2022-11-02 19:26:45',68,15);
INSERT INTO AuthenticatorListingNotes(noteId,noteComment,timePosted,listingId,authenticatorId) VALUES (111,'lacus morbi quis tortor id nulla ultrices aliquet maecenas leo odio condimentum id luctus nec molestie sed justo pellentesque viverra pede ac diam cras pellentesque volutpat dui maecenas tristique est et tempus semper est','2022-09-26 22:48:29',362,19);
INSERT INTO AuthenticatorListingNotes(noteId,noteComment,timePosted,listingId,authenticatorId) VALUES (112,'congue risus semper porta volutpat quam pede lobortis ligula sit amet eleifend pede libero quis orci nullam molestie nibh','2022-09-20 02:53:23',160,12);
INSERT INTO AuthenticatorListingNotes(noteId,noteComment,timePosted,listingId,authenticatorId) VALUES (113,'cubilia curae nulla dapibus dolor vel est donec odio justo sollicitudin ut suscipit a feugiat et eros vestibulum ac est lacinia nisi venenatis tristique fusce congue diam id ornare imperdiet sapien urna pretium nisl ut volutpat sapien arcu sed augue aliquam erat volutpat in congue etiam justo etiam pretium iaculis justo in hac habitasse platea dictumst etiam faucibus cursus urna ut tellus nulla ut erat id mauris vulputate elementum','2022-10-27 13:36:02',302,18);
INSERT INTO AuthenticatorListingNotes(noteId,noteComment,timePosted,listingId,authenticatorId) VALUES (114,'ante ipsum primis in faucibus orci luctus et ultrices posuere cubilia curae duis faucibus accumsan odio curabitur convallis duis consequat','2023-03-14 15:26:43',4,9);
INSERT INTO AuthenticatorListingNotes(noteId,noteComment,timePosted,listingId,authenticatorId) VALUES (115,'quis orci eget orci vehicula condimentum curabitur in libero ut massa volutpat convallis morbi odio odio elementum eu interdum eu tincidunt in leo maecenas pulvinar lobortis est phasellus sit amet erat nulla tempus vivamus in felis eu sapien cursus vestibulum','2022-12-22 23:44:25',261,2);
INSERT INTO AuthenticatorListingNotes(noteId,noteComment,timePosted,listingId,authenticatorId) VALUES (116,'faucibus orci luctus et ultrices posuere cubilia curae donec pharetra magna vestibulum aliquet ultrices erat tortor sollicitudin mi sit amet lobortis sapien sapien non mi integer ac neque duis bibendum morbi non quam nec dui luctus rutrum nulla tellus in sagittis dui vel nisl duis ac nibh fusce lacus purus aliquet at feugiat non pretium quis lectus suspendisse potenti in eleifend quam a odio in hac habitasse platea','2022-04-22 09:21:16',8,16);
INSERT INTO AuthenticatorListingNotes(noteId,noteComment,timePosted,listingId,authenticatorId) VALUES (117,'viverra pede ac diam cras pellentesque volutpat dui maecenas tristique est et tempus semper est quam pharetra magna ac consequat metus sapien ut nunc vestibulum ante ipsum primis in faucibus orci luctus et ultrices posuere cubilia curae mauris viverra diam vitae quam suspendisse potenti nullam porttitor lacus at turpis donec posuere metus vitae ipsum aliquam non mauris morbi non lectus aliquam sit amet diam in magna bibendum imperdiet nullam orci pede venenatis non sodales','2022-12-06 12:13:24',44,13);
INSERT INTO AuthenticatorListingNotes(noteId,noteComment,timePosted,listingId,authenticatorId) VALUES (118,'nonummy integer non velit donec diam neque vestibulum eget vulputate ut ultrices vel augue vestibulum ante ipsum primis in faucibus orci luctus et ultrices posuere cubilia curae donec pharetra magna vestibulum aliquet ultrices erat tortor sollicitudin mi sit amet lobortis sapien sapien non mi integer ac neque duis bibendum morbi non quam nec dui luctus rutrum nulla tellus in sagittis dui vel nisl duis ac nibh fusce lacus purus aliquet at feugiat non pretium quis lectus suspendisse potenti in eleifend quam a odio in hac habitasse platea dictumst maecenas ut massa quis augue luctus tincidunt nulla','2022-06-05 13:17:03',18,17);
INSERT INTO AuthenticatorListingNotes(noteId,noteComment,timePosted,listingId,authenticatorId) VALUES (119,'ultrices enim lorem ipsum dolor sit amet consectetuer adipiscing elit proin interdum mauris non ligula pellentesque ultrices phasellus id sapien in sapien iaculis congue vivamus metus arcu adipiscing molestie hendrerit at vulputate vitae nisl aenean lectus pellentesque eget nunc donec quis orci eget orci vehicula condimentum curabitur in libero ut massa volutpat convallis morbi odio odio elementum eu interdum eu tincidunt in leo maecenas pulvinar lobortis est phasellus sit amet erat nulla tempus vivamus in felis eu sapien cursus vestibulum proin eu mi nulla ac','2022-08-21 11:13:14',245,14);
INSERT INTO AuthenticatorListingNotes(noteId,noteComment,timePosted,listingId,authenticatorId) VALUES (120,'nulla dapibus dolor vel est donec odio justo sollicitudin ut suscipit a feugiat et eros vestibulum ac est lacinia nisi venenatis tristique fusce congue diam id ornare imperdiet sapien urna pretium nisl ut volutpat sapien arcu sed augue aliquam erat volutpat in congue etiam justo etiam pretium iaculis justo in hac habitasse platea dictumst etiam faucibus cursus urna ut tellus nulla ut erat id mauris vulputate elementum nullam varius nulla facilisi cras non velit nec','2022-09-17 11:52:34',52,6);
INSERT INTO AuthenticatorListingNotes(noteId,noteComment,timePosted,listingId,authenticatorId) VALUES (121,'rutrum rutrum neque aenean auctor gravida sem praesent id massa id nisl venenatis lacinia aenean sit amet justo morbi ut odio cras mi pede malesuada in imperdiet','2022-06-01 20:06:58',206,6);
INSERT INTO AuthenticatorListingNotes(noteId,noteComment,timePosted,listingId,authenticatorId) VALUES (122,'nulla dapibus dolor vel est donec odio justo sollicitudin ut suscipit a feugiat et eros vestibulum ac est lacinia nisi venenatis tristique fusce congue diam id ornare imperdiet sapien urna pretium nisl ut volutpat sapien arcu sed','2023-03-20 20:40:23',313,18);
INSERT INTO AuthenticatorListingNotes(noteId,noteComment,timePosted,listingId,authenticatorId) VALUES (123,'sed interdum venenatis turpis enim blandit mi in porttitor pede justo eu massa donec dapibus duis at velit eu est congue elementum in hac habitasse platea dictumst morbi vestibulum velit id','2023-03-12 15:04:18',225,14);
INSERT INTO AuthenticatorListingNotes(noteId,noteComment,timePosted,listingId,authenticatorId) VALUES (124,'nisi vulputate nonummy maecenas tincidunt lacus at velit vivamus vel nulla eget eros elementum pellentesque quisque porta volutpat erat quisque erat eros viverra','2022-08-23 03:12:02',48,1);
INSERT INTO AuthenticatorListingNotes(noteId,noteComment,timePosted,listingId,authenticatorId) VALUES (125,'gravida nisi at nibh in hac habitasse platea dictumst aliquam','2022-08-01 23:17:58',338,4);
INSERT INTO AuthenticatorListingNotes(noteId,noteComment,timePosted,listingId,authenticatorId) VALUES (126,'tellus in sagittis dui vel nisl duis ac nibh fusce lacus purus aliquet at feugiat non pretium quis lectus suspendisse potenti in eleifend quam a odio in hac habitasse platea dictumst maecenas ut massa quis augue luctus tincidunt nulla mollis molestie lorem quisque ut erat curabitur gravida nisi at nibh in hac habitasse platea dictumst aliquam augue quam sollicitudin vitae consectetuer eget rutrum','2022-06-28 10:49:43',163,8);
INSERT INTO AuthenticatorListingNotes(noteId,noteComment,timePosted,listingId,authenticatorId) VALUES (127,'molestie hendrerit at vulputate vitae nisl aenean lectus pellentesque eget nunc donec quis orci eget orci vehicula condimentum curabitur in libero ut massa volutpat convallis morbi odio odio elementum eu interdum eu tincidunt in leo maecenas pulvinar lobortis est phasellus sit amet erat nulla tempus vivamus in felis eu sapien cursus vestibulum proin eu mi nulla ac enim in tempor turpis nec euismod scelerisque quam turpis adipiscing lorem vitae mattis nibh ligula nec sem','2022-09-18 16:21:33',326,10);
INSERT INTO AuthenticatorListingNotes(noteId,noteComment,timePosted,listingId,authenticatorId) VALUES (128,'porttitor lorem id ligula suspendisse ornare consequat lectus in est risus auctor sed tristique in tempus sit amet sem fusce consequat nulla nisl nunc nisl duis bibendum felis sed interdum venenatis turpis enim blandit mi in porttitor pede justo eu massa','2022-08-16 21:03:32',106,12);
INSERT INTO AuthenticatorListingNotes(noteId,noteComment,timePosted,listingId,authenticatorId) VALUES (129,'hendrerit at vulputate vitae nisl aenean lectus pellentesque eget nunc donec quis orci eget orci vehicula condimentum curabitur in libero ut massa volutpat convallis morbi odio odio elementum eu interdum eu tincidunt in leo maecenas pulvinar lobortis est phasellus sit amet erat nulla tempus vivamus in felis eu sapien cursus vestibulum proin eu mi nulla ac enim','2023-01-19 11:34:52',196,9);
INSERT INTO AuthenticatorListingNotes(noteId,noteComment,timePosted,listingId,authenticatorId) VALUES (130,'luctus nec molestie sed justo pellentesque viverra pede ac diam cras pellentesque volutpat dui maecenas tristique est et tempus semper est quam pharetra magna ac consequat metus sapien ut nunc vestibulum ante ipsum primis in faucibus orci luctus et ultrices posuere cubilia curae mauris viverra diam vitae quam suspendisse potenti nullam porttitor lacus at turpis donec posuere metus vitae ipsum aliquam non mauris morbi non lectus','2022-04-28 01:21:43',201,13);
INSERT INTO AuthenticatorListingNotes(noteId,noteComment,timePosted,listingId,authenticatorId) VALUES (131,'sodales scelerisque mauris sit amet eros suspendisse accumsan tortor quis turpis sed ante vivamus tortor duis mattis egestas metus aenean fermentum donec ut mauris eget massa tempor convallis nulla neque libero convallis eget eleifend luctus ultricies eu nibh quisque id justo sit amet sapien dignissim vestibulum vestibulum ante ipsum primis in faucibus orci luctus et ultrices posuere cubilia curae nulla dapibus dolor vel est donec odio justo sollicitudin ut suscipit a feugiat et eros vestibulum ac est','2022-05-02 06:25:46',321,9);
INSERT INTO AuthenticatorListingNotes(noteId,noteComment,timePosted,listingId,authenticatorId) VALUES (132,'sit amet consectetuer adipiscing elit proin interdum mauris non ligula pellentesque ultrices phasellus id sapien in sapien iaculis congue vivamus metus arcu adipiscing molestie hendrerit at vulputate vitae nisl aenean lectus pellentesque eget nunc donec quis orci eget orci vehicula condimentum curabitur in libero ut massa volutpat convallis morbi odio odio elementum eu interdum eu tincidunt in leo maecenas pulvinar lobortis est phasellus sit amet erat nulla tempus vivamus in felis eu sapien cursus vestibulum proin eu mi nulla ac enim in tempor turpis nec euismod scelerisque quam turpis adipiscing lorem vitae','2023-03-02 19:19:57',337,11);
INSERT INTO AuthenticatorListingNotes(noteId,noteComment,timePosted,listingId,authenticatorId) VALUES (133,'rutrum at lorem integer tincidunt ante vel ipsum praesent blandit lacinia erat vestibulum sed magna at nunc commodo placerat praesent blandit nam nulla integer pede justo lacinia eget tincidunt eget tempus vel pede morbi porttitor lorem id ligula suspendisse ornare consequat lectus in est risus auctor sed tristique in tempus sit amet sem fusce consequat','2023-03-29 14:00:18',1,3);
INSERT INTO AuthenticatorListingNotes(noteId,noteComment,timePosted,listingId,authenticatorId) VALUES (134,'odio in hac habitasse platea dictumst maecenas ut massa quis augue luctus tincidunt nulla mollis molestie lorem quisque ut erat curabitur gravida nisi at nibh in hac habitasse platea dictumst aliquam augue quam sollicitudin vitae consectetuer eget rutrum at lorem integer tincidunt ante vel ipsum praesent blandit lacinia erat vestibulum sed magna at nunc commodo placerat praesent blandit nam nulla integer pede justo','2023-01-13 02:56:28',173,19);
INSERT INTO AuthenticatorListingNotes(noteId,noteComment,timePosted,listingId,authenticatorId) VALUES (135,'at turpis a pede posuere nonummy integer non velit donec diam neque vestibulum eget vulputate ut ultrices vel augue vestibulum ante ipsum primis in faucibus orci luctus et ultrices posuere cubilia curae donec pharetra magna vestibulum aliquet ultrices erat tortor sollicitudin mi sit amet lobortis sapien sapien non mi integer ac neque duis bibendum morbi non quam nec dui luctus rutrum nulla tellus in sagittis dui vel nisl','2023-03-05 14:46:30',218,5);
INSERT INTO AuthenticatorListingNotes(noteId,noteComment,timePosted,listingId,authenticatorId) VALUES (136,'felis sed lacus morbi sem mauris laoreet ut rhoncus aliquet pulvinar sed nisl nunc rhoncus dui vel sem sed sagittis nam congue risus semper porta volutpat quam pede lobortis ligula sit amet eleifend pede libero quis orci nullam molestie nibh in lectus pellentesque at nulla suspendisse potenti cras in purus eu magna vulputate luctus cum sociis natoque penatibus et','2022-08-13 14:56:59',260,12);
INSERT INTO AuthenticatorListingNotes(noteId,noteComment,timePosted,listingId,authenticatorId) VALUES (137,'donec odio justo sollicitudin ut suscipit a feugiat et eros vestibulum ac est lacinia nisi venenatis tristique fusce congue diam id ornare imperdiet sapien urna pretium nisl ut volutpat sapien arcu sed augue aliquam erat volutpat in congue etiam justo etiam pretium iaculis justo in hac habitasse platea dictumst etiam faucibus cursus urna ut tellus nulla ut erat id mauris vulputate elementum nullam varius','2023-03-05 01:22:34',223,16);
INSERT INTO AuthenticatorListingNotes(noteId,noteComment,timePosted,listingId,authenticatorId) VALUES (138,'in purus eu magna vulputate luctus cum sociis natoque penatibus et','2022-08-22 22:02:26',206,17);
INSERT INTO AuthenticatorListingNotes(noteId,noteComment,timePosted,listingId,authenticatorId) VALUES (139,'elementum pellentesque quisque porta volutpat erat quisque erat eros viverra eget congue eget semper rutrum nulla nunc purus phasellus in felis donec semper sapien','2023-01-21 20:42:41',257,13);
INSERT INTO AuthenticatorListingNotes(noteId,noteComment,timePosted,listingId,authenticatorId) VALUES (140,'quam pharetra magna ac consequat metus sapien ut nunc vestibulum ante ipsum primis in faucibus orci luctus','2022-10-15 03:35:30',368,15);
INSERT INTO AuthenticatorListingNotes(noteId,noteComment,timePosted,listingId,authenticatorId) VALUES (141,'habitasse platea dictumst aliquam augue quam sollicitudin vitae consectetuer eget rutrum at lorem integer tincidunt ante vel ipsum praesent blandit lacinia erat vestibulum sed magna at nunc commodo placerat praesent blandit nam nulla integer pede justo lacinia eget tincidunt eget tempus vel pede morbi porttitor lorem id ligula suspendisse ornare consequat lectus in est risus auctor sed tristique in tempus sit amet sem fusce consequat','2022-09-04 10:04:44',22,8);
INSERT INTO AuthenticatorListingNotes(noteId,noteComment,timePosted,listingId,authenticatorId) VALUES (142,'metus arcu adipiscing molestie hendrerit at vulputate vitae nisl aenean lectus pellentesque eget nunc donec quis orci eget orci vehicula condimentum curabitur in libero ut massa volutpat convallis morbi odio odio elementum eu interdum eu tincidunt in leo maecenas pulvinar lobortis est phasellus sit amet erat nulla tempus vivamus in felis eu sapien cursus vestibulum proin eu mi nulla ac enim in tempor turpis nec euismod scelerisque quam turpis adipiscing lorem vitae mattis nibh ligula','2022-09-18 15:01:45',239,4);
INSERT INTO AuthenticatorListingNotes(noteId,noteComment,timePosted,listingId,authenticatorId) VALUES (143,'tortor id nulla ultrices aliquet maecenas leo odio condimentum id luctus nec molestie sed justo pellentesque viverra pede ac diam cras pellentesque volutpat dui maecenas tristique est et tempus semper est quam pharetra magna ac consequat metus sapien ut nunc vestibulum ante ipsum primis in faucibus orci luctus et ultrices posuere cubilia curae mauris viverra diam vitae quam suspendisse potenti nullam porttitor lacus at turpis donec posuere metus vitae ipsum aliquam non','2022-07-25 06:48:18',213,18);
INSERT INTO AuthenticatorListingNotes(noteId,noteComment,timePosted,listingId,authenticatorId) VALUES (144,'erat nulla tempus vivamus in felis eu sapien cursus vestibulum proin eu mi nulla ac enim in tempor turpis nec euismod scelerisque quam turpis adipiscing lorem vitae mattis nibh ligula nec sem duis aliquam convallis nunc proin at turpis a pede posuere nonummy integer non velit donec diam neque vestibulum eget vulputate ut ultrices vel augue vestibulum ante ipsum primis in faucibus orci luctus et ultrices posuere cubilia curae donec pharetra magna vestibulum aliquet ultrices erat tortor sollicitudin mi sit amet lobortis','2022-08-09 20:42:57',40,20);
INSERT INTO AuthenticatorListingNotes(noteId,noteComment,timePosted,listingId,authenticatorId) VALUES (145,'eros elementum pellentesque quisque porta volutpat erat quisque erat eros viverra eget congue eget semper rutrum nulla nunc purus phasellus in felis donec semper sapien a libero nam dui proin leo odio porttitor id consequat in consequat ut nulla sed accumsan felis ut at dolor quis odio consequat varius integer ac leo pellentesque ultrices mattis odio donec vitae nisi nam ultrices','2022-06-20 04:45:04',373,11);
INSERT INTO AuthenticatorListingNotes(noteId,noteComment,timePosted,listingId,authenticatorId) VALUES (146,'dui nec nisi volutpat eleifend donec ut dolor morbi vel lectus in quam fringilla rhoncus mauris enim leo rhoncus sed vestibulum sit amet cursus id turpis integer aliquet massa id lobortis convallis tortor risus dapibus augue vel accumsan tellus nisi eu orci mauris lacinia sapien quis libero nullam sit amet turpis elementum ligula','2023-03-15 08:07:42',168,2);
INSERT INTO AuthenticatorListingNotes(noteId,noteComment,timePosted,listingId,authenticatorId) VALUES (147,'nulla ut erat id mauris vulputate elementum nullam varius nulla facilisi cras non velit nec nisi vulputate nonummy maecenas tincidunt lacus at velit vivamus vel nulla eget eros elementum pellentesque quisque porta volutpat erat quisque erat eros viverra eget congue','2022-08-04 14:39:42',259,5);
INSERT INTO AuthenticatorListingNotes(noteId,noteComment,timePosted,listingId,authenticatorId) VALUES (148,'pellentesque ultrices mattis odio donec vitae nisi nam ultrices libero non mattis pulvinar nulla pede ullamcorper augue a','2023-01-17 13:21:21',209,19);
INSERT INTO AuthenticatorListingNotes(noteId,noteComment,timePosted,listingId,authenticatorId) VALUES (149,'magna bibendum imperdiet nullam orci pede venenatis non sodales sed tincidunt eu felis fusce posuere felis sed lacus morbi sem mauris laoreet ut rhoncus aliquet pulvinar sed nisl nunc rhoncus dui vel sem sed sagittis nam congue risus semper porta volutpat quam pede lobortis ligula sit amet eleifend pede libero quis orci nullam molestie nibh in lectus pellentesque at nulla suspendisse potenti cras in purus eu magna vulputate luctus','2023-03-31 22:21:25',363,1);
INSERT INTO AuthenticatorListingNotes(noteId,noteComment,timePosted,listingId,authenticatorId) VALUES (150,'integer ac leo pellentesque ultrices mattis odio donec vitae nisi nam ultrices libero non mattis pulvinar nulla pede ullamcorper augue a suscipit nulla elit','2022-10-19 14:20:58',327,12);
INSERT INTO AuthenticatorListingNotes(noteId,noteComment,timePosted,listingId,authenticatorId) VALUES (151,'nec sem duis aliquam convallis nunc proin at turpis a pede posuere nonummy integer non velit donec diam neque vestibulum eget vulputate ut ultrices vel augue vestibulum ante ipsum primis in faucibus orci luctus et ultrices posuere cubilia curae donec pharetra magna vestibulum aliquet ultrices erat tortor sollicitudin mi sit amet lobortis sapien sapien non mi integer ac neque duis bibendum morbi non quam nec dui luctus rutrum nulla tellus in sagittis dui vel nisl duis ac nibh','2022-11-17 17:51:14',105,7);
INSERT INTO AuthenticatorListingNotes(noteId,noteComment,timePosted,listingId,authenticatorId) VALUES (152,'etiam faucibus cursus urna ut tellus nulla ut erat id mauris vulputate elementum nullam varius nulla facilisi cras non velit nec nisi vulputate nonummy maecenas tincidunt lacus at velit vivamus vel nulla eget eros elementum pellentesque quisque porta volutpat erat quisque erat eros viverra eget congue eget semper rutrum nulla nunc purus phasellus in felis donec semper sapien a libero nam dui proin','2023-02-16 23:36:55',255,3);
INSERT INTO AuthenticatorListingNotes(noteId,noteComment,timePosted,listingId,authenticatorId) VALUES (153,'quam suspendisse potenti nullam porttitor lacus at turpis donec posuere metus vitae ipsum aliquam non mauris morbi non lectus aliquam sit amet diam in magna bibendum','2023-03-02 21:46:31',184,9);
INSERT INTO AuthenticatorListingNotes(noteId,noteComment,timePosted,listingId,authenticatorId) VALUES (154,'tellus in sagittis dui vel nisl duis ac nibh fusce lacus purus aliquet at feugiat non pretium quis lectus suspendisse potenti in eleifend quam a odio in hac habitasse platea dictumst maecenas','2023-01-20 02:51:20',86,1);
INSERT INTO AuthenticatorListingNotes(noteId,noteComment,timePosted,listingId,authenticatorId) VALUES (155,'mi integer ac neque duis bibendum morbi non quam nec dui luctus rutrum nulla tellus in sagittis dui vel nisl duis ac nibh fusce lacus purus aliquet at feugiat non pretium quis lectus suspendisse potenti in eleifend quam a odio in hac habitasse platea dictumst maecenas ut massa quis augue luctus tincidunt nulla mollis molestie lorem quisque ut erat curabitur gravida nisi at nibh in hac habitasse','2022-11-08 18:55:12',227,19);
INSERT INTO AuthenticatorListingNotes(noteId,noteComment,timePosted,listingId,authenticatorId) VALUES (156,'ante ipsum primis in faucibus orci luctus et ultrices posuere cubilia curae donec pharetra magna vestibulum aliquet ultrices erat tortor sollicitudin mi sit amet lobortis sapien sapien non mi integer ac neque duis bibendum morbi non quam nec dui luctus rutrum nulla tellus in sagittis dui vel nisl duis ac nibh fusce lacus purus aliquet at feugiat','2022-12-07 18:24:09',100,18);
INSERT INTO AuthenticatorListingNotes(noteId,noteComment,timePosted,listingId,authenticatorId) VALUES (157,'platea dictumst maecenas ut massa quis augue luctus tincidunt nulla mollis molestie lorem quisque ut erat curabitur gravida nisi','2023-02-21 09:58:19',169,15);
INSERT INTO AuthenticatorListingNotes(noteId,noteComment,timePosted,listingId,authenticatorId) VALUES (158,'quisque ut erat curabitur gravida nisi at nibh in hac habitasse platea dictumst aliquam augue quam sollicitudin vitae consectetuer eget rutrum at lorem integer tincidunt ante vel ipsum praesent blandit lacinia erat vestibulum sed magna at nunc commodo placerat praesent blandit nam nulla integer pede justo lacinia eget tincidunt eget tempus vel pede morbi porttitor lorem id ligula suspendisse ornare consequat lectus in est risus auctor sed tristique in tempus sit amet sem fusce consequat nulla nisl nunc nisl duis bibendum felis','2022-11-06 23:57:52',298,4);
INSERT INTO AuthenticatorListingNotes(noteId,noteComment,timePosted,listingId,authenticatorId) VALUES (159,'commodo vulputate justo in blandit ultrices enim lorem ipsum dolor sit amet consectetuer adipiscing elit proin interdum mauris non ligula pellentesque ultrices phasellus id sapien','2023-04-05 10:35:39',330,11);
INSERT INTO AuthenticatorListingNotes(noteId,noteComment,timePosted,listingId,authenticatorId) VALUES (160,'est quam pharetra magna ac consequat metus sapien ut nunc vestibulum ante ipsum primis in faucibus orci luctus et ultrices posuere cubilia curae mauris','2022-05-28 23:41:34',36,16);
INSERT INTO AuthenticatorListingNotes(noteId,noteComment,timePosted,listingId,authenticatorId) VALUES (161,'vel accumsan tellus nisi eu orci mauris lacinia sapien quis libero nullam sit amet turpis elementum ligula vehicula consequat morbi a ipsum integer a nibh in quis justo maecenas rhoncus aliquam lacus morbi quis tortor id nulla ultrices aliquet maecenas leo odio condimentum id luctus nec molestie sed justo pellentesque viverra pede ac diam cras pellentesque volutpat dui maecenas tristique est et tempus semper est quam pharetra magna ac consequat metus sapien ut nunc vestibulum ante ipsum primis in faucibus orci luctus et ultrices posuere cubilia curae mauris viverra diam vitae quam suspendisse potenti nullam porttitor','2022-10-03 20:40:17',159,8);
INSERT INTO AuthenticatorListingNotes(noteId,noteComment,timePosted,listingId,authenticatorId) VALUES (162,'in porttitor pede justo eu massa donec dapibus duis at velit eu est congue elementum in hac habitasse platea dictumst','2022-11-02 15:56:48',387,1);
INSERT INTO AuthenticatorListingNotes(noteId,noteComment,timePosted,listingId,authenticatorId) VALUES (163,'sit amet consectetuer adipiscing elit proin risus praesent lectus vestibulum quam sapien varius','2022-08-17 12:31:41',218,13);
INSERT INTO AuthenticatorListingNotes(noteId,noteComment,timePosted,listingId,authenticatorId) VALUES (164,'ante vel ipsum praesent blandit lacinia erat vestibulum sed magna at nunc commodo placerat praesent blandit nam nulla integer pede justo lacinia eget tincidunt eget tempus vel pede morbi porttitor lorem id ligula suspendisse','2022-09-01 16:06:41',300,14);
INSERT INTO AuthenticatorListingNotes(noteId,noteComment,timePosted,listingId,authenticatorId) VALUES (165,'vestibulum quam sapien varius ut blandit non interdum in ante vestibulum ante ipsum primis in faucibus orci luctus et ultrices posuere cubilia curae duis faucibus accumsan odio curabitur convallis duis consequat dui nec nisi volutpat eleifend donec ut dolor morbi vel lectus in quam fringilla rhoncus mauris enim leo rhoncus sed vestibulum sit amet cursus id turpis integer aliquet massa id lobortis convallis tortor risus dapibus augue vel accumsan tellus nisi eu orci mauris lacinia sapien quis libero nullam sit amet turpis elementum ligula vehicula consequat morbi a ipsum integer a nibh in quis justo maecenas','2022-09-23 15:50:23',38,15);
INSERT INTO AuthenticatorListingNotes(noteId,noteComment,timePosted,listingId,authenticatorId) VALUES (166,'sed sagittis nam congue risus semper porta volutpat quam pede lobortis ligula sit amet eleifend pede libero quis orci nullam molestie nibh in lectus pellentesque at nulla suspendisse potenti cras in purus eu magna vulputate luctus cum sociis natoque penatibus et magnis dis parturient montes nascetur ridiculus mus vivamus vestibulum sagittis sapien cum sociis natoque penatibus et magnis dis parturient montes nascetur ridiculus mus etiam vel augue vestibulum rutrum rutrum neque aenean auctor gravida sem praesent id massa id nisl venenatis lacinia aenean sit amet justo morbi ut odio cras mi pede malesuada in imperdiet et commodo vulputate justo in','2023-03-18 20:50:23',281,20);
INSERT INTO AuthenticatorListingNotes(noteId,noteComment,timePosted,listingId,authenticatorId) VALUES (167,'molestie sed justo pellentesque viverra pede ac diam cras pellentesque volutpat dui maecenas tristique est et tempus semper est quam pharetra magna ac consequat metus sapien ut nunc vestibulum ante ipsum primis in','2022-05-28 07:31:40',88,7);
INSERT INTO AuthenticatorListingNotes(noteId,noteComment,timePosted,listingId,authenticatorId) VALUES (168,'elementum nullam varius nulla facilisi cras non velit nec nisi vulputate nonummy maecenas tincidunt lacus at velit vivamus vel nulla eget eros elementum pellentesque quisque porta volutpat erat quisque erat eros viverra eget congue eget semper rutrum nulla nunc purus phasellus in felis donec semper sapien a libero nam dui proin leo odio porttitor id consequat in consequat ut nulla sed accumsan felis ut at dolor quis odio consequat varius integer ac leo pellentesque ultrices mattis odio donec vitae nisi nam ultrices libero non mattis pulvinar nulla pede ullamcorper augue a','2023-02-11 08:05:45',157,17);
INSERT INTO AuthenticatorListingNotes(noteId,noteComment,timePosted,listingId,authenticatorId) VALUES (169,'quis tortor id nulla ultrices aliquet maecenas leo odio condimentum id luctus nec','2023-04-12 11:44:10',234,18);
INSERT INTO AuthenticatorListingNotes(noteId,noteComment,timePosted,listingId,authenticatorId) VALUES (170,'montes nascetur ridiculus mus vivamus vestibulum sagittis sapien cum sociis natoque penatibus et magnis dis parturient montes nascetur ridiculus mus etiam vel augue vestibulum rutrum rutrum neque aenean auctor gravida sem praesent id massa id nisl venenatis lacinia aenean sit amet justo morbi ut odio cras mi pede malesuada in imperdiet et commodo vulputate justo in blandit ultrices enim lorem ipsum dolor sit amet consectetuer adipiscing','2022-08-16 02:22:26',190,5);
INSERT INTO AuthenticatorListingNotes(noteId,noteComment,timePosted,listingId,authenticatorId) VALUES (171,'sapien cum sociis natoque penatibus et magnis dis parturient montes nascetur ridiculus mus etiam vel augue vestibulum rutrum rutrum neque aenean auctor gravida sem praesent id massa id nisl venenatis','2022-09-17 11:49:02',91,9);
INSERT INTO AuthenticatorListingNotes(noteId,noteComment,timePosted,listingId,authenticatorId) VALUES (172,'nullam varius nulla facilisi cras non velit nec nisi vulputate nonummy maecenas tincidunt lacus at velit vivamus vel nulla eget eros elementum pellentesque quisque porta volutpat erat quisque erat eros viverra eget congue eget semper rutrum nulla nunc purus phasellus in felis donec semper sapien a libero nam dui proin leo odio porttitor id consequat in consequat ut nulla sed accumsan felis ut at dolor quis odio consequat varius integer ac leo pellentesque ultrices mattis odio','2023-01-06 23:17:16',317,5);
INSERT INTO AuthenticatorListingNotes(noteId,noteComment,timePosted,listingId,authenticatorId) VALUES (173,'sed interdum venenatis turpis enim blandit mi in porttitor pede justo eu massa donec dapibus duis at velit eu est congue elementum in hac habitasse platea dictumst morbi vestibulum velit id pretium iaculis diam erat fermentum justo nec condimentum neque sapien placerat ante nulla justo aliquam quis turpis eget elit sodales scelerisque mauris sit amet eros suspendisse accumsan tortor quis turpis sed ante vivamus tortor','2022-09-14 17:48:57',53,10);
INSERT INTO AuthenticatorListingNotes(noteId,noteComment,timePosted,listingId,authenticatorId) VALUES (174,'ante ipsum primis in faucibus orci luctus et ultrices posuere cubilia curae mauris viverra diam vitae quam suspendisse potenti nullam porttitor lacus at turpis donec posuere metus vitae ipsum aliquam non mauris morbi non lectus aliquam sit amet diam in magna bibendum imperdiet nullam orci pede venenatis non sodales sed tincidunt eu felis fusce posuere felis sed lacus morbi sem mauris laoreet ut rhoncus aliquet pulvinar sed nisl nunc rhoncus dui vel sem sed sagittis nam congue risus semper porta volutpat quam pede lobortis ligula sit amet eleifend pede libero quis orci nullam molestie nibh in lectus pellentesque at','2023-03-09 12:51:25',93,20);
INSERT INTO AuthenticatorListingNotes(noteId,noteComment,timePosted,listingId,authenticatorId) VALUES (175,'est congue elementum in hac habitasse platea dictumst morbi vestibulum velit id pretium iaculis diam erat fermentum justo nec condimentum neque sapien placerat ante nulla justo aliquam quis turpis eget elit sodales','2022-07-05 17:56:07',308,6);
INSERT INTO AuthenticatorListingNotes(noteId,noteComment,timePosted,listingId,authenticatorId) VALUES (176,'faucibus cursus urna ut tellus nulla ut erat id mauris vulputate elementum nullam varius nulla facilisi cras non velit nec nisi vulputate nonummy maecenas','2022-06-02 08:48:59',108,2);
INSERT INTO AuthenticatorListingNotes(noteId,noteComment,timePosted,listingId,authenticatorId) VALUES (177,'nulla sed vel enim sit amet nunc viverra dapibus nulla suscipit ligula in lacus curabitur at ipsum ac tellus semper interdum mauris ullamcorper purus sit amet nulla quisque arcu libero rutrum ac lobortis vel dapibus','2023-01-12 18:06:04',260,8);
INSERT INTO AuthenticatorListingNotes(noteId,noteComment,timePosted,listingId,authenticatorId) VALUES (178,'magna bibendum imperdiet nullam orci pede venenatis non sodales sed tincidunt eu felis fusce posuere felis sed lacus morbi sem mauris laoreet ut rhoncus aliquet pulvinar sed nisl nunc rhoncus dui vel sem sed sagittis nam congue risus semper porta volutpat quam pede lobortis ligula sit amet eleifend pede libero quis orci nullam','2022-09-18 04:37:21',253,18);
INSERT INTO AuthenticatorListingNotes(noteId,noteComment,timePosted,listingId,authenticatorId) VALUES (179,'amet justo morbi ut odio cras mi pede malesuada in imperdiet et commodo vulputate justo in blandit ultrices enim lorem ipsum dolor sit amet consectetuer adipiscing elit proin interdum mauris non ligula pellentesque ultrices phasellus id','2023-03-29 06:50:15',140,7);
INSERT INTO AuthenticatorListingNotes(noteId,noteComment,timePosted,listingId,authenticatorId) VALUES (180,'elit proin interdum mauris non ligula pellentesque ultrices phasellus id sapien in sapien iaculis congue vivamus metus arcu adipiscing molestie hendrerit at vulputate vitae nisl aenean lectus pellentesque eget nunc donec quis orci eget orci vehicula condimentum curabitur','2022-12-20 14:23:19',69,15);
INSERT INTO AuthenticatorListingNotes(noteId,noteComment,timePosted,listingId,authenticatorId) VALUES (181,'pellentesque ultrices mattis odio donec vitae nisi nam ultrices libero non mattis pulvinar nulla','2023-03-28 10:28:22',261,15);
INSERT INTO AuthenticatorListingNotes(noteId,noteComment,timePosted,listingId,authenticatorId) VALUES (182,'dapibus dolor vel est donec odio justo sollicitudin ut suscipit a feugiat et eros vestibulum ac est lacinia nisi venenatis tristique fusce congue diam id ornare imperdiet sapien urna pretium nisl ut volutpat sapien arcu sed augue aliquam erat volutpat in congue etiam justo etiam pretium iaculis','2022-06-04 20:23:17',28,11);
INSERT INTO AuthenticatorListingNotes(noteId,noteComment,timePosted,listingId,authenticatorId) VALUES (183,'in ante vestibulum ante ipsum primis in faucibus orci luctus et ultrices posuere cubilia curae duis faucibus accumsan odio curabitur convallis duis consequat dui nec nisi volutpat eleifend donec ut dolor morbi vel lectus in quam fringilla rhoncus mauris enim leo rhoncus sed vestibulum sit amet cursus id turpis integer aliquet massa id lobortis convallis tortor risus dapibus augue vel accumsan tellus nisi eu orci mauris','2022-04-23 08:21:31',32,12);
INSERT INTO AuthenticatorListingNotes(noteId,noteComment,timePosted,listingId,authenticatorId) VALUES (184,'proin at turpis a pede posuere nonummy integer non velit donec diam neque vestibulum eget vulputate ut ultrices vel augue vestibulum ante ipsum primis in faucibus orci luctus et ultrices posuere cubilia curae donec pharetra magna vestibulum aliquet ultrices erat tortor sollicitudin mi sit amet lobortis sapien sapien non mi integer ac neque duis bibendum morbi non quam nec dui luctus rutrum nulla tellus in sagittis dui vel nisl duis ac nibh fusce lacus purus aliquet at feugiat','2023-03-15 08:05:20',376,18);
INSERT INTO AuthenticatorListingNotes(noteId,noteComment,timePosted,listingId,authenticatorId) VALUES (185,'maecenas tristique est et tempus semper est quam pharetra magna ac consequat metus sapien ut nunc vestibulum ante ipsum primis in faucibus orci luctus et ultrices posuere cubilia curae mauris viverra diam vitae quam suspendisse potenti nullam porttitor lacus at turpis donec posuere metus vitae ipsum aliquam non mauris morbi non lectus aliquam sit amet diam in magna bibendum imperdiet nullam orci pede venenatis non sodales sed tincidunt eu felis fusce posuere felis sed lacus morbi sem mauris laoreet ut rhoncus aliquet pulvinar sed nisl nunc rhoncus dui vel sem','2023-03-28 04:20:13',181,9);
INSERT INTO AuthenticatorListingNotes(noteId,noteComment,timePosted,listingId,authenticatorId) VALUES (186,'augue vestibulum rutrum rutrum neque aenean auctor gravida sem praesent id massa id nisl venenatis lacinia aenean sit amet justo morbi ut odio cras mi pede malesuada in imperdiet et commodo vulputate justo in blandit ultrices enim lorem ipsum dolor sit amet consectetuer adipiscing elit proin interdum mauris non ligula pellentesque ultrices phasellus id sapien in sapien iaculis congue vivamus metus arcu adipiscing molestie hendrerit at vulputate vitae nisl aenean lectus pellentesque eget nunc donec quis orci eget orci vehicula condimentum curabitur','2022-05-06 22:10:25',25,6);
INSERT INTO AuthenticatorListingNotes(noteId,noteComment,timePosted,listingId,authenticatorId) VALUES (187,'non velit donec diam neque vestibulum eget vulputate ut ultrices vel augue vestibulum ante ipsum','2023-03-29 19:40:25',282,2);
INSERT INTO AuthenticatorListingNotes(noteId,noteComment,timePosted,listingId,authenticatorId) VALUES (188,'nulla tellus in sagittis dui vel nisl duis ac nibh fusce lacus purus aliquet at feugiat non pretium quis lectus suspendisse potenti in eleifend quam a odio in','2023-01-13 04:47:14',70,5);
INSERT INTO AuthenticatorListingNotes(noteId,noteComment,timePosted,listingId,authenticatorId) VALUES (189,'amet lobortis sapien sapien non mi integer ac neque duis bibendum morbi non quam nec dui luctus rutrum nulla tellus in sagittis dui vel nisl duis ac nibh fusce lacus purus aliquet at feugiat non pretium quis lectus suspendisse potenti in eleifend quam a odio in hac habitasse platea dictumst maecenas ut massa quis augue luctus tincidunt nulla mollis molestie lorem quisque ut erat curabitur gravida nisi at nibh in hac habitasse platea dictumst aliquam augue quam sollicitudin vitae consectetuer eget rutrum','2022-12-05 20:14:25',105,10);
INSERT INTO AuthenticatorListingNotes(noteId,noteComment,timePosted,listingId,authenticatorId) VALUES (190,'curabitur in libero ut massa volutpat convallis morbi odio odio elementum eu interdum eu tincidunt in leo maecenas pulvinar lobortis est phasellus sit amet erat nulla tempus vivamus in felis eu sapien cursus vestibulum proin eu mi nulla ac enim in tempor turpis nec euismod scelerisque quam turpis adipiscing lorem vitae mattis nibh ligula nec sem','2023-04-16 23:36:23',390,20);
INSERT INTO AuthenticatorListingNotes(noteId,noteComment,timePosted,listingId,authenticatorId) VALUES (191,'hac habitasse platea dictumst etiam faucibus cursus urna ut tellus nulla ut erat id mauris vulputate elementum nullam varius nulla facilisi cras non velit nec nisi','2022-04-26 21:24:43',15,11);
INSERT INTO AuthenticatorListingNotes(noteId,noteComment,timePosted,listingId,authenticatorId) VALUES (192,'ipsum primis in faucibus orci luctus et ultrices posuere cubilia curae mauris viverra diam vitae quam suspendisse potenti nullam porttitor lacus at turpis donec posuere metus vitae ipsum aliquam non mauris morbi non lectus aliquam sit amet diam in magna bibendum imperdiet nullam orci pede venenatis non sodales sed tincidunt eu felis fusce posuere felis','2023-04-04 17:34:18',273,19);
INSERT INTO AuthenticatorListingNotes(noteId,noteComment,timePosted,listingId,authenticatorId) VALUES (193,'vitae nisi nam ultrices libero non mattis pulvinar nulla pede ullamcorper augue a suscipit nulla elit ac nulla sed vel enim sit amet nunc viverra dapibus nulla','2022-05-14 16:18:13',334,13);
INSERT INTO AuthenticatorListingNotes(noteId,noteComment,timePosted,listingId,authenticatorId) VALUES (194,'habitasse platea dictumst aliquam augue quam sollicitudin vitae consectetuer eget rutrum at lorem integer tincidunt ante vel ipsum praesent blandit lacinia erat vestibulum sed magna at nunc commodo placerat praesent blandit nam nulla integer pede justo lacinia eget tincidunt eget tempus vel pede morbi porttitor lorem id ligula suspendisse ornare consequat lectus in est risus auctor sed tristique in tempus sit amet sem fusce consequat nulla nisl nunc nisl duis bibendum felis','2022-12-23 00:43:58',191,14);
INSERT INTO AuthenticatorListingNotes(noteId,noteComment,timePosted,listingId,authenticatorId) VALUES (195,'hac habitasse platea dictumst etiam faucibus cursus urna ut tellus nulla ut erat id mauris vulputate elementum nullam varius nulla facilisi cras non velit nec nisi vulputate nonummy maecenas tincidunt lacus at velit vivamus vel nulla eget eros elementum pellentesque quisque porta volutpat erat quisque erat eros viverra eget congue eget semper rutrum nulla nunc purus phasellus in','2022-09-23 15:42:35',335,4);
INSERT INTO AuthenticatorListingNotes(noteId,noteComment,timePosted,listingId,authenticatorId) VALUES (196,'posuere metus vitae ipsum aliquam non mauris morbi non lectus aliquam sit amet diam in magna bibendum imperdiet nullam orci pede venenatis non sodales sed tincidunt eu felis fusce posuere felis sed','2023-03-09 12:28:53',381,1);
INSERT INTO AuthenticatorListingNotes(noteId,noteComment,timePosted,listingId,authenticatorId) VALUES (197,'erat vestibulum sed magna at nunc commodo placerat praesent blandit nam nulla integer pede justo lacinia eget tincidunt eget tempus vel pede morbi porttitor lorem id ligula suspendisse ornare','2022-06-02 05:13:09',93,16);
INSERT INTO AuthenticatorListingNotes(noteId,noteComment,timePosted,listingId,authenticatorId) VALUES (198,'arcu sed augue aliquam erat volutpat in congue etiam justo etiam pretium iaculis justo in hac habitasse platea dictumst etiam faucibus cursus urna ut tellus nulla ut erat id mauris vulputate elementum nullam varius nulla facilisi cras non velit nec nisi vulputate nonummy maecenas tincidunt lacus at velit vivamus vel nulla eget eros elementum pellentesque quisque porta volutpat erat quisque erat eros viverra eget congue eget semper rutrum nulla nunc purus phasellus in felis donec semper sapien a libero nam dui proin leo odio porttitor id consequat in consequat ut nulla sed accumsan felis','2022-07-10 10:31:47',331,17);
INSERT INTO AuthenticatorListingNotes(noteId,noteComment,timePosted,listingId,authenticatorId) VALUES (199,'porttitor lorem id ligula suspendisse ornare consequat lectus in est risus auctor sed tristique in tempus sit amet sem fusce consequat nulla nisl nunc nisl duis bibendum felis sed interdum venenatis turpis enim blandit mi in porttitor pede justo eu massa donec dapibus duis at velit eu est congue elementum in hac habitasse platea dictumst morbi vestibulum velit','2022-10-05 07:42:05',97,6);
INSERT INTO AuthenticatorListingNotes(noteId,noteComment,timePosted,listingId,authenticatorId) VALUES (200,'et ultrices posuere cubilia curae donec pharetra magna vestibulum aliquet ultrices erat tortor sollicitudin mi sit amet lobortis','2022-06-07 21:03:15',134,15);

-- Seller Reviews --

INSERT INTO SellerReviews(reviewId,likes,dislikes,timePosted,reviewComment,buyerId,sellerId) VALUES (1,9,3,'2022-11-26 08:06:03','ipsum dolor sit amet consectetuer adipiscing elit proin interdum mauris non ligula pellentesque ultrices phasellus id sapien in sapien iaculis congue vivamus metus arcu adipiscing molestie hendrerit at vulputate vitae nisl',31,48);
INSERT INTO SellerReviews(reviewId,likes,dislikes,timePosted,reviewComment,buyerId,sellerId) VALUES (2,10,3,'2022-04-20 23:07:19','faucibus orci luctus et ultrices posuere cubilia curae donec pharetra magna vestibulum aliquet ultrices erat tortor sollicitudin mi sit amet lobortis sapien sapien non mi integer ac neque duis bibendum morbi non quam nec dui luctus rutrum nulla tellus in sagittis dui vel nisl duis ac nibh fusce lacus purus aliquet at feugiat non pretium quis lectus suspendisse potenti in eleifend quam a odio in hac habitasse platea dictumst maecenas ut massa quis augue luctus tincidunt nulla mollis molestie lorem',56,89);
INSERT INTO SellerReviews(reviewId,likes,dislikes,timePosted,reviewComment,buyerId,sellerId) VALUES (3,3,1,'2022-07-14 16:56:22','ultrices phasellus id sapien in sapien iaculis congue vivamus metus arcu adipiscing molestie hendrerit at vulputate vitae nisl aenean lectus pellentesque eget nunc donec quis orci eget orci vehicula condimentum curabitur in libero ut massa volutpat convallis morbi odio odio elementum eu interdum eu tincidunt in leo maecenas pulvinar lobortis est phasellus sit amet erat nulla tempus vivamus in felis eu sapien cursus vestibulum proin eu mi nulla ac enim in tempor turpis nec',58,68);
INSERT INTO SellerReviews(reviewId,likes,dislikes,timePosted,reviewComment,buyerId,sellerId) VALUES (4,4,2,'2023-02-17 13:41:50','sodales scelerisque mauris sit amet eros suspendisse accumsan tortor quis turpis sed ante vivamus tortor duis mattis egestas metus aenean fermentum donec ut mauris eget massa tempor convallis nulla neque libero convallis eget eleifend luctus ultricies eu nibh quisque id justo sit amet sapien dignissim vestibulum vestibulum ante ipsum primis in faucibus orci luctus et ultrices posuere cubilia curae nulla dapibus dolor vel est donec odio justo sollicitudin ut suscipit a feugiat et eros vestibulum ac est lacinia nisi',36,99);
INSERT INTO SellerReviews(reviewId,likes,dislikes,timePosted,reviewComment,buyerId,sellerId) VALUES (5,8,3,'2022-08-02 12:42:16','in imperdiet et commodo vulputate justo in blandit ultrices enim lorem ipsum dolor sit amet consectetuer adipiscing elit proin interdum mauris non ligula pellentesque ultrices phasellus id sapien in sapien iaculis congue vivamus metus arcu adipiscing molestie hendrerit at vulputate vitae nisl aenean lectus pellentesque eget nunc donec quis orci eget orci',67,85);
INSERT INTO SellerReviews(reviewId,likes,dislikes,timePosted,reviewComment,buyerId,sellerId) VALUES (6,4,1,'2022-12-12 00:16:56','sem fusce consequat nulla nisl nunc nisl duis bibendum felis sed interdum venenatis turpis enim',15,70);
INSERT INTO SellerReviews(reviewId,likes,dislikes,timePosted,reviewComment,buyerId,sellerId) VALUES (7,1,2,'2023-03-03 18:25:05','libero convallis eget eleifend luctus ultricies eu nibh quisque id justo sit amet sapien dignissim vestibulum vestibulum ante ipsum primis in faucibus orci luctus et ultrices posuere cubilia curae nulla dapibus dolor vel est donec odio justo sollicitudin ut suscipit a feugiat et eros vestibulum ac est lacinia',84,1);
INSERT INTO SellerReviews(reviewId,likes,dislikes,timePosted,reviewComment,buyerId,sellerId) VALUES (8,9,2,'2022-06-06 07:37:23','rutrum nulla tellus in sagittis dui vel nisl duis ac nibh fusce lacus purus aliquet at feugiat non pretium quis lectus suspendisse potenti in eleifend quam a odio in hac habitasse platea dictumst maecenas ut massa quis augue luctus tincidunt nulla mollis molestie lorem quisque ut erat curabitur gravida nisi at nibh in hac habitasse platea dictumst aliquam augue quam sollicitudin vitae consectetuer eget rutrum at lorem integer tincidunt ante vel ipsum praesent blandit lacinia erat vestibulum sed magna at nunc commodo placerat praesent',51,52);
INSERT INTO SellerReviews(reviewId,likes,dislikes,timePosted,reviewComment,buyerId,sellerId) VALUES (9,5,1,'2022-12-13 11:14:16','justo in hac habitasse platea dictumst etiam faucibus cursus urna ut tellus nulla ut erat id mauris vulputate elementum nullam varius nulla facilisi cras non velit nec nisi vulputate nonummy maecenas tincidunt lacus',2,1);
INSERT INTO SellerReviews(reviewId,likes,dislikes,timePosted,reviewComment,buyerId,sellerId) VALUES (10,5,3,'2023-03-03 16:38:14','nunc nisl duis bibendum felis sed interdum venenatis turpis enim blandit mi in porttitor pede justo eu massa donec dapibus duis at velit eu est congue elementum in hac habitasse platea dictumst morbi vestibulum velit id pretium iaculis diam erat fermentum justo',39,81);
INSERT INTO SellerReviews(reviewId,likes,dislikes,timePosted,reviewComment,buyerId,sellerId) VALUES (11,5,4,'2022-05-11 17:36:00','in hac habitasse platea dictumst etiam faucibus cursus urna ut tellus nulla ut erat id mauris vulputate elementum nullam varius nulla facilisi cras non velit nec nisi vulputate nonummy maecenas tincidunt lacus at velit vivamus vel nulla eget eros elementum pellentesque quisque porta volutpat erat quisque erat eros viverra eget congue eget semper rutrum nulla nunc purus phasellus in felis donec semper sapien a libero nam dui proin leo odio porttitor id consequat in consequat ut nulla sed accumsan felis ut at dolor',14,53);
INSERT INTO SellerReviews(reviewId,likes,dislikes,timePosted,reviewComment,buyerId,sellerId) VALUES (12,10,3,'2022-06-24 12:05:06','pulvinar sed nisl nunc rhoncus dui vel sem sed sagittis nam congue risus semper porta volutpat quam pede lobortis ligula sit amet eleifend pede libero quis orci nullam molestie nibh in lectus pellentesque at nulla suspendisse potenti cras in purus eu magna vulputate luctus cum sociis natoque penatibus et magnis dis parturient montes nascetur ridiculus mus vivamus vestibulum sagittis sapien cum sociis natoque penatibus et magnis dis parturient montes nascetur ridiculus mus etiam vel augue vestibulum rutrum rutrum neque aenean auctor gravida sem praesent id massa id nisl venenatis lacinia aenean sit amet justo morbi ut odio',17,81);
INSERT INTO SellerReviews(reviewId,likes,dislikes,timePosted,reviewComment,buyerId,sellerId) VALUES (13,8,5,'2022-10-21 20:04:17','at lorem integer tincidunt ante vel ipsum praesent blandit lacinia erat vestibulum sed magna at nunc commodo placerat praesent blandit nam nulla integer pede justo lacinia eget tincidunt eget tempus vel pede morbi porttitor lorem id ligula suspendisse ornare consequat lectus in est risus auctor sed tristique in tempus sit amet sem fusce consequat nulla nisl nunc nisl duis bibendum felis sed interdum venenatis turpis enim blandit mi in porttitor pede justo eu massa donec dapibus duis at velit eu est congue elementum in hac habitasse platea dictumst morbi vestibulum velit id pretium iaculis diam erat fermentum justo nec condimentum',97,83);
INSERT INTO SellerReviews(reviewId,likes,dislikes,timePosted,reviewComment,buyerId,sellerId) VALUES (14,6,2,'2022-09-14 04:09:31','adipiscing elit proin risus praesent lectus vestibulum quam sapien varius ut blandit non interdum in ante vestibulum ante ipsum primis in faucibus orci luctus et ultrices posuere cubilia curae duis faucibus accumsan odio curabitur convallis duis consequat dui nec nisi volutpat eleifend donec ut dolor morbi vel lectus in quam fringilla rhoncus mauris enim',4,91);
INSERT INTO SellerReviews(reviewId,likes,dislikes,timePosted,reviewComment,buyerId,sellerId) VALUES (15,2,2,'2022-07-12 17:41:45','faucibus orci luctus et ultrices posuere cubilia curae donec pharetra magna vestibulum aliquet ultrices erat tortor sollicitudin mi sit amet lobortis sapien sapien non mi integer ac neque duis bibendum morbi non quam nec dui luctus rutrum nulla tellus in sagittis dui vel nisl duis ac nibh fusce lacus purus aliquet at feugiat non pretium quis lectus suspendisse potenti in eleifend quam a odio in hac habitasse platea dictumst maecenas ut massa quis augue',50,2);
INSERT INTO SellerReviews(reviewId,likes,dislikes,timePosted,reviewComment,buyerId,sellerId) VALUES (16,5,3,'2022-09-15 07:24:55','volutpat quam pede lobortis ligula sit amet eleifend pede libero quis orci nullam molestie nibh in lectus pellentesque at nulla suspendisse potenti cras in purus eu magna',82,76);
INSERT INTO SellerReviews(reviewId,likes,dislikes,timePosted,reviewComment,buyerId,sellerId) VALUES (17,7,2,'2022-10-17 10:56:48','lacinia nisi venenatis tristique fusce congue diam id ornare imperdiet sapien urna pretium nisl ut volutpat sapien arcu sed augue aliquam erat volutpat in congue etiam justo etiam pretium iaculis justo in hac habitasse platea dictumst etiam faucibus cursus urna ut tellus nulla ut erat id mauris vulputate elementum nullam varius nulla facilisi cras non velit nec nisi vulputate nonummy maecenas tincidunt lacus at velit vivamus vel nulla eget eros elementum pellentesque quisque porta volutpat erat quisque',67,85);
INSERT INTO SellerReviews(reviewId,likes,dislikes,timePosted,reviewComment,buyerId,sellerId) VALUES (18,10,5,'2023-03-11 13:05:37','at turpis donec posuere metus vitae ipsum aliquam non mauris morbi non lectus aliquam sit amet diam in magna bibendum imperdiet nullam orci pede venenatis non sodales sed tincidunt eu felis fusce posuere felis sed lacus morbi sem mauris laoreet ut rhoncus aliquet pulvinar sed nisl nunc rhoncus dui vel sem sed sagittis nam congue risus semper porta volutpat quam pede lobortis ligula sit amet eleifend pede libero quis orci nullam molestie nibh in lectus pellentesque at nulla suspendisse potenti cras',1,23);
INSERT INTO SellerReviews(reviewId,likes,dislikes,timePosted,reviewComment,buyerId,sellerId) VALUES (19,8,5,'2022-09-11 17:30:40','sapien non mi integer ac neque duis bibendum morbi non quam nec dui luctus rutrum nulla tellus in sagittis dui vel nisl duis ac nibh fusce lacus purus aliquet at feugiat non pretium quis lectus suspendisse potenti in eleifend quam a odio in hac habitasse platea dictumst maecenas ut massa quis augue luctus tincidunt nulla mollis molestie lorem quisque ut erat curabitur gravida nisi at nibh in hac habitasse platea dictumst aliquam augue quam sollicitudin vitae consectetuer eget rutrum at lorem integer tincidunt ante vel ipsum praesent blandit lacinia erat vestibulum sed magna at nunc commodo',33,37);
INSERT INTO SellerReviews(reviewId,likes,dislikes,timePosted,reviewComment,buyerId,sellerId) VALUES (20,3,3,'2022-10-29 01:45:48','ac enim in tempor turpis nec euismod scelerisque quam turpis adipiscing lorem vitae mattis nibh ligula nec sem duis aliquam convallis nunc proin at turpis a pede posuere nonummy integer non velit donec diam neque vestibulum eget vulputate ut ultrices vel augue vestibulum ante ipsum primis in faucibus orci luctus et ultrices posuere cubilia curae donec pharetra magna vestibulum aliquet ultrices erat tortor sollicitudin mi sit amet lobortis sapien sapien non mi',41,47);
INSERT INTO SellerReviews(reviewId,likes,dislikes,timePosted,reviewComment,buyerId,sellerId) VALUES (21,7,1,'2022-11-22 09:39:00','eget eleifend luctus ultricies eu nibh quisque id justo sit amet sapien dignissim vestibulum vestibulum ante ipsum primis in faucibus orci luctus et ultrices posuere cubilia curae nulla dapibus dolor vel est donec odio justo sollicitudin ut suscipit a feugiat et eros vestibulum ac est lacinia nisi venenatis tristique fusce congue diam id ornare imperdiet sapien urna pretium nisl ut volutpat sapien arcu sed augue aliquam erat volutpat in congue etiam justo etiam pretium iaculis justo in hac habitasse platea dictumst etiam faucibus cursus urna ut tellus nulla ut erat id mauris vulputate elementum nullam',90,27);
INSERT INTO SellerReviews(reviewId,likes,dislikes,timePosted,reviewComment,buyerId,sellerId) VALUES (22,4,3,'2022-06-04 23:06:01','nulla eget eros elementum pellentesque quisque porta volutpat erat quisque erat eros viverra eget congue eget semper rutrum nulla nunc purus phasellus in felis donec semper sapien a libero nam dui proin leo odio porttitor id consequat in consequat ut nulla sed accumsan felis ut at dolor quis odio consequat varius integer ac leo pellentesque',39,52);
INSERT INTO SellerReviews(reviewId,likes,dislikes,timePosted,reviewComment,buyerId,sellerId) VALUES (23,3,5,'2022-09-27 21:57:10','morbi non quam nec dui luctus rutrum nulla tellus in sagittis dui vel nisl duis ac nibh fusce lacus purus aliquet at feugiat non pretium',35,49);
INSERT INTO SellerReviews(reviewId,likes,dislikes,timePosted,reviewComment,buyerId,sellerId) VALUES (24,10,3,'2022-10-05 17:30:54','sed tincidunt eu felis fusce posuere felis sed lacus morbi sem mauris laoreet ut rhoncus aliquet pulvinar sed nisl nunc rhoncus dui vel sem sed sagittis nam congue risus semper porta volutpat quam pede lobortis ligula sit amet eleifend pede libero quis orci nullam molestie nibh in lectus pellentesque at nulla suspendisse potenti cras in purus eu magna vulputate luctus cum sociis natoque penatibus et magnis dis parturient montes nascetur ridiculus mus vivamus vestibulum sagittis sapien cum sociis natoque penatibus et magnis dis parturient montes nascetur ridiculus mus etiam',52,89);
INSERT INTO SellerReviews(reviewId,likes,dislikes,timePosted,reviewComment,buyerId,sellerId) VALUES (25,5,4,'2022-07-23 04:21:16','at velit vivamus vel nulla eget eros elementum pellentesque quisque porta volutpat erat quisque erat eros viverra eget congue eget semper rutrum nulla nunc purus phasellus in felis donec semper sapien a libero nam dui proin leo odio porttitor id consequat in consequat ut nulla sed accumsan felis ut at dolor quis odio consequat varius integer ac leo pellentesque ultrices mattis odio donec vitae nisi',41,26);
INSERT INTO SellerReviews(reviewId,likes,dislikes,timePosted,reviewComment,buyerId,sellerId) VALUES (26,10,1,'2023-03-03 14:47:16','nunc nisl duis bibendum felis sed interdum venenatis turpis enim blandit mi in porttitor pede justo eu massa donec dapibus duis at velit eu est congue elementum in hac habitasse platea dictumst morbi vestibulum velit id pretium iaculis diam erat fermentum justo nec condimentum neque sapien placerat ante nulla justo aliquam quis turpis eget elit sodales scelerisque mauris sit amet eros suspendisse accumsan tortor quis turpis sed ante vivamus tortor duis mattis egestas metus aenean fermentum',61,64);
INSERT INTO SellerReviews(reviewId,likes,dislikes,timePosted,reviewComment,buyerId,sellerId) VALUES (27,3,4,'2022-08-24 23:07:10','nulla facilisi cras non velit nec nisi vulputate nonummy maecenas tincidunt lacus at velit vivamus vel nulla eget eros elementum pellentesque quisque porta volutpat erat quisque erat eros viverra eget congue eget semper rutrum nulla nunc purus phasellus in felis donec semper sapien a libero nam dui proin leo odio porttitor id consequat in consequat ut nulla sed accumsan felis ut at dolor quis odio consequat varius integer',22,92);
INSERT INTO SellerReviews(reviewId,likes,dislikes,timePosted,reviewComment,buyerId,sellerId) VALUES (28,7,1,'2022-04-28 20:12:50','in faucibus orci luctus et ultrices posuere cubilia curae duis faucibus accumsan odio curabitur convallis duis consequat dui nec nisi volutpat eleifend donec ut dolor morbi vel lectus in quam fringilla rhoncus mauris enim leo rhoncus sed vestibulum sit amet cursus id turpis',89,97);
INSERT INTO SellerReviews(reviewId,likes,dislikes,timePosted,reviewComment,buyerId,sellerId) VALUES (29,3,1,'2023-03-31 20:17:46','tincidunt ante vel ipsum praesent blandit lacinia erat vestibulum sed magna at nunc commodo placerat praesent blandit nam nulla integer pede justo lacinia eget tincidunt eget tempus vel pede morbi porttitor lorem id ligula suspendisse ornare consequat lectus in est risus auctor sed tristique in tempus sit amet sem fusce consequat nulla nisl nunc nisl duis bibendum felis sed interdum venenatis turpis enim blandit mi in porttitor pede justo eu massa donec dapibus duis at velit eu est congue elementum in hac habitasse platea dictumst morbi vestibulum velit id pretium iaculis diam erat fermentum justo nec condimentum neque sapien placerat',83,27);
INSERT INTO SellerReviews(reviewId,likes,dislikes,timePosted,reviewComment,buyerId,sellerId) VALUES (30,7,4,'2022-05-15 14:00:40','felis ut at dolor quis odio consequat varius integer ac leo pellentesque ultrices mattis odio donec vitae nisi nam ultrices libero non mattis pulvinar nulla pede',53,82);
INSERT INTO SellerReviews(reviewId,likes,dislikes,timePosted,reviewComment,buyerId,sellerId) VALUES (31,9,3,'2023-02-03 09:24:14','etiam vel augue vestibulum rutrum rutrum neque aenean auctor gravida sem praesent id massa id nisl venenatis lacinia aenean sit amet justo morbi ut odio cras mi pede malesuada in imperdiet et commodo vulputate justo in blandit ultrices enim lorem ipsum dolor sit amet consectetuer adipiscing elit proin interdum mauris non ligula pellentesque ultrices phasellus id sapien in sapien iaculis congue vivamus metus arcu adipiscing molestie hendrerit at vulputate vitae nisl aenean lectus pellentesque eget nunc donec quis orci eget orci vehicula condimentum curabitur in libero ut massa volutpat convallis morbi odio odio elementum eu interdum eu tincidunt',8,93);
INSERT INTO SellerReviews(reviewId,likes,dislikes,timePosted,reviewComment,buyerId,sellerId) VALUES (32,6,5,'2022-11-14 20:03:50','morbi odio odio elementum eu interdum eu tincidunt in leo maecenas pulvinar lobortis est phasellus sit amet erat nulla tempus vivamus in felis eu sapien cursus vestibulum proin eu mi nulla ac enim in tempor turpis nec euismod scelerisque quam turpis adipiscing lorem vitae mattis nibh ligula nec sem duis aliquam convallis nunc proin at turpis a pede posuere nonummy integer non velit donec diam neque vestibulum eget vulputate ut ultrices vel augue vestibulum ante ipsum primis in faucibus orci luctus et ultrices',55,80);
INSERT INTO SellerReviews(reviewId,likes,dislikes,timePosted,reviewComment,buyerId,sellerId) VALUES (33,6,1,'2022-07-17 06:58:29','erat vestibulum sed magna at nunc commodo placerat praesent blandit nam nulla integer pede justo lacinia eget tincidunt eget tempus vel pede morbi porttitor lorem id ligula suspendisse ornare consequat lectus in est risus auctor sed tristique',35,43);
INSERT INTO SellerReviews(reviewId,likes,dislikes,timePosted,reviewComment,buyerId,sellerId) VALUES (34,1,4,'2022-07-06 18:44:11','odio cras mi pede malesuada in imperdiet et commodo vulputate justo in blandit ultrices enim lorem ipsum dolor sit amet consectetuer adipiscing elit proin interdum mauris non ligula pellentesque ultrices phasellus id sapien in sapien iaculis congue vivamus metus arcu adipiscing molestie hendrerit at vulputate vitae',82,4);
INSERT INTO SellerReviews(reviewId,likes,dislikes,timePosted,reviewComment,buyerId,sellerId) VALUES (35,3,1,'2022-04-26 02:19:21','id consequat in consequat ut nulla sed accumsan felis ut at dolor quis odio consequat varius integer ac leo pellentesque ultrices mattis odio donec vitae nisi',22,3);
INSERT INTO SellerReviews(reviewId,likes,dislikes,timePosted,reviewComment,buyerId,sellerId) VALUES (36,10,3,'2022-07-10 22:25:02','placerat praesent blandit nam nulla integer pede justo lacinia eget tincidunt eget tempus vel pede morbi porttitor lorem id ligula suspendisse ornare consequat lectus in est risus auctor sed tristique in tempus sit amet sem fusce',30,87);
INSERT INTO SellerReviews(reviewId,likes,dislikes,timePosted,reviewComment,buyerId,sellerId) VALUES (37,3,3,'2022-10-02 09:13:33','adipiscing elit proin interdum mauris non ligula pellentesque ultrices phasellus id sapien in sapien iaculis congue vivamus metus arcu adipiscing molestie hendrerit at vulputate vitae nisl aenean lectus pellentesque eget nunc donec quis orci eget orci vehicula condimentum curabitur in libero ut massa volutpat convallis morbi odio odio elementum eu interdum eu tincidunt in leo maecenas pulvinar lobortis est phasellus sit amet erat nulla tempus vivamus in felis eu sapien cursus vestibulum proin',43,61);
INSERT INTO SellerReviews(reviewId,likes,dislikes,timePosted,reviewComment,buyerId,sellerId) VALUES (38,5,5,'2023-04-14 10:01:51','est risus auctor sed tristique in tempus sit amet sem fusce consequat nulla nisl nunc nisl duis bibendum felis sed interdum venenatis turpis enim blandit mi in porttitor pede justo eu massa donec dapibus duis at velit eu est congue elementum in hac habitasse platea dictumst morbi vestibulum velit id pretium iaculis diam erat fermentum justo nec condimentum neque sapien placerat ante nulla justo aliquam quis turpis eget elit',34,62);
INSERT INTO SellerReviews(reviewId,likes,dislikes,timePosted,reviewComment,buyerId,sellerId) VALUES (39,6,5,'2022-07-16 03:52:15','penatibus et magnis dis parturient montes nascetur ridiculus mus etiam vel augue vestibulum rutrum rutrum neque aenean auctor gravida sem praesent id massa id nisl venenatis lacinia aenean sit amet justo morbi ut odio cras mi pede malesuada in imperdiet et',20,34);
INSERT INTO SellerReviews(reviewId,likes,dislikes,timePosted,reviewComment,buyerId,sellerId) VALUES (40,2,2,'2022-08-11 23:26:59','ultrices enim lorem ipsum dolor sit amet consectetuer adipiscing elit proin interdum mauris non ligula pellentesque ultrices phasellus id sapien in sapien iaculis congue vivamus metus arcu adipiscing molestie hendrerit at vulputate vitae nisl aenean lectus pellentesque eget nunc donec quis orci eget orci vehicula condimentum curabitur in libero ut massa volutpat convallis morbi',11,90);
INSERT INTO SellerReviews(reviewId,likes,dislikes,timePosted,reviewComment,buyerId,sellerId) VALUES (41,3,2,'2022-07-05 08:56:29','ultrices vel augue vestibulum ante ipsum primis in faucibus orci luctus et ultrices posuere cubilia curae donec pharetra magna vestibulum aliquet ultrices erat tortor sollicitudin mi sit amet lobortis sapien sapien non mi integer ac neque duis bibendum morbi non quam nec dui luctus rutrum nulla tellus in sagittis dui vel nisl duis ac nibh fusce lacus purus aliquet at feugiat non pretium quis lectus suspendisse potenti in eleifend quam a odio in hac habitasse platea dictumst maecenas ut massa quis augue luctus tincidunt nulla',1,84);
INSERT INTO SellerReviews(reviewId,likes,dislikes,timePosted,reviewComment,buyerId,sellerId) VALUES (42,10,4,'2022-06-29 07:12:47','iaculis congue vivamus metus arcu adipiscing molestie hendrerit at vulputate vitae nisl aenean lectus pellentesque eget nunc donec quis orci eget orci vehicula condimentum curabitur in libero ut massa volutpat convallis morbi odio odio elementum eu interdum eu tincidunt in leo maecenas pulvinar lobortis est phasellus sit amet erat nulla tempus vivamus in felis eu sapien cursus vestibulum proin eu mi nulla ac enim in tempor turpis nec euismod scelerisque quam turpis adipiscing lorem vitae mattis nibh',25,14);
INSERT INTO SellerReviews(reviewId,likes,dislikes,timePosted,reviewComment,buyerId,sellerId) VALUES (43,4,5,'2022-12-03 15:23:38','nunc proin at turpis a pede posuere nonummy integer non velit donec diam neque vestibulum eget vulputate ut ultrices vel augue vestibulum ante ipsum primis in faucibus orci luctus et ultrices posuere cubilia curae donec pharetra magna vestibulum aliquet ultrices erat tortor sollicitudin mi sit amet lobortis',76,61);
INSERT INTO SellerReviews(reviewId,likes,dislikes,timePosted,reviewComment,buyerId,sellerId) VALUES (44,3,2,'2022-04-18 22:09:58','magna ac consequat metus sapien ut nunc vestibulum ante ipsum primis in faucibus orci luctus et ultrices posuere cubilia curae mauris viverra diam vitae quam suspendisse potenti nullam porttitor lacus at turpis donec posuere metus vitae ipsum aliquam non mauris morbi non lectus aliquam sit amet diam in magna bibendum imperdiet nullam orci pede venenatis non sodales sed tincidunt eu felis fusce posuere felis sed lacus morbi sem mauris laoreet ut rhoncus aliquet pulvinar sed nisl nunc rhoncus dui vel sem sed sagittis nam congue risus semper porta volutpat quam',61,56);
INSERT INTO SellerReviews(reviewId,likes,dislikes,timePosted,reviewComment,buyerId,sellerId) VALUES (45,4,1,'2022-10-03 20:04:12','pede posuere nonummy integer non velit donec diam neque vestibulum eget vulputate ut ultrices vel augue vestibulum ante ipsum primis in faucibus orci luctus et ultrices posuere cubilia curae donec pharetra magna vestibulum aliquet ultrices erat tortor sollicitudin mi sit amet lobortis sapien sapien non mi integer ac neque duis bibendum morbi non quam nec dui luctus rutrum nulla tellus in sagittis dui vel nisl duis ac nibh fusce lacus purus aliquet at feugiat non pretium quis lectus suspendisse potenti in eleifend quam a odio in hac habitasse platea dictumst maecenas ut massa quis augue luctus tincidunt',74,49);
INSERT INTO SellerReviews(reviewId,likes,dislikes,timePosted,reviewComment,buyerId,sellerId) VALUES (46,8,3,'2022-05-30 04:50:23','odio justo sollicitudin ut suscipit a feugiat et eros vestibulum ac est lacinia nisi venenatis tristique fusce congue diam id ornare imperdiet sapien urna pretium nisl ut volutpat sapien arcu sed augue aliquam erat volutpat in congue etiam justo etiam pretium iaculis justo in hac habitasse platea dictumst etiam faucibus cursus urna ut tellus nulla ut erat id mauris vulputate elementum nullam varius nulla facilisi cras non',99,32);
INSERT INTO SellerReviews(reviewId,likes,dislikes,timePosted,reviewComment,buyerId,sellerId) VALUES (47,6,3,'2022-06-07 11:41:05','nisl venenatis lacinia aenean sit amet justo morbi ut odio cras mi pede malesuada in imperdiet et commodo vulputate justo in blandit ultrices enim lorem ipsum dolor sit amet consectetuer adipiscing elit proin interdum mauris non ligula pellentesque ultrices phasellus id sapien in sapien iaculis congue vivamus metus arcu adipiscing molestie hendrerit at vulputate vitae nisl aenean lectus pellentesque eget nunc donec quis orci eget orci vehicula condimentum curabitur in libero ut massa volutpat convallis',38,7);
INSERT INTO SellerReviews(reviewId,likes,dislikes,timePosted,reviewComment,buyerId,sellerId) VALUES (48,4,2,'2023-02-21 02:28:15','id ornare imperdiet sapien urna pretium nisl ut volutpat sapien arcu sed augue aliquam erat volutpat in congue etiam justo etiam pretium iaculis justo in hac habitasse platea dictumst etiam faucibus cursus urna ut tellus nulla ut erat id mauris vulputate elementum nullam varius nulla facilisi cras non velit nec nisi vulputate nonummy maecenas tincidunt lacus at velit vivamus vel nulla eget eros elementum pellentesque quisque porta volutpat erat quisque erat eros viverra eget congue eget semper rutrum nulla nunc',41,9);
INSERT INTO SellerReviews(reviewId,likes,dislikes,timePosted,reviewComment,buyerId,sellerId) VALUES (49,6,2,'2022-07-02 03:16:53','posuere cubilia curae nulla dapibus dolor vel est donec odio justo sollicitudin ut suscipit a feugiat et eros vestibulum ac est lacinia nisi venenatis tristique fusce congue diam id ornare imperdiet sapien urna pretium nisl ut volutpat sapien arcu sed augue',18,54);
INSERT INTO SellerReviews(reviewId,likes,dislikes,timePosted,reviewComment,buyerId,sellerId) VALUES (50,3,3,'2022-04-27 20:26:35','vestibulum eget vulputate ut ultrices vel augue vestibulum ante ipsum primis in faucibus orci luctus et ultrices posuere cubilia curae donec pharetra magna vestibulum aliquet ultrices',53,63);

-- Seller Review Responses --

INSERT INTO SellerReviewResponses(responseId,responseComment,timePosted,reviewId) VALUES (1,'velit eu est congue elementum in hac habitasse platea dictumst morbi vestibulum velit id pretium iaculis diam erat fermentum justo nec','2022-07-19 14:20:08',15);
INSERT INTO SellerReviewResponses(responseId,responseComment,timePosted,reviewId) VALUES (2,'ut volutpat sapien arcu sed augue aliquam erat volutpat in congue etiam justo etiam pretium iaculis justo in hac habitasse platea dictumst etiam faucibus cursus urna ut tellus nulla ut erat id mauris vulputate elementum nullam varius nulla facilisi cras non velit nec nisi vulputate nonummy maecenas tincidunt lacus at velit vivamus vel nulla eget eros elementum pellentesque quisque porta volutpat erat quisque erat eros viverra eget congue eget semper rutrum nulla nunc purus phasellus in felis donec semper sapien a libero nam dui proin leo odio porttitor','2023-03-10 12:42:57',6);
INSERT INTO SellerReviewResponses(responseId,responseComment,timePosted,reviewId) VALUES (3,'dolor quis odio consequat varius integer ac leo pellentesque ultrices mattis odio donec vitae nisi nam ultrices libero non mattis pulvinar nulla pede ullamcorper augue a suscipit nulla elit ac nulla sed vel enim sit amet nunc viverra dapibus nulla suscipit ligula in lacus curabitur at ipsum ac','2023-02-07 01:06:15',37);
INSERT INTO SellerReviewResponses(responseId,responseComment,timePosted,reviewId) VALUES (4,'sapien varius ut blandit non interdum in ante vestibulum ante ipsum primis in faucibus orci luctus','2023-03-12 05:52:38',36);
INSERT INTO SellerReviewResponses(responseId,responseComment,timePosted,reviewId) VALUES (5,'vestibulum ante ipsum primis in faucibus orci luctus et ultrices posuere cubilia curae nulla dapibus dolor vel est donec odio justo sollicitudin ut suscipit a feugiat et eros vestibulum ac est lacinia nisi venenatis tristique fusce congue diam id ornare imperdiet sapien urna pretium nisl ut volutpat sapien arcu sed','2022-10-13 02:16:36',27);
INSERT INTO SellerReviewResponses(responseId,responseComment,timePosted,reviewId) VALUES (6,'quis orci eget orci vehicula condimentum curabitur in libero ut massa volutpat convallis morbi odio odio elementum eu interdum eu tincidunt in leo maecenas pulvinar lobortis est phasellus sit amet erat nulla tempus vivamus in felis eu sapien cursus vestibulum proin eu mi nulla ac enim in tempor turpis nec euismod scelerisque quam turpis adipiscing lorem vitae mattis nibh ligula nec sem duis aliquam convallis nunc','2023-02-03 07:25:50',27);
INSERT INTO SellerReviewResponses(responseId,responseComment,timePosted,reviewId) VALUES (7,'donec diam neque vestibulum eget vulputate ut ultrices vel augue vestibulum ante ipsum primis in faucibus orci luctus et ultrices posuere cubilia curae donec pharetra magna vestibulum aliquet ultrices erat tortor sollicitudin mi sit amet lobortis sapien sapien non mi integer ac neque duis bibendum morbi non quam nec dui luctus rutrum nulla tellus in sagittis dui vel nisl duis ac nibh fusce lacus purus aliquet at feugiat non pretium quis lectus suspendisse potenti','2022-07-06 02:55:19',7);
INSERT INTO SellerReviewResponses(responseId,responseComment,timePosted,reviewId) VALUES (8,'ut odio cras mi pede malesuada in imperdiet et commodo vulputate justo in blandit ultrices enim lorem ipsum dolor sit amet consectetuer adipiscing elit proin interdum mauris non ligula pellentesque ultrices phasellus id sapien in sapien iaculis congue vivamus metus arcu adipiscing molestie hendrerit at vulputate vitae nisl aenean lectus pellentesque eget nunc donec quis orci eget orci vehicula condimentum curabitur in libero ut massa volutpat convallis morbi odio odio elementum eu interdum eu tincidunt in leo maecenas pulvinar lobortis est phasellus sit amet erat nulla tempus vivamus in felis eu sapien cursus vestibulum proin eu mi nulla ac enim','2022-07-04 01:27:49',17);
INSERT INTO SellerReviewResponses(responseId,responseComment,timePosted,reviewId) VALUES (9,'massa id lobortis convallis tortor risus dapibus augue vel accumsan tellus nisi eu orci mauris lacinia sapien quis libero nullam sit amet turpis elementum ligula vehicula consequat','2023-03-26 07:26:15',3);
INSERT INTO SellerReviewResponses(responseId,responseComment,timePosted,reviewId) VALUES (10,'elit ac nulla sed vel enim sit amet nunc viverra dapibus nulla suscipit ligula in lacus curabitur at ipsum ac tellus semper interdum mauris ullamcorper purus sit amet nulla quisque arcu libero rutrum ac','2022-11-09 19:15:39',1);
INSERT INTO SellerReviewResponses(responseId,responseComment,timePosted,reviewId) VALUES (11,'sociis natoque penatibus et magnis dis parturient montes nascetur ridiculus mus vivamus vestibulum sagittis sapien cum sociis natoque penatibus et magnis dis parturient montes nascetur ridiculus mus etiam vel augue vestibulum rutrum rutrum neque aenean auctor gravida sem praesent id massa id nisl venenatis lacinia aenean sit amet justo morbi ut odio cras mi pede malesuada in imperdiet et commodo vulputate justo in blandit ultrices enim lorem ipsum dolor sit amet consectetuer adipiscing elit proin interdum mauris','2023-03-30 11:33:17',9);
INSERT INTO SellerReviewResponses(responseId,responseComment,timePosted,reviewId) VALUES (12,'luctus et ultrices posuere cubilia curae nulla dapibus dolor vel est donec odio justo sollicitudin ut suscipit a feugiat et eros vestibulum ac est lacinia nisi venenatis tristique fusce congue diam id ornare imperdiet sapien urna pretium nisl ut volutpat sapien','2022-05-18 13:49:22',18);
INSERT INTO SellerReviewResponses(responseId,responseComment,timePosted,reviewId) VALUES (13,'lectus aliquam sit amet diam in magna bibendum imperdiet nullam orci pede venenatis non sodales sed','2022-06-01 09:00:09',34);
INSERT INTO SellerReviewResponses(responseId,responseComment,timePosted,reviewId) VALUES (14,'in purus eu magna vulputate luctus cum sociis natoque penatibus et magnis dis parturient montes nascetur ridiculus mus vivamus vestibulum sagittis sapien cum sociis natoque penatibus et magnis dis parturient montes nascetur ridiculus mus etiam vel augue vestibulum rutrum rutrum neque aenean auctor gravida sem praesent id massa id nisl venenatis lacinia aenean sit amet justo morbi ut odio cras mi pede malesuada in imperdiet et commodo vulputate justo in blandit ultrices enim lorem ipsum dolor sit amet consectetuer adipiscing elit proin interdum mauris non ligula pellentesque ultrices phasellus id','2023-02-12 21:05:07',13);
INSERT INTO SellerReviewResponses(responseId,responseComment,timePosted,reviewId) VALUES (15,'ut erat id mauris vulputate elementum nullam varius nulla facilisi cras non velit nec nisi vulputate nonummy maecenas tincidunt lacus at velit vivamus vel nulla eget eros elementum pellentesque quisque porta volutpat erat quisque erat eros viverra eget congue eget semper rutrum nulla nunc purus phasellus in felis donec semper sapien a libero nam dui proin leo odio porttitor id consequat in consequat ut nulla sed accumsan felis ut at dolor quis odio consequat varius integer ac leo pellentesque ultrices mattis odio donec vitae nisi nam ultrices libero non mattis pulvinar nulla pede ullamcorper augue a suscipit nulla elit ac','2023-03-28 12:22:30',15);

-- --